[Licensing::Module] Trying to connect to existing licensing client channel...
Built from '6000.3/respin/6000.3.6f1-732c1ec89f18' branch; Version is '6000.3.6f1 (bbb010bdb8a3) revision 12300304'; Using compiler version '194234433'; Build Type 'Release'
OS: 'Windows 10  (10.0.19045) 64bit Professional' Language: 'tr' Physical Memory: 65451 MB
[Licensing::IpcConnector] Successfully connected to: "LicenseClient-0qO4RG0smNyzMicC1YpnT" at "2026-02-26T16:04:09.9350829Z"
BatchMode: 1, IsHumanControllingUs: 0, StartBugReporterOnCrash: 0, Is64bit: 1
System  architecture: x64
Process architecture: x64
Date: 2026-02-26T16:04:09Z

COMMAND LINE ARGUMENTS:
C:\Program Files\Unity\Hub\Editor\6000.3.6f1\Editor\Unity.exe
-adb2
-batchMode
-noUpm
-name
AssetImportWorker2
-projectPath
C:/Users/SIBEL/Documents/UnityProjects/Ball Game 3D New Generation
-logFile
Logs/AssetImportWorker2.log
-srvPort
64767
-licensingIpc
LicenseClient-0qO4RG0smNyzMicC1YpnT
-job-worker-count
5
-background-job-worker-count
8
-gc-helper-count
1
-name
AssetImport
Successfully changed project path to: C:/Users/SIBEL/Documents/UnityProjects/Ball Game 3D New Generation
C:/Users/SIBEL/Documents/UnityProjects/Ball Game 3D New Generation
[UnityMemory] Configuration Parameters - Can be set up in boot.config
    "memorysetup-temp-allocator-size-nav-mesh-worker=65536"
    "memorysetup-temp-allocator-size-audio-worker=65536"
    "memorysetup-temp-allocator-size-gfx=262144"
    "memorysetup-allocator-temp-initial-block-size-main=262144"
    "memorysetup-allocator-temp-initial-block-size-worker=262144"
    "memorysetup-temp-allocator-size-background-worker=32768"
    "memorysetup-temp-allocator-size-job-worker=262144"
    "memorysetup-temp-allocator-size-preload-manager=33554432"
    "memorysetup-temp-allocator-size-gi-baking-worker=262144"
    "memorysetup-temp-allocator-size-gi-baking-worker=262144"
    "memorysetup-temp-allocator-size-gi-baking-worker=262144"
    "memorysetup-temp-allocator-size-gi-baking-worker=262144"
    "memorysetup-temp-allocator-size-gi-baking-worker=262144"
    "memorysetup-bucket-allocator-granularity=16"
    "memorysetup-bucket-allocator-bucket-count=8"
    "memorysetup-bucket-allocator-block-size=33554432"
    "memorysetup-bucket-allocator-block-count=8"
    "memorysetup-main-allocator-block-size=16777216"
    "memorysetup-thread-allocator-block-size=16777216"
    "memorysetup-gfx-main-allocator-block-size=16777216"
    "memorysetup-gfx-thread-allocator-block-size=16777216"
    "memorysetup-cache-allocator-block-size=4194304"
    "memorysetup-typetree-allocator-block-size=2097152"
    "memorysetup-profiler-bucket-allocator-granularity=16"
    "memorysetup-profiler-bucket-allocator-bucket-count=8"
    "memorysetup-profiler-bucket-allocator-block-size=33554432"
    "memorysetup-profiler-bucket-allocator-block-count=8"
    "memorysetup-profiler-allocator-block-size=16777216"
    "memorysetup-profiler-editor-allocator-block-size=1048576"
    "memorysetup-temp-allocator-size-main=16777216"
    "memorysetup-job-temp-allocator-block-size=2097152"
    "memorysetup-job-temp-allocator-block-size-background=1048576"
    "memorysetup-job-temp-allocator-reduction-small-platforms=262144"
    "memorysetup-temp-allocator-size-cloud-worker=32768"
Player connection [11280]  Target information:

Player connection [11280]  * "[IP] 192.168.1.33 [Port] 0 [Flags] 2 [Guid] 3604397063 [EditorId] 3604397063 [Version] 1048832 [Id] WindowsEditor(7,DESKTOP-BD7EVPL) [Debug] 1 [PackageName] WindowsEditor [ProjectName] Editor" 

Player connection [11280] Host joined multi-casting on [225.0.0.222:54997]...
Player connection [11280] Host joined alternative multi-casting on [225.0.0.222:34997]...
JobSystem: Creating JobQueue using job-worker-count value 5
Input System module state changed to: Initialized.
[Physics::Module] Initialized fallback backend.
[Physics::Module] Id: 0xdecafbad
Library Redirect Path: Library/
[Physics::Module] Selected backend.
[Physics::Module] Name: PhysX
[Physics::Module] Id: 0xf2b8ea05
[Physics::Module] SDK Version: 4.1.2
[Physics::Module] Integration Version: 1.0.0
[Physics::Module] Threading Mode: Multi-Threaded
Refreshing native plugins compatible for Editor in 3.80 ms, found 3 plugins.
Preloading 0 native plugins for Editor in 0.00 ms.
Initialize engine version: 6000.3.6f1 (bbb010bdb8a3)
[Subsystems] Discovering subsystems at path C:/Program Files/Unity/Hub/Editor/6000.3.6f1/Editor/Data/Resources/UnitySubsystems
[Subsystems] Discovering subsystems at path C:/Users/SIBEL/Documents/UnityProjects/Ball Game 3D New Generation/Assets
GfxDevice: creating device client; kGfxThreadingModeNonThreaded
Direct3D:
    Version:  Direct3D 11.0 [level 11.1]
    Renderer: NVIDIA GeForce RTX 3070 Ti (ID=0x2207)
    Vendor:   NVIDIA
    VRAM:     8017 MB
    Driver:   32.0.15.6094
Initialize mono
Mono path[0] = 'C:/Program Files/Unity/Hub/Editor/6000.3.6f1/Editor/Data/Managed'
Mono path[1] = 'C:/Program Files/Unity/Hub/Editor/6000.3.6f1/Editor/Data/MonoBleedingEdge/lib/mono/unityjit-win32'
Mono config path = 'C:/Program Files/Unity/Hub/Editor/6000.3.6f1/Editor/Data/MonoBleedingEdge/etc'
Using monoOptions --debugger-agent=transport=dt_socket,embedding=1,server=y,suspend=n,address=127.0.0.1:56352
Begin MonoManager ReloadAssembly
Registering precompiled unity dll's ...
Register platform support module: C:/Program Files/Unity/Hub/Editor/6000.3.6f1/Editor/Data/PlaybackEngines/WindowsStandaloneSupport/UnityEditor.WindowsStandalone.Extensions.dll
[Licensing::Module] Licensing is not yet initialized.
[Licensing::Client] Handshaking with LicensingClient:
  Version:                 1.17.4+4293ba1
  Session Id:              c46d4e1725be419cae13568aecf4c314
  Correlation Id:          a74b6858ba237ce04b2847156c6777c9
  External correlation Id: 7601217220835718381
  Machine Id:              /6zaNv+6eGLL6qn56fjxQ807t4U=
[Licensing::Module] Successfully connected to LicensingClient on channel: "LicenseClient-0qO4RG0smNyzMicC1YpnT" (connect: 0.00s, validation: 0.00s, handshake: 0.89s)
[Licensing::IpcConnector] Successfully connected to: "LicenseClient-0qO4RG0smNyzMicC1YpnT-notifications" at "2026-02-26T16:04:10.8259278Z"
[Licensing::Module] Licensing Background thread has ended after 0.89s
[Licensing::Module] Licensing is initialized (took 0.07s).
[Licensing::Client] Successfully resolved entitlement details
[Licensing::Module] License group:
  Id: F4-G4K8-TRJR-MNCK-3D9U-XXXX
  Product: Unity Personal
  Type: ULF
  Expiration: Unlimited
[Licensing::Module] License group:
  Id: 5920867-UnityPersXXXX
  Product: Unity Personal
  Type: Assigned
  Expiration: Unlimited
Register platform support module: C:/Program Files/Unity/Hub/Editor/6000.3.6f1/Editor/Data/PlaybackEngines/AndroidPlayer/UnityEditor.Android.Extensions.dll
Registered in 0.077275 seconds.
- Loaded All Assemblies, in  0.532 seconds
Native extension for Android target not found
Android Extension - Scanning For ADB Devices 942 ms
Native extension for WindowsStandalone target not found
ScheduleIndexationOnStartup MainProcess:False IndexOnStartup:True
Mono: successfully reloaded assembly
- Finished resetting the current domain, in  1.422 seconds
Domain Reload Profiling: 1950ms
	BeginReloadAssembly (166ms)
		ExecutionOrderSort (0ms)
		DisableScriptedObjects (0ms)
		BackupInstance (0ms)
		ReleaseScriptingObjects (0ms)
		CreateAndSetChildDomain (1ms)
	RebuildCommonClasses (48ms)
	RebuildNativeTypeToScriptingClass (15ms)
	initialDomainReloadingComplete (128ms)
	LoadAllAssembliesAndSetupDomain (171ms)
		LoadAssemblies (160ms)
		RebuildTransferFunctionScriptingTraits (0ms)
		AnalyzeDomain (167ms)
			TypeCache.Refresh (166ms)
				TypeCache.ScanAssembly (149ms)
			BuildScriptInfoCaches (0ms)
			ResolveRequiredComponents (0ms)
	FinalizeReload (1423ms)
		ReleaseScriptCaches (0ms)
		RebuildScriptCaches (0ms)
		SetupLoadedEditorAssemblies (1389ms)
			LogAssemblyErrors (0ms)
			InitializePlatformSupportModulesInManaged (1033ms)
			SetLoadedEditorAssemblies (5ms)
			BeforeProcessingInitializeOnLoad (121ms)
			ProcessInitializeOnLoadAttributes (159ms)
			ProcessInitializeOnLoadMethodAttributes (71ms)
			AfterProcessingInitializeOnLoad (0ms)
			EditorAssembliesLoaded (0ms)
		ExecutionOrderSort2 (0ms)
		AwakeInstancesAfterBackupRestoration (0ms)
========================================================================
Worker process is ready to serve import requests
Import Worker Mode flag is 0x00
Begin MonoManager ReloadAssembly
[Licensing::Client] Successfully resolved entitlement details
[Licensing::Module] License group:
  Id: F4-G4K8-TRJR-MNCK-3D9U-XXXX
  Product: Unity Personal
  Type: ULF
  Expiration: Unlimited
[Licensing::Module] License group:
  Id: 5920867-UnityPersXXXX
  Product: Unity Personal
  Type: Assigned
  Expiration: Unlimited
- Loaded All Assemblies, in  0.833 seconds
Refreshing native plugins compatible for Editor in 2.25 ms, found 3 plugins.
Native extension for Android target not found
Native extension for WindowsStandalone target not found
Package Manager log level set to [2]
[Package Manager] Failed to launch server process. Reason: Unity was launched with the -noUpm command-line argument
[Package Manager] Unable to send message (not connected to server process).
[Package Manager] Cannot connect to Unity Package Manager local server
ScheduleIndexationOnStartup MainProcess:False IndexOnStartup:True
Mono: successfully reloaded assembly
- Finished resetting the current domain, in  0.789 seconds
Domain Reload Profiling: 1615ms
	BeginReloadAssembly (210ms)
		ExecutionOrderSort (0ms)
		DisableScriptedObjects (7ms)
		BackupInstance (0ms)
		ReleaseScriptingObjects (0ms)
		CreateAndSetChildDomain (37ms)
	RebuildCommonClasses (41ms)
	RebuildNativeTypeToScriptingClass (12ms)
	initialDomainReloadingComplete (47ms)
	LoadAllAssembliesAndSetupDomain (516ms)
		LoadAssemblies (414ms)
		RebuildTransferFunctionScriptingTraits (0ms)
		AnalyzeDomain (217ms)
			TypeCache.Refresh (169ms)
				TypeCache.ScanAssembly (156ms)
			BuildScriptInfoCaches (41ms)
			ResolveRequiredComponents (4ms)
	FinalizeReload (790ms)
		ReleaseScriptCaches (0ms)
		RebuildScriptCaches (0ms)
		SetupLoadedEditorAssemblies (649ms)
			LogAssemblyErrors (0ms)
			InitializePlatformSupportModulesInManaged (13ms)
			SetLoadedEditorAssemblies (8ms)
			BeforeProcessingInitializeOnLoad (222ms)
			ProcessInitializeOnLoadAttributes (360ms)
			ProcessInitializeOnLoadMethodAttributes (39ms)
			AfterProcessingInitializeOnLoad (7ms)
			EditorAssembliesLoaded (0ms)
		ExecutionOrderSort2 (0ms)
		AwakeInstancesAfterBackupRestoration (5ms)
Launched and connected shader compiler UnityShaderCompiler.exe after 0.01 seconds
Refreshing native plugins compatible for Editor in 4.36 ms, found 3 plugins.
Preloading 0 native plugins for Editor in 0.00 ms.
Unloading 0 Unused Serialized files (Serialized files now loaded: 0)
Unloading 3632 unused Assets / (1.0 MB). Loaded Objects now: 4227.
Memory consumption went from 96.4 MB to 95.4 MB.
Total: 6.839300 ms (FindLiveObjects: 0.366300 ms CreateObjectMapping: 0.174200 ms MarkObjects: 5.508000 ms  DeleteObjects: 0.789700 ms)

========================================================================
Received Import Request.
  Time since last request: 29860.536037 seconds.
  path: Assets/Scenes/Level01/LightingData.asset
  artifactKey: Guid(8d1ce4dadee51cd41acca1c5cfcaf7b2) Importer(2089858483,d624ce77472d68a35037170ec1d2d27e)
Start importing Assets/Scenes/Level01/LightingData.asset using Guid(8d1ce4dadee51cd41acca1c5cfcaf7b2) Importer(2089858483,d624ce77472d68a35037170ec1d2d27e) (ScriptedImporter) -> (artifact id: '0b69906811798cd6882c4a7adc6f7df4') in 0.079352 seconds
Number of updated asset objects reloaded before import = 0Number of asset objects unloaded after import = 2

========================================================================
Received Import Request.
  Time since last request: 0.000012 seconds.
  path: Assets/Asset/Gem/Materials/LavenderGem.mat
  artifactKey: Guid(c2bc5d37bd115a7011005aba44295342) Importer(2089858483,d624ce77472d68a35037170ec1d2d27e)
Start importing Assets/Asset/Gem/Materials/LavenderGem.mat using Guid(c2bc5d37bd115a7011005aba44295342) Importer(2089858483,d624ce77472d68a35037170ec1d2d27e) (ScriptedImporter) -> (artifact id: '0692d8b2415ffc5a1e2a7419f20c1c68') in 0.0225996 seconds
Number of updated asset objects reloaded before import = 0Number of asset objects unloaded after import = 2

========================================================================
Received Import Request.
  Time since last request: 0.000018 seconds.
  path: Assets/Asset/Joystick Pack/Prefabs/Fixed Joystick.prefab
  artifactKey: Guid(aaa2c939c0359ac4dbce3f49e8b90252) Importer(2089858483,d624ce77472d68a35037170ec1d2d27e)
Start importing Assets/Asset/Joystick Pack/Prefabs/Fixed Joystick.prefab using Guid(aaa2c939c0359ac4dbce3f49e8b90252) Importer(2089858483,d624ce77472d68a35037170ec1d2d27e) (ScriptedImporter) -> (artifact id: 'b029e1e4bc0945759c14828a99a87efa') in 0.0598355 seconds
Number of updated asset objects reloaded before import = 0Number of asset objects unloaded after import = 13

========================================================================
Received Import Request.
  Time since last request: 0.000012 seconds.
  path: Assets/Scenes/Level10.unity
  artifactKey: Guid(3c84e2b7cfa5fb745975b25e15ea5ebb) Importer(2089858483,d624ce77472d68a35037170ec1d2d27e)
Start importing Assets/Scenes/Level10.unity using Guid(3c84e2b7cfa5fb745975b25e15ea5ebb) Importer(2089858483,d624ce77472d68a35037170ec1d2d27e) (ScriptedImporter) -> (artifact id: '1bbb1b5e138dd3afb395f2b103179902') in 0.0024811 seconds
Number of updated asset objects reloaded before import = 0Number of asset objects unloaded after import = 1

========================================================================
Received Import Request.
  Time since last request: 0.000081 seconds.
  path: Assets/Scenes/TheEnd/LightingData.asset
  artifactKey: Guid(5b5a3275ffbb7fd47b97060250d54db4) Importer(2089858483,d624ce77472d68a35037170ec1d2d27e)
Start importing Assets/Scenes/TheEnd/LightingData.asset using Guid(5b5a3275ffbb7fd47b97060250d54db4) Importer(2089858483,d624ce77472d68a35037170ec1d2d27e) (ScriptedImporter) -> (artifact id: '3539c5a6d7ab1e13b204351efdac731b') in 0.0030436 seconds
Number of updated asset objects reloaded before import = 0Number of asset objects unloaded after import = 2

========================================================================
Received Import Request.
  Time since last request: 0.000011 seconds.
  path: Assets/Asset/DungeonTraps/Trap/GreatAxeRing.FBX
  artifactKey: Guid(bab1d8e407bbb19498ba98659c7ea4af) Importer(2089858483,d624ce77472d68a35037170ec1d2d27e)
Start importing Assets/Asset/DungeonTraps/Trap/GreatAxeRing.FBX using Guid(bab1d8e407bbb19498ba98659c7ea4af) Importer(2089858483,d624ce77472d68a35037170ec1d2d27e) (ScriptedImporter) -> (artifact id: '765446a1f55b5869e5f9bbfbdbdfd486') in 0.0558968 seconds
Number of updated asset objects reloaded before import = 0Number of asset objects unloaded after import = 8

========================================================================
Received Import Request.
  Time since last request: 0.000029 seconds.
  path: Assets/Asset/DungeonTraps/Trap/AxeRing.FBX
  artifactKey: Guid(67dc04eafc9ff5047a172f6abe1deb8b) Importer(2089858483,d624ce77472d68a35037170ec1d2d27e)
Start importing Assets/Asset/DungeonTraps/Trap/AxeRing.FBX using Guid(67dc04eafc9ff5047a172f6abe1deb8b) Importer(2089858483,d624ce77472d68a35037170ec1d2d27e) (ScriptedImporter) -> (artifact id: '774866b033e8567380102c6d4ea24062') in 0.0201782 seconds
Number of updated asset objects reloaded before import = 0Number of asset objects unloaded after import = 14

========================================================================
Received Import Request.
  Time since last request: 0.000025 seconds.
  path: Assets/Asset/Simple UI/PNG/UI_Button_Standard_Green.png
  artifactKey: Guid(17ef8c2e6bda845ca82eb3e56635a961) Importer(2089858483,d624ce77472d68a35037170ec1d2d27e)
Start importing Assets/Asset/Simple UI/PNG/UI_Button_Standard_Green.png using Guid(17ef8c2e6bda845ca82eb3e56635a961) Importer(2089858483,d624ce77472d68a35037170ec1d2d27e) (ScriptedImporter) -> (artifact id: '8a4084e80b524a568dc52d26f481ea16') in 0.0587679 seconds
Number of updated asset objects reloaded before import = 0Number of asset objects unloaded after import = 3

========================================================================
Received Import Request.
  Time since last request: 0.000014 seconds.
  path: Assets/Scenes/Level11.unity
  artifactKey: Guid(99ba53d607281cb41b00789158272249) Importer(2089858483,d624ce77472d68a35037170ec1d2d27e)
Start importing Assets/Scenes/Level11.unity using Guid(99ba53d607281cb41b00789158272249) Importer(2089858483,d624ce77472d68a35037170ec1d2d27e) (ScriptedImporter) -> (artifact id: '8a987a0cc2743aea082025e8724859ea') in 0.0025739 seconds
Number of updated asset objects reloaded before import = 0Number of asset objects unloaded after import = 1

========================================================================
Received Import Request.
  Time since last request: 0.000043 seconds.
  path: Assets/Scenes/Level01.unity
  artifactKey: Guid(fb0924013e6566e44af32ed40f2ac261) Importer(2089858483,d624ce77472d68a35037170ec1d2d27e)
Start importing Assets/Scenes/Level01.unity using Guid(fb0924013e6566e44af32ed40f2ac261) Importer(2089858483,d624ce77472d68a35037170ec1d2d27e) (ScriptedImporter) -> (artifact id: 'f82dedd55d377e4ea18d55d50261424e') in 0.0028097 seconds
Number of updated asset objects reloaded before import = 0Number of asset objects unloaded after import = 1

========================================================================
Received Import Request.
  Time since last request: 0.000085 seconds.
  path: Assets/Scenes/Level16.unity
  artifactKey: Guid(3a7025e4d566b054584e7f0885110785) Importer(2089858483,d624ce77472d68a35037170ec1d2d27e)
Start importing Assets/Scenes/Level16.unity using Guid(3a7025e4d566b054584e7f0885110785) Importer(2089858483,d624ce77472d68a35037170ec1d2d27e) (ScriptedImporter) -> (artifact id: 'a31bb6b125ee1070fd254ad1e41f6dd5') in 0.0032838 seconds
Number of updated asset objects reloaded before import = 0Number of asset objects unloaded after import = 1

========================================================================
Received Import Request.
  Time since last request: 0.000069 seconds.
  path: Assets/Asset/Gem/Shaders/Gem.shader
  artifactKey: Guid(4443140fbd110a7011005aba44295342) Importer(2089858483,d624ce77472d68a35037170ec1d2d27e)
Start importing Assets/Asset/Gem/Shaders/Gem.shader using Guid(4443140fbd110a7011005aba44295342) Importer(2089858483,d624ce77472d68a35037170ec1d2d27e) (ScriptedImporter) -> (artifact id: 'facd26683ee1f2669ba1cc66d436480f') in 0.0063188 seconds
Number of updated asset objects reloaded before import = 0Number of asset objects unloaded after import = 1

========================================================================
Received Import Request.
  Time since last request: 0.000058 seconds.
  path: Assets/Scenes/Level11/ReflectionProbe-0.exr
  artifactKey: Guid(aa42ebf4a2b8f7f4a863d9cf3fd98e0c) Importer(2089858483,d624ce77472d68a35037170ec1d2d27e)
Start importing Assets/Scenes/Level11/ReflectionProbe-0.exr using Guid(aa42ebf4a2b8f7f4a863d9cf3fd98e0c) Importer(2089858483,d624ce77472d68a35037170ec1d2d27e) (ScriptedImporter) -> (artifact id: '37f531f59df1ae08f957e431b79fb1b4') in 0.0127674 seconds
Number of updated asset objects reloaded before import = 0Number of asset objects unloaded after import = 1

========================================================================
Received Import Request.
  Time since last request: 0.000012 seconds.
  path: Assets/Scenes/Level12/LightingData.asset
  artifactKey: Guid(b56058dcd52f6bc459b65d57db132774) Importer(2089858483,d624ce77472d68a35037170ec1d2d27e)
Start importing Assets/Scenes/Level12/LightingData.asset using Guid(b56058dcd52f6bc459b65d57db132774) Importer(2089858483,d624ce77472d68a35037170ec1d2d27e) (ScriptedImporter) -> (artifact id: 'd6656a0c4c5400dafd87e7887b54a824') in 0.003302 seconds
Number of updated asset objects reloaded before import = 0Number of asset objects unloaded after import = 2

========================================================================
Received Import Request.
  Time since last request: 0.000012 seconds.
  path: Assets/Scenes/Level10/LightingData.asset
  artifactKey: Guid(349e52d4ba94f624b88cf8603d4927b2) Importer(2089858483,d624ce77472d68a35037170ec1d2d27e)
Start importing Assets/Scenes/Level10/LightingData.asset using Guid(349e52d4ba94f624b88cf8603d4927b2) Importer(2089858483,d624ce77472d68a35037170ec1d2d27e) (ScriptedImporter) -> (artifact id: 'aaa9f2001d6effd28e925c326836b3fc') in 0.004986 seconds
Number of updated asset objects reloaded before import = 0Number of asset objects unloaded after import = 2

========================================================================
Received Import Request.
  Time since last request: 0.000022 seconds.
  path: Assets/Scenes/Level06.unity
  artifactKey: Guid(ddd2b87aa904fcd4db1cbc954fe90ba4) Importer(2089858483,d624ce77472d68a35037170ec1d2d27e)
Start importing Assets/Scenes/Level06.unity using Guid(ddd2b87aa904fcd4db1cbc954fe90ba4) Importer(2089858483,d624ce77472d68a35037170ec1d2d27e) (ScriptedImporter) -> (artifact id: 'be919465e92da1b57f8407550876bbfd') in 0.004365 seconds
Number of updated asset objects reloaded before import = 0Number of asset objects unloaded after import = 1

========================================================================
Received Import Request.
  Time since last request: 0.000056 seconds.
  path: Assets/Asset/Gem/Materials/WhiteGem.mat
  artifactKey: Guid(fc077f0d30f0a4ccea1d2c28fa3cf93b) Importer(2089858483,d624ce77472d68a35037170ec1d2d27e)
Start importing Assets/Asset/Gem/Materials/WhiteGem.mat using Guid(fc077f0d30f0a4ccea1d2c28fa3cf93b) Importer(2089858483,d624ce77472d68a35037170ec1d2d27e) (ScriptedImporter) -> (artifact id: '8d9b50d8ad415d9ca2dc81bed4df5bb4') in 0.0093903 seconds
Number of updated asset objects reloaded before import = 0Number of asset objects unloaded after import = 2

========================================================================
Received Import Request.
  Time since last request: 0.000021 seconds.
  path: Assets/Asset/DungeonTraps/Trap/Blade.FBX
  artifactKey: Guid(d7c86d0a96a13c94b9624c29250e11e4) Importer(2089858483,d624ce77472d68a35037170ec1d2d27e)
Start importing Assets/Asset/DungeonTraps/Trap/Blade.FBX using Guid(d7c86d0a96a13c94b9624c29250e11e4) Importer(2089858483,d624ce77472d68a35037170ec1d2d27e) (ScriptedImporter) -> (artifact id: '33254859e38e161c40576e70059da12e') in 0.0161417 seconds
Number of updated asset objects reloaded before import = 0Number of asset objects unloaded after import = 8

========================================================================
Received Import Request.
  Time since last request: 0.000014 seconds.
  path: Assets/Asset/DungeonTraps/Trap/Spear.FBX
  artifactKey: Guid(edebf8234a6037b40abab643812d316a) Importer(2089858483,d624ce77472d68a35037170ec1d2d27e)
Start importing Assets/Asset/DungeonTraps/Trap/Spear.FBX using Guid(edebf8234a6037b40abab643812d316a) Importer(2089858483,d624ce77472d68a35037170ec1d2d27e) (ScriptedImporter) -> (artifact id: 'a75df2919a7a2a05348a26215233414d') in 0.0127003 seconds
Number of updated asset objects reloaded before import = 0Number of asset objects unloaded after import = 8

========================================================================
Received Import Request.
  Time since last request: 0.000018 seconds.
  path: Assets/Scenes/Level14/LightingData.asset
  artifactKey: Guid(2b4caab50d03ab9479c991b6fda8f6b0) Importer(2089858483,d624ce77472d68a35037170ec1d2d27e)
Start importing Assets/Scenes/Level14/LightingData.asset using Guid(2b4caab50d03ab9479c991b6fda8f6b0) Importer(2089858483,d624ce77472d68a35037170ec1d2d27e) (ScriptedImporter) -> (artifact id: '15d24a5249240d51042d90da69a1b323') in 0.0042388 seconds
Number of updated asset objects reloaded before import = 0Number of asset objects unloaded after import = 2

========================================================================
Received Import Request.
  Time since last request: 0.000013 seconds.
  path: Assets/Asset/DungeonTraps/Trap/Stone.FBX
  artifactKey: Guid(476893ca37405624c835218deedc81e9) Importer(2089858483,d624ce77472d68a35037170ec1d2d27e)
Start importing Assets/Asset/DungeonTraps/Trap/Stone.FBX using Guid(476893ca37405624c835218deedc81e9) Importer(2089858483,d624ce77472d68a35037170ec1d2d27e) (ScriptedImporter) -> (artifact id: '56facb4502637dd58415aa541a3ec8ef') in 0.0140039 seconds
Number of updated asset objects reloaded before import = 0Number of asset objects unloaded after import = 8

========================================================================
Received Import Request.
  Time since last request: 0.000015 seconds.
  path: Assets/Scenes/Level08/ReflectionProbe-0.exr
  artifactKey: Guid(e238153c3f51a4f429ee816e72763f9d) Importer(2089858483,d624ce77472d68a35037170ec1d2d27e)
Start importing Assets/Scenes/Level08/ReflectionProbe-0.exr using Guid(e238153c3f51a4f429ee816e72763f9d) Importer(2089858483,d624ce77472d68a35037170ec1d2d27e) (ScriptedImporter) -> (artifact id: '07d64212759eee7c2468f1c194fc0361') in 0.0392096 seconds
Number of updated asset objects reloaded before import = 0Number of asset objects unloaded after import = 1

========================================================================
Received Import Request.
  Time since last request: 0.000029 seconds.
  path: Assets/Textures/Materials/r2.mat
  artifactKey: Guid(3fc21928c569d4349b8b607e37cc5f71) Importer(2089858483,d624ce77472d68a35037170ec1d2d27e)
Start importing Assets/Textures/Materials/r2.mat using Guid(3fc21928c569d4349b8b607e37cc5f71) Importer(2089858483,d624ce77472d68a35037170ec1d2d27e) (ScriptedImporter) -> (artifact id: '67d121b403409f55751c27337187b16a') in 0.0415899 seconds
Number of updated asset objects reloaded before import = 0Number of asset objects unloaded after import = 1

========================================================================
Received Import Request.
  Time since last request: 0.000019 seconds.
  path: Assets/Asset/DungeonTraps/Trap/SawBladeFrameBar.FBX
  artifactKey: Guid(45cdd7be55c783844add8ed6d9828f62) Importer(2089858483,d624ce77472d68a35037170ec1d2d27e)
Start importing Assets/Asset/DungeonTraps/Trap/SawBladeFrameBar.FBX using Guid(45cdd7be55c783844add8ed6d9828f62) Importer(2089858483,d624ce77472d68a35037170ec1d2d27e) (ScriptedImporter) -> (artifact id: '701974fac3ba14d29e343dd754bdfb30') in 0.0152736 seconds
Number of updated asset objects reloaded before import = 0Number of asset objects unloaded after import = 8

========================================================================
Received Import Request.
  Time since last request: 0.000021 seconds.
  path: Assets/Scenes/Level13.unity
  artifactKey: Guid(e7ff1be62ae95e54eab47df740f992e0) Importer(2089858483,d624ce77472d68a35037170ec1d2d27e)
Start importing Assets/Scenes/Level13.unity using Guid(e7ff1be62ae95e54eab47df740f992e0) Importer(2089858483,d624ce77472d68a35037170ec1d2d27e) (ScriptedImporter) -> (artifact id: 'bfb5c247fb3a4e252cb33ef8d59a4f76') in 0.0028318 seconds
Number of updated asset objects reloaded before import = 0Number of asset objects unloaded after import = 1

========================================================================
Received Import Request.
  Time since last request: 0.000062 seconds.
  path: Assets/Asset/Joystick Pack/Prefabs/Variable Joystick.prefab
  artifactKey: Guid(ec536a7718376554185e4a856d5ae230) Importer(2089858483,d624ce77472d68a35037170ec1d2d27e)
Start importing Assets/Asset/Joystick Pack/Prefabs/Variable Joystick.prefab using Guid(ec536a7718376554185e4a856d5ae230) Importer(2089858483,d624ce77472d68a35037170ec1d2d27e) (ScriptedImporter) -> (artifact id: 'cb04d6c0205ac3c739950fc9a9db1e19') in 0.0191903 seconds
Number of updated asset objects reloaded before import = 0Number of asset objects unloaded after import = 17

========================================================================
Received Import Request.
  Time since last request: 0.000014 seconds.
  path: Assets/Asset/DungeonTraps/Trap/Trap_Fire.FBX
  artifactKey: Guid(8e5464c3bc40f874a932550f5cc4fd9e) Importer(2089858483,d624ce77472d68a35037170ec1d2d27e)
Start importing Assets/Asset/DungeonTraps/Trap/Trap_Fire.FBX using Guid(8e5464c3bc40f874a932550f5cc4fd9e) Importer(2089858483,d624ce77472d68a35037170ec1d2d27e) (ScriptedImporter) -> (artifact id: '407a4e1cc411f350f2af6f9e0557dde3') in 0.0167114 seconds
Number of updated asset objects reloaded before import = 0Number of asset objects unloaded after import = 8

========================================================================
Received Import Request.
  Time since last request: 0.000016 seconds.
  path: Assets/Scenes/Level07/LightingData.asset
  artifactKey: Guid(5db60711e09d000438f63dab04773f44) Importer(2089858483,d624ce77472d68a35037170ec1d2d27e)
Start importing Assets/Scenes/Level07/LightingData.asset using Guid(5db60711e09d000438f63dab04773f44) Importer(2089858483,d624ce77472d68a35037170ec1d2d27e) (ScriptedImporter) -> (artifact id: 'ae3ffd743b8e2a353621df2ace5b1afb') in 0.0038655 seconds
Number of updated asset objects reloaded before import = 0Number of asset objects unloaded after import = 2

========================================================================
Received Import Request.
  Time since last request: 0.000032 seconds.
  path: Assets/Scenes/Level04/LightingData.asset
  artifactKey: Guid(db71528e0a39b834cbc4d2ff8faba8a6) Importer(2089858483,d624ce77472d68a35037170ec1d2d27e)
Start importing Assets/Scenes/Level04/LightingData.asset using Guid(db71528e0a39b834cbc4d2ff8faba8a6) Importer(2089858483,d624ce77472d68a35037170ec1d2d27e) (ScriptedImporter) -> (artifact id: 'c58ea2c367f9fb59429bd6ee9818d2a6') in 0.0030719 seconds
Number of updated asset objects reloaded before import = 0Number of asset objects unloaded after import = 2

========================================================================
Received Import Request.
  Time since last request: 0.000038 seconds.
  path: Assets/Scenes/Level04.unity
  artifactKey: Guid(080cc0a50857cf147809fd3ed928d706) Importer(2089858483,d624ce77472d68a35037170ec1d2d27e)
Start importing Assets/Scenes/Level04.unity using Guid(080cc0a50857cf147809fd3ed928d706) Importer(2089858483,d624ce77472d68a35037170ec1d2d27e) (ScriptedImporter) -> (artifact id: 'f2e10672de8b7c286471b831dca0b790') in 0.0022573 seconds
Number of updated asset objects reloaded before import = 0Number of asset objects unloaded after import = 1

========================================================================
Received Import Request.
  Time since last request: 0.000053 seconds.
  path: Assets/Scenes/ExtraLvl/ExtLevel02.unity
  artifactKey: Guid(9e0c407640579464ab5bd646260f4481) Importer(2089858483,d624ce77472d68a35037170ec1d2d27e)
Start importing Assets/Scenes/ExtraLvl/ExtLevel02.unity using Guid(9e0c407640579464ab5bd646260f4481) Importer(2089858483,d624ce77472d68a35037170ec1d2d27e) (ScriptedImporter) -> (artifact id: 'bf2677dff3b331778046ba19ab5f1d6d') in 0.0021503 seconds
Number of updated asset objects reloaded before import = 0Number of asset objects unloaded after import = 1

========================================================================
Received Import Request.
  Time since last request: 0.000061 seconds.
  path: Assets/Scenes/Level18.unity
  artifactKey: Guid(73930f7a6468a59469aa25bc35ad0911) Importer(2089858483,d624ce77472d68a35037170ec1d2d27e)
Start importing Assets/Scenes/Level18.unity using Guid(73930f7a6468a59469aa25bc35ad0911) Importer(2089858483,d624ce77472d68a35037170ec1d2d27e) (ScriptedImporter) -> (artifact id: '1a494817be460579f49bebfc4595260c') in 0.0029399 seconds
Number of updated asset objects reloaded before import = 0Number of asset objects unloaded after import = 1

========================================================================
Received Import Request.
  Time since last request: 0.000071 seconds.
  path: Assets/Textures/Level Picture/PNG_level19.png
  artifactKey: Guid(f2fd5f008eceabf4c9836f2f57046daf) Importer(2089858483,d624ce77472d68a35037170ec1d2d27e)
Start importing Assets/Textures/Level Picture/PNG_level19.png using Guid(f2fd5f008eceabf4c9836f2f57046daf) Importer(2089858483,d624ce77472d68a35037170ec1d2d27e) (ScriptedImporter) -> (artifact id: '3e70871553f423efa5ae4220945e4b2a') in 0.0128801 seconds
Number of updated asset objects reloaded before import = 0Number of asset objects unloaded after import = 3

========================================================================
Received Import Request.
  Time since last request: 0.000012 seconds.
  path: Assets/Prefabs/Pipes/Vboru.prefab
  artifactKey: Guid(973452f09f1d6da42a16f5bd1ef3aa10) Importer(2089858483,d624ce77472d68a35037170ec1d2d27e)
Start importing Assets/Prefabs/Pipes/Vboru.prefab using Guid(973452f09f1d6da42a16f5bd1ef3aa10) Importer(2089858483,d624ce77472d68a35037170ec1d2d27e) (ScriptedImporter) -> (artifact id: '9ad3edffb6cbe7134b1e77a9a18ead3d') in 0.0054875 seconds
Number of updated asset objects reloaded before import = 0Number of asset objects unloaded after import = 62

========================================================================
Received Import Request.
  Time since last request: 0.000015 seconds.
  path: Assets/Asset/DungeonTraps/Trap/Hammer.FBX
  artifactKey: Guid(d768d928a70b225449fbb445abf50afe) Importer(2089858483,d624ce77472d68a35037170ec1d2d27e)
Start importing Assets/Asset/DungeonTraps/Trap/Hammer.FBX using Guid(d768d928a70b225449fbb445abf50afe) Importer(2089858483,d624ce77472d68a35037170ec1d2d27e) (ScriptedImporter) -> (artifact id: '38a4096a5171243c0f814297a347f0a8') in 0.0164408 seconds
Number of updated asset objects reloaded before import = 0Number of asset objects unloaded after import = 8

========================================================================
Received Import Request.
  Time since last request: 0.000013 seconds.
  path: Assets/GoogleMobileAds/Editor/PListProcessor.cs
  artifactKey: Guid(d1d26b084dc244c8c818f67662e51f6c) Importer(2089858483,d624ce77472d68a35037170ec1d2d27e)
Start importing Assets/GoogleMobileAds/Editor/PListProcessor.cs using Guid(d1d26b084dc244c8c818f67662e51f6c) Importer(2089858483,d624ce77472d68a35037170ec1d2d27e) (ScriptedImporter) -> (artifact id: '5bc8d344d5d8976107b895a134f7b159') in 0.003695 seconds
Number of updated asset objects reloaded before import = 0Number of asset objects unloaded after import = 0

========================================================================
Received Import Request.
  Time since last request: 0.000066 seconds.
  path: Assets/Plugins/Android/mainTemplate.gradle
  artifactKey: Guid(ee0ef2da3c657a14793b408c588d3827) Importer(2089858483,d624ce77472d68a35037170ec1d2d27e)
Start importing Assets/Plugins/Android/mainTemplate.gradle using Guid(ee0ef2da3c657a14793b408c588d3827) Importer(2089858483,d624ce77472d68a35037170ec1d2d27e) (ScriptedImporter) -> (artifact id: 'f091d1403bcdd36f3d6c97443a9f22b0') in 0.003336 seconds
Number of updated asset objects reloaded before import = 0Number of asset objects unloaded after import = 1

========================================================================
Received Import Request.
  Time since last request: 0.000029 seconds.
  path: Assets/Scenes/AnaMenu/LightingData.asset
  artifactKey: Guid(aa2cc90632e98e94bb26bbf4dab8ebe0) Importer(2089858483,d624ce77472d68a35037170ec1d2d27e)
Start importing Assets/Scenes/AnaMenu/LightingData.asset using Guid(aa2cc90632e98e94bb26bbf4dab8ebe0) Importer(2089858483,d624ce77472d68a35037170ec1d2d27e) (ScriptedImporter) -> (artifact id: '7ac7ac5b150efe890f3d288409590e69') in 0.0036319 seconds
Number of updated asset objects reloaded before import = 0Number of asset objects unloaded after import = 2

========================================================================
Received Import Request.
  Time since last request: 0.000033 seconds.
  path: Assets/Scenes/Level19.unity
  artifactKey: Guid(3d481662e9323a54d82c3ea7dd393442) Importer(2089858483,d624ce77472d68a35037170ec1d2d27e)
Start importing Assets/Scenes/Level19.unity using Guid(3d481662e9323a54d82c3ea7dd393442) Importer(2089858483,d624ce77472d68a35037170ec1d2d27e) (ScriptedImporter) -> (artifact id: 'f6f42d9e343415d5d1d502011e3a585c') in 0.0022839 seconds
Number of updated asset objects reloaded before import = 0Number of asset objects unloaded after import = 1

========================================================================
Received Import Request.
  Time since last request: 0.000066 seconds.
  path: Assets/Asset/DungeonTraps/Trap/Shuriken02.FBX
  artifactKey: Guid(e381f218b6fc4b640bf8b7bdea5002c7) Importer(2089858483,d624ce77472d68a35037170ec1d2d27e)
Start importing Assets/Asset/DungeonTraps/Trap/Shuriken02.FBX using Guid(e381f218b6fc4b640bf8b7bdea5002c7) Importer(2089858483,d624ce77472d68a35037170ec1d2d27e) (ScriptedImporter) -> (artifact id: '821a0b4f236533fdcb37b667321bc453') in 0.0141768 seconds
Number of updated asset objects reloaded before import = 0Number of asset objects unloaded after import = 8

========================================================================
Received Import Request.
  Time since last request: 0.000012 seconds.
  path: Assets/Textures/Level Picture/PNG_level29.png
  artifactKey: Guid(301c86da45628374aacb073b1a05ac51) Importer(2089858483,d624ce77472d68a35037170ec1d2d27e)
Start importing Assets/Textures/Level Picture/PNG_level29.png using Guid(301c86da45628374aacb073b1a05ac51) Importer(2089858483,d624ce77472d68a35037170ec1d2d27e) (ScriptedImporter) -> (artifact id: 'ae90393236dcb026712ab5561b875471') in 0.0128167 seconds
Number of updated asset objects reloaded before import = 0Number of asset objects unloaded after import = 3

========================================================================
Received Import Request.
  Time since last request: 0.000014 seconds.
  path: Assets/Scenes/Level17/LightingData.asset
  artifactKey: Guid(b92d469c9262b5c46a6ca4a39bcc90f3) Importer(2089858483,d624ce77472d68a35037170ec1d2d27e)
Start importing Assets/Scenes/Level17/LightingData.asset using Guid(b92d469c9262b5c46a6ca4a39bcc90f3) Importer(2089858483,d624ce77472d68a35037170ec1d2d27e) (ScriptedImporter) -> (artifact id: '7f876dca0b7e3b97e794c1fa9a4ea090') in 0.0033655 seconds
Number of updated asset objects reloaded before import = 0Number of asset objects unloaded after import = 2

========================================================================
Received Import Request.
  Time since last request: 0.000022 seconds.
  path: Assets/Scenes/LevelSelect.unity
  artifactKey: Guid(aabad287ca54b4f4aa9a8d1ee8f22910) Importer(2089858483,d624ce77472d68a35037170ec1d2d27e)
Start importing Assets/Scenes/LevelSelect.unity using Guid(aabad287ca54b4f4aa9a8d1ee8f22910) Importer(2089858483,d624ce77472d68a35037170ec1d2d27e) (ScriptedImporter) -> (artifact id: 'b94e3f36b3799e5905e2bbdb545695b2') in 0.0021313 seconds
Number of updated asset objects reloaded before import = 0Number of asset objects unloaded after import = 1

========================================================================
Received Import Request.
  Time since last request: 0.000035 seconds.
  path: Assets/Asset/Gem/Models/SourceMeshes.dae
  artifactKey: Guid(309db8db017484e308a6de0a8e64c11a) Importer(2089858483,d624ce77472d68a35037170ec1d2d27e)
Start importing Assets/Asset/Gem/Models/SourceMeshes.dae using Guid(309db8db017484e308a6de0a8e64c11a) Importer(2089858483,d624ce77472d68a35037170ec1d2d27e) (ScriptedImporter) -> (artifact id: 'bc2b1bf801bb28ed0eaba5c053a49920') in 0.0178919 seconds
Number of updated asset objects reloaded before import = 0Number of asset objects unloaded after import = 25

========================================================================
Received Import Request.
  Time since last request: 0.000012 seconds.
  path: Assets/Textures/Level Picture/PNG_level39.png
  artifactKey: Guid(452a3976321b742449abee422cf9e004) Importer(2089858483,d624ce77472d68a35037170ec1d2d27e)
Start importing Assets/Textures/Level Picture/PNG_level39.png using Guid(452a3976321b742449abee422cf9e004) Importer(2089858483,d624ce77472d68a35037170ec1d2d27e) (ScriptedImporter) -> (artifact id: 'd9448706bd9dcab50a24e751f552213b') in 0.0161112 seconds
Number of updated asset objects reloaded before import = 0Number of asset objects unloaded after import = 3

========================================================================
Received Import Request.
  Time since last request: 0.000012 seconds.
  path: Assets/Scenes/Level15.unity
  artifactKey: Guid(c1e74b44422a13f449f342e41e5164cd) Importer(2089858483,d624ce77472d68a35037170ec1d2d27e)
Start importing Assets/Scenes/Level15.unity using Guid(c1e74b44422a13f449f342e41e5164cd) Importer(2089858483,d624ce77472d68a35037170ec1d2d27e) (ScriptedImporter) -> (artifact id: '9f5080fcb8a9738172fc04afba4d84c2') in 0.0026845 seconds
Number of updated asset objects reloaded before import = 0Number of asset objects unloaded after import = 1

========================================================================
Received Import Request.
  Time since last request: 0.000034 seconds.
  path: Assets/Scenes/Level15/ReflectionProbe-0.exr
  artifactKey: Guid(effd69a4c5bee6d4a8575df67ff61b46) Importer(2089858483,d624ce77472d68a35037170ec1d2d27e)
Start importing Assets/Scenes/Level15/ReflectionProbe-0.exr using Guid(effd69a4c5bee6d4a8575df67ff61b46) Importer(2089858483,d624ce77472d68a35037170ec1d2d27e) (ScriptedImporter) -> (artifact id: '8dd810bedb1c3ad06205b971577b7916') in 0.00968 seconds
Number of updated asset objects reloaded before import = 0Number of asset objects unloaded after import = 1

========================================================================
Received Import Request.
  Time since last request: 0.000017 seconds.
  path: Assets/Textures/Level Picture/PNG_level4.png
  artifactKey: Guid(585be97956944ed44acca1693b9aee02) Importer(2089858483,d624ce77472d68a35037170ec1d2d27e)
Start importing Assets/Textures/Level Picture/PNG_level4.png using Guid(585be97956944ed44acca1693b9aee02) Importer(2089858483,d624ce77472d68a35037170ec1d2d27e) (ScriptedImporter) -> (artifact id: 'cf2f575a3ab35917f6eb2bc4c72df82b') in 0.016307 seconds
Number of updated asset objects reloaded before import = 0Number of asset objects unloaded after import = 3

========================================================================
Received Import Request.
  Time since last request: 0.000016 seconds.
  path: Assets/Textures/Level Picture/PNG_level1.png
  artifactKey: Guid(786af291c2b1a1f448b72f60cd940bdd) Importer(2089858483,d624ce77472d68a35037170ec1d2d27e)
Start importing Assets/Textures/Level Picture/PNG_level1.png using Guid(786af291c2b1a1f448b72f60cd940bdd) Importer(2089858483,d624ce77472d68a35037170ec1d2d27e) (ScriptedImporter) -> (artifact id: '08a1d83edad49f74554b18f14b8322a6') in 0.0110235 seconds
Number of updated asset objects reloaded before import = 0Number of asset objects unloaded after import = 3

========================================================================
Received Import Request.
  Time since last request: 0.000013 seconds.
  path: Assets/Scenes/Level05.unity
  artifactKey: Guid(d4a1c6860a4619149946bff7eb373118) Importer(2089858483,d624ce77472d68a35037170ec1d2d27e)
Start importing Assets/Scenes/Level05.unity using Guid(d4a1c6860a4619149946bff7eb373118) Importer(2089858483,d624ce77472d68a35037170ec1d2d27e) (ScriptedImporter) -> (artifact id: 'd7b741264a7462c00a693ec439d01be1') in 0.0028233 seconds
Number of updated asset objects reloaded before import = 0Number of asset objects unloaded after import = 1

========================================================================
Received Import Request.
  Time since last request: 0.000060 seconds.
  path: Assets/Asset/DungeonTraps/Effect/New Animation.anim
  artifactKey: Guid(c438fdb92c44aed45bfbf3d0b0c72a49) Importer(2089858483,d624ce77472d68a35037170ec1d2d27e)
Start importing Assets/Asset/DungeonTraps/Effect/New Animation.anim using Guid(c438fdb92c44aed45bfbf3d0b0c72a49) Importer(2089858483,d624ce77472d68a35037170ec1d2d27e) (ScriptedImporter) -> (artifact id: '9da12a58a1cf544d462d6f29daf097d1') in 0.0071818 seconds
Number of updated asset objects reloaded before import = 0Number of asset objects unloaded after import = 1

========================================================================
Received Import Request.
  Time since last request: 0.000040 seconds.
  path: Assets/Scenes/ExtraLvl/ExtLevel07.unity
  artifactKey: Guid(ab0dd90d6ad150249b71e26630262388) Importer(2089858483,d624ce77472d68a35037170ec1d2d27e)
Start importing Assets/Scenes/ExtraLvl/ExtLevel07.unity using Guid(ab0dd90d6ad150249b71e26630262388) Importer(2089858483,d624ce77472d68a35037170ec1d2d27e) (ScriptedImporter) -> (artifact id: 'd409fcde1c6f4dd9583099d5878d82ad') in 0.0028521 seconds
Number of updated asset objects reloaded before import = 0Number of asset objects unloaded after import = 1

========================================================================
Received Import Request.
  Time since last request: 0.000047 seconds.
  path: Assets/Scenes/Level18/ReflectionProbe-0.exr
  artifactKey: Guid(e2a1d2e5edad80b46807a3c6591b0ba7) Importer(2089858483,d624ce77472d68a35037170ec1d2d27e)
Start importing Assets/Scenes/Level18/ReflectionProbe-0.exr using Guid(e2a1d2e5edad80b46807a3c6591b0ba7) Importer(2089858483,d624ce77472d68a35037170ec1d2d27e) (ScriptedImporter) -> (artifact id: 'b95646e54235aa610310d50592610f2a') in 0.0082454 seconds
Number of updated asset objects reloaded before import = 0Number of asset objects unloaded after import = 1

========================================================================
Received Import Request.
  Time since last request: 0.000054 seconds.
  path: Assets/Plugins/iOS/unity-plugin-library.a
  artifactKey: Guid(2934b94e7f8e4f3dabfcc71d61e094e9) Importer(2089858483,d624ce77472d68a35037170ec1d2d27e)
Start importing Assets/Plugins/iOS/unity-plugin-library.a using Guid(2934b94e7f8e4f3dabfcc71d61e094e9) Importer(2089858483,d624ce77472d68a35037170ec1d2d27e) (ScriptedImporter) -> (artifact id: '50edcb50257fa096ba77dd2672922a9a') in 0.0060221 seconds
Number of updated asset objects reloaded before import = 0Number of asset objects unloaded after import = 0

========================================================================
Received Import Request.
  Time since last request: 0.000087 seconds.
  path: Assets/Asset/DungeonTraps/Effect/GameObject.controller
  artifactKey: Guid(8117d77ae7407ab47b73d6776ff606ca) Importer(2089858483,d624ce77472d68a35037170ec1d2d27e)
Start importing Assets/Asset/DungeonTraps/Effect/GameObject.controller using Guid(8117d77ae7407ab47b73d6776ff606ca) Importer(2089858483,d624ce77472d68a35037170ec1d2d27e) (ScriptedImporter) -> (artifact id: 'b7b2fb25c2a8a4dd60a0c533a564be60') in 0.0040236 seconds
Number of updated asset objects reloaded before import = 0Number of asset objects unloaded after import = 4

========================================================================
Received Import Request.
  Time since last request: 0.000010 seconds.
  path: Assets/Scenes/LevelSelect/LightingData.asset
  artifactKey: Guid(a46f13d8c9ad7134491ac852b0651d59) Importer(2089858483,d624ce77472d68a35037170ec1d2d27e)
Start importing Assets/Scenes/LevelSelect/LightingData.asset using Guid(a46f13d8c9ad7134491ac852b0651d59) Importer(2089858483,d624ce77472d68a35037170ec1d2d27e) (ScriptedImporter) -> (artifact id: 'c7cb251f8a6c150c404d14a8c8b9cc93') in 0.0034979 seconds
Number of updated asset objects reloaded before import = 0Number of asset objects unloaded after import = 2

========================================================================
Received Import Request.
  Time since last request: 0.387477 seconds.
  path: Assets/Asset/Simple UI/PNG/UI_Fill_Green.png
  artifactKey: Guid(52a0b86a66ab743af98c4135d7f3e480) Importer(2089858483,d624ce77472d68a35037170ec1d2d27e)
Start importing Assets/Asset/Simple UI/PNG/UI_Fill_Green.png using Guid(52a0b86a66ab743af98c4135d7f3e480) Importer(2089858483,d624ce77472d68a35037170ec1d2d27e) (ScriptedImporter) -> (artifact id: '17a04b1c98d9e7f4d614dc83cc69efcd') in 0.0129768 seconds
Number of updated asset objects reloaded before import = 0Number of asset objects unloaded after import = 3

========================================================================
Received Import Request.
  Time since last request: 0.000012 seconds.
  path: Assets/Asset/Cartoon Temple Building Kit/Fbx/Blocks/Block 2x3.fbx
  artifactKey: Guid(0a4155a94d1993b40ad78099a3eb5f92) Importer(2089858483,d624ce77472d68a35037170ec1d2d27e)
Start importing Assets/Asset/Cartoon Temple Building Kit/Fbx/Blocks/Block 2x3.fbx using Guid(0a4155a94d1993b40ad78099a3eb5f92) Importer(2089858483,d624ce77472d68a35037170ec1d2d27e) (ScriptedImporter) -> (artifact id: '4ad9e9377de8a2e263e5bdaf008666f8') in 0.0180925 seconds
Number of updated asset objects reloaded before import = 0Number of asset objects unloaded after import = 8

========================================================================
Received Import Request.
  Time since last request: 0.000015 seconds.
  path: Assets/ExternalDependencyManager/Editor/1.2.187/Google.IOSResolver.dll
  artifactKey: Guid(81a757c73e784317b917c61d213fb409) Importer(2089858483,d624ce77472d68a35037170ec1d2d27e)
Start importing Assets/ExternalDependencyManager/Editor/1.2.187/Google.IOSResolver.dll using Guid(81a757c73e784317b917c61d213fb409) Importer(2089858483,d624ce77472d68a35037170ec1d2d27e) (ScriptedImporter) -> (artifact id: 'fd09b3f7cc34d8e24effcdffa5fea2cc') in 0.0078524 seconds
Number of updated asset objects reloaded before import = 0Number of asset objects unloaded after import = 0

========================================================================
Received Import Request.
  Time since last request: 0.000098 seconds.
  path: Assets/Asset/Cartoon Temple Building Kit/Fbx/Blocks And Bricks/Blocks And Bricks 18.fbx
  artifactKey: Guid(b861d5057adf8ca41ae2e16a11d11c97) Importer(2089858483,d624ce77472d68a35037170ec1d2d27e)
Start importing Assets/Asset/Cartoon Temple Building Kit/Fbx/Blocks And Bricks/Blocks And Bricks 18.fbx using Guid(b861d5057adf8ca41ae2e16a11d11c97) Importer(2089858483,d624ce77472d68a35037170ec1d2d27e) (ScriptedImporter) -> (artifact id: 'cd9d6c6dd389d33cf807952e54617e76') in 0.0153888 seconds
Number of updated asset objects reloaded before import = 0Number of asset objects unloaded after import = 8

========================================================================
Received Import Request.
  Time since last request: 0.000016 seconds.
  path: Assets/Asset/Cartoon Temple Building Kit/Fbx/Round/Round Hollow 3.fbx
  artifactKey: Guid(4a39c48d797aec04fb88603a03212fe5) Importer(2089858483,d624ce77472d68a35037170ec1d2d27e)
Start importing Assets/Asset/Cartoon Temple Building Kit/Fbx/Round/Round Hollow 3.fbx using Guid(4a39c48d797aec04fb88603a03212fe5) Importer(2089858483,d624ce77472d68a35037170ec1d2d27e) (ScriptedImporter) -> (artifact id: 'a24ad345d8316fe2dc9689a5560a9be7') in 0.0154636 seconds
Number of updated asset objects reloaded before import = 0Number of asset objects unloaded after import = 8

========================================================================
Received Import Request.
  Time since last request: 0.000013 seconds.
  path: Assets/Asset/Cartoon Temple Building Kit/Fbx/Blocks/Block 4x3x4.fbx
  artifactKey: Guid(472147c4d393e8d4ab1aaf208b6ed223) Importer(2089858483,d624ce77472d68a35037170ec1d2d27e)
Start importing Assets/Asset/Cartoon Temple Building Kit/Fbx/Blocks/Block 4x3x4.fbx using Guid(472147c4d393e8d4ab1aaf208b6ed223) Importer(2089858483,d624ce77472d68a35037170ec1d2d27e) (ScriptedImporter) -> (artifact id: 'b976166bbec89bb8317c8d76266eafab') in 0.0155314 seconds
Number of updated asset objects reloaded before import = 0Number of asset objects unloaded after import = 8

========================================================================
Received Import Request.
  Time since last request: 0.000014 seconds.
  path: Assets/Asset/Cartoon Temple Building Kit/Fbx/Doors Gates Hallways/Gate 4.fbx
  artifactKey: Guid(31ebd80d3f64ab74b98898947c055382) Importer(2089858483,d624ce77472d68a35037170ec1d2d27e)
Start importing Assets/Asset/Cartoon Temple Building Kit/Fbx/Doors Gates Hallways/Gate 4.fbx using Guid(31ebd80d3f64ab74b98898947c055382) Importer(2089858483,d624ce77472d68a35037170ec1d2d27e) (ScriptedImporter) -> (artifact id: '5824e1f2f471a07f0ec227275ad3fb00') in 0.0133409 seconds
Number of updated asset objects reloaded before import = 0Number of asset objects unloaded after import = 8

========================================================================
Received Import Request.
  Time since last request: 0.000013 seconds.
  path: Assets/Asset/Cartoon Temple Building Kit/Fbx/Ground Stones Tile/Ground Stones Tile 1x1.fbx
  artifactKey: Guid(9aaa3144456a982458d4c21e4d6a3bda) Importer(2089858483,d624ce77472d68a35037170ec1d2d27e)
Start importing Assets/Asset/Cartoon Temple Building Kit/Fbx/Ground Stones Tile/Ground Stones Tile 1x1.fbx using Guid(9aaa3144456a982458d4c21e4d6a3bda) Importer(2089858483,d624ce77472d68a35037170ec1d2d27e) (ScriptedImporter) -> (artifact id: '4bd4149a3853d219607e62de37761177') in 0.0156814 seconds
Number of updated asset objects reloaded before import = 0Number of asset objects unloaded after import = 8

========================================================================
Received Import Request.
  Time since last request: 0.000012 seconds.
  path: Assets/Asset/Simple UI/Samples/IconPreview.cs
  artifactKey: Guid(b8fa2981275434cd0ba04a77ada65478) Importer(2089858483,d624ce77472d68a35037170ec1d2d27e)
Start importing Assets/Asset/Simple UI/Samples/IconPreview.cs using Guid(b8fa2981275434cd0ba04a77ada65478) Importer(2089858483,d624ce77472d68a35037170ec1d2d27e) (ScriptedImporter) -> (artifact id: '7b1bec4bf32c02408872aca2f10a8d4e') in 0.003258 seconds
Number of updated asset objects reloaded before import = 0Number of asset objects unloaded after import = 0

========================================================================
Received Import Request.
  Time since last request: 0.000047 seconds.
  path: Assets/Asset/Cartoon Temple Building Kit/Fbx/Blocks/Block 2x2x2.fbx
  artifactKey: Guid(9a64f541001b74940869da4b03a24fb0) Importer(2089858483,d624ce77472d68a35037170ec1d2d27e)
Start importing Assets/Asset/Cartoon Temple Building Kit/Fbx/Blocks/Block 2x2x2.fbx using Guid(9a64f541001b74940869da4b03a24fb0) Importer(2089858483,d624ce77472d68a35037170ec1d2d27e) (ScriptedImporter) -> (artifact id: '5451fc6c651dcc9ffc713dc4cd82f037') in 0.0142853 seconds
Number of updated asset objects reloaded before import = 0Number of asset objects unloaded after import = 8

========================================================================
Received Import Request.
  Time since last request: 0.000015 seconds.
  path: Assets/Asset/Cartoon Temple Building Kit/Fbx/Doors Gates Hallways/Hallway 3x1.fbx
  artifactKey: Guid(6cf676280852a6c4b9db4329f7baa9a0) Importer(2089858483,d624ce77472d68a35037170ec1d2d27e)
Start importing Assets/Asset/Cartoon Temple Building Kit/Fbx/Doors Gates Hallways/Hallway 3x1.fbx using Guid(6cf676280852a6c4b9db4329f7baa9a0) Importer(2089858483,d624ce77472d68a35037170ec1d2d27e) (ScriptedImporter) -> (artifact id: '9587d9cc3f9843d23acea0d7563bc429') in 0.0131957 seconds
Number of updated asset objects reloaded before import = 0Number of asset objects unloaded after import = 8

========================================================================
Received Import Request.
  Time since last request: 0.000013 seconds.
  path: Assets/Asset/Cartoon Temple Building Kit/Fbx/Blocks/Block 5x4x5.fbx
  artifactKey: Guid(5f3633e41cd71c04dbb800339031c7a2) Importer(2089858483,d624ce77472d68a35037170ec1d2d27e)
Start importing Assets/Asset/Cartoon Temple Building Kit/Fbx/Blocks/Block 5x4x5.fbx using Guid(5f3633e41cd71c04dbb800339031c7a2) Importer(2089858483,d624ce77472d68a35037170ec1d2d27e) (ScriptedImporter) -> (artifact id: 'fd6e76438d7bc588543d7c2d3695bd78') in 0.0155976 seconds
Number of updated asset objects reloaded before import = 0Number of asset objects unloaded after import = 8

========================================================================
Received Import Request.
  Time since last request: 0.000012 seconds.
  path: Assets/Asset/Cartoon Temple Building Kit/Fbx/Blocks And Bricks/Blocks And Bricks 16.fbx
  artifactKey: Guid(257983b39ec65a248a27b31a6ed263bf) Importer(2089858483,d624ce77472d68a35037170ec1d2d27e)
Start importing Assets/Asset/Cartoon Temple Building Kit/Fbx/Blocks And Bricks/Blocks And Bricks 16.fbx using Guid(257983b39ec65a248a27b31a6ed263bf) Importer(2089858483,d624ce77472d68a35037170ec1d2d27e) (ScriptedImporter) -> (artifact id: '1bde9dc822ad9b150d55ceda90724889') in 0.0156721 seconds
Number of updated asset objects reloaded before import = 0Number of asset objects unloaded after import = 8

========================================================================
Received Import Request.
  Time since last request: 0.000012 seconds.
  path: Assets/Asset/Cartoon Temple Building Kit/Fbx/Blocks And Bricks/Blocks And Bricks 20 One Sided.fbx
  artifactKey: Guid(6330f18c8aa8fdf4aaff055f67a6f3cd) Importer(2089858483,d624ce77472d68a35037170ec1d2d27e)
Start importing Assets/Asset/Cartoon Temple Building Kit/Fbx/Blocks And Bricks/Blocks And Bricks 20 One Sided.fbx using Guid(6330f18c8aa8fdf4aaff055f67a6f3cd) Importer(2089858483,d624ce77472d68a35037170ec1d2d27e) (ScriptedImporter) -> (artifact id: '074ceb13fa57f8ee713b6270c9c013a2') in 0.0129354 seconds
Number of updated asset objects reloaded before import = 0Number of asset objects unloaded after import = 8

========================================================================
Received Import Request.
  Time since last request: 0.000012 seconds.
  path: Assets/Asset/Cartoon Temple Building Kit/Fbx/Blocks And Bricks/Blocks And Bricks 11.fbx
  artifactKey: Guid(bad93d3467d6edf4cb2e3d2b3d272e26) Importer(2089858483,d624ce77472d68a35037170ec1d2d27e)
Start importing Assets/Asset/Cartoon Temple Building Kit/Fbx/Blocks And Bricks/Blocks And Bricks 11.fbx using Guid(bad93d3467d6edf4cb2e3d2b3d272e26) Importer(2089858483,d624ce77472d68a35037170ec1d2d27e) (ScriptedImporter) -> (artifact id: '56fb7932ef2c35aee4db8a3217ede800') in 0.0131615 seconds
Number of updated asset objects reloaded before import = 0Number of asset objects unloaded after import = 8

========================================================================
Received Import Request.
  Time since last request: 0.000017 seconds.
  path: Assets/Asset/Cartoon Temple Building Kit/Fbx/Blocks/Block 6x4x6.fbx
  artifactKey: Guid(5fdaeda06831dea48a2b2299906b37bc) Importer(2089858483,d624ce77472d68a35037170ec1d2d27e)
Start importing Assets/Asset/Cartoon Temple Building Kit/Fbx/Blocks/Block 6x4x6.fbx using Guid(5fdaeda06831dea48a2b2299906b37bc) Importer(2089858483,d624ce77472d68a35037170ec1d2d27e) (ScriptedImporter) -> (artifact id: '27bc6e062090901d2bfcf4749a969310') in 0.0143703 seconds
Number of updated asset objects reloaded before import = 0Number of asset objects unloaded after import = 8

========================================================================
Received Import Request.
  Time since last request: 0.000021 seconds.
  path: Assets/Asset/Cartoon Temple Building Kit/Fbx/Blocks/Block 1x3.fbx
  artifactKey: Guid(fcc2ae21649182746a86b95e8e122cb5) Importer(2089858483,d624ce77472d68a35037170ec1d2d27e)
Start importing Assets/Asset/Cartoon Temple Building Kit/Fbx/Blocks/Block 1x3.fbx using Guid(fcc2ae21649182746a86b95e8e122cb5) Importer(2089858483,d624ce77472d68a35037170ec1d2d27e) (ScriptedImporter) -> (artifact id: '8f4be3a88a60037cadc8388a91a6822c') in 0.0134257 seconds
Number of updated asset objects reloaded before import = 0Number of asset objects unloaded after import = 8

========================================================================
Received Import Request.
  Time since last request: 0.000013 seconds.
  path: Assets/Asset/Cartoon Temple Building Kit/Fbx/Blocks/Block 2x2x5.fbx
  artifactKey: Guid(5c062d49a18007e4ab477f231b901af3) Importer(2089858483,d624ce77472d68a35037170ec1d2d27e)
Start importing Assets/Asset/Cartoon Temple Building Kit/Fbx/Blocks/Block 2x2x5.fbx using Guid(5c062d49a18007e4ab477f231b901af3) Importer(2089858483,d624ce77472d68a35037170ec1d2d27e) (ScriptedImporter) -> (artifact id: 'f265d9a418566acb20fe6cb8e2109f07') in 0.0132457 seconds
Number of updated asset objects reloaded before import = 0Number of asset objects unloaded after import = 8

========================================================================
Received Import Request.
  Time since last request: 0.000013 seconds.
  path: Assets/Asset/Cartoon Temple Building Kit/Fbx/Blocks And Bricks/Blocks And Bricks 8.fbx
  artifactKey: Guid(89118b47ee44d9b4cbf646f7180361f0) Importer(2089858483,d624ce77472d68a35037170ec1d2d27e)
Start importing Assets/Asset/Cartoon Temple Building Kit/Fbx/Blocks And Bricks/Blocks And Bricks 8.fbx using Guid(89118b47ee44d9b4cbf646f7180361f0) Importer(2089858483,d624ce77472d68a35037170ec1d2d27e) (ScriptedImporter) -> (artifact id: '09cdca71a63240ae57835952c748543d') in 0.0144943 seconds
Number of updated asset objects reloaded before import = 0Number of asset objects unloaded after import = 8

========================================================================
Received Import Request.
  Time since last request: 0.000013 seconds.
  path: Assets/Asset/Cartoon Temple Building Kit/Fbx/Blocks And Bricks/Blocks And Bricks 14.fbx
  artifactKey: Guid(39d99c0ecb3ffba4287c4a1a50b1f5e1) Importer(2089858483,d624ce77472d68a35037170ec1d2d27e)
Start importing Assets/Asset/Cartoon Temple Building Kit/Fbx/Blocks And Bricks/Blocks And Bricks 14.fbx using Guid(39d99c0ecb3ffba4287c4a1a50b1f5e1) Importer(2089858483,d624ce77472d68a35037170ec1d2d27e) (ScriptedImporter) -> (artifact id: '1a94433912ae8faa1dacd74385887460') in 0.0125847 seconds
Number of updated asset objects reloaded before import = 0Number of asset objects unloaded after import = 8

========================================================================
Received Import Request.
  Time since last request: 0.000013 seconds.
  path: Assets/Asset/Cartoon Temple Building Kit/Fbx/Blocks/Block 2x2x4.fbx
  artifactKey: Guid(eb8b7bc9e7f719748babe882bc5b435d) Importer(2089858483,d624ce77472d68a35037170ec1d2d27e)
Start importing Assets/Asset/Cartoon Temple Building Kit/Fbx/Blocks/Block 2x2x4.fbx using Guid(eb8b7bc9e7f719748babe882bc5b435d) Importer(2089858483,d624ce77472d68a35037170ec1d2d27e) (ScriptedImporter) -> (artifact id: '885c0004688bf07c60764dc8915e3e88') in 0.0146624 seconds
Number of updated asset objects reloaded before import = 0Number of asset objects unloaded after import = 8

========================================================================
Received Import Request.
  Time since last request: 0.000015 seconds.
  path: Assets/Asset/Cartoon Temple Building Kit/Fbx/Doors Gates Hallways/Gate 2.fbx
  artifactKey: Guid(b65db6cd0abde3241bbae65b03714855) Importer(2089858483,d624ce77472d68a35037170ec1d2d27e)
Start importing Assets/Asset/Cartoon Temple Building Kit/Fbx/Doors Gates Hallways/Gate 2.fbx using Guid(b65db6cd0abde3241bbae65b03714855) Importer(2089858483,d624ce77472d68a35037170ec1d2d27e) (ScriptedImporter) -> (artifact id: '1180e4a13c50ac345fbb0bb2c53f46c8') in 0.0124655 seconds
Number of updated asset objects reloaded before import = 0Number of asset objects unloaded after import = 8

========================================================================
Received Import Request.
  Time since last request: 0.000012 seconds.
  path: Assets/Asset/Cartoon Temple Building Kit/Fbx/Blocks And Bricks/Blocks And Bricks 20.fbx
  artifactKey: Guid(bfa941c9183239c48b0d1499398889ff) Importer(2089858483,d624ce77472d68a35037170ec1d2d27e)
Start importing Assets/Asset/Cartoon Temple Building Kit/Fbx/Blocks And Bricks/Blocks And Bricks 20.fbx using Guid(bfa941c9183239c48b0d1499398889ff) Importer(2089858483,d624ce77472d68a35037170ec1d2d27e) (ScriptedImporter) -> (artifact id: '12f420f9de72c3f9a3358b001d682b53') in 0.0170212 seconds
Number of updated asset objects reloaded before import = 0Number of asset objects unloaded after import = 8

========================================================================
Received Import Request.
  Time since last request: 0.000012 seconds.
  path: Assets/ExternalDependencyManager/Editor/1.2.187/Google.IOSResolver.pdb
  artifactKey: Guid(41c90e40b1f446e3a7a78511ec9dc29a) Importer(2089858483,d624ce77472d68a35037170ec1d2d27e)
Start importing Assets/ExternalDependencyManager/Editor/1.2.187/Google.IOSResolver.pdb using Guid(41c90e40b1f446e3a7a78511ec9dc29a) Importer(2089858483,d624ce77472d68a35037170ec1d2d27e) (ScriptedImporter) -> (artifact id: 'c2e753f36e740993e513f272a6458548') in 0.0028847 seconds
Number of updated asset objects reloaded before import = 0Number of asset objects unloaded after import = 1

========================================================================
Received Import Request.
  Time since last request: 0.000044 seconds.
  path: Assets/ExternalDependencyManager/Editor/1.2.187/Google.JarResolver.dll
  artifactKey: Guid(7f5716a99eb1476d9ee5f077d6b54c11) Importer(2089858483,d624ce77472d68a35037170ec1d2d27e)
Start importing Assets/ExternalDependencyManager/Editor/1.2.187/Google.JarResolver.dll using Guid(7f5716a99eb1476d9ee5f077d6b54c11) Importer(2089858483,d624ce77472d68a35037170ec1d2d27e) (ScriptedImporter) -> (artifact id: 'e01ec326f6214682c5d7a5f45a809019') in 0.0068968 seconds
Number of updated asset objects reloaded before import = 0Number of asset objects unloaded after import = 0

========================================================================
Received Import Request.
  Time since last request: 0.000081 seconds.
  path: Assets/Asset/Standard Assets/PhysicsMaterials/ZeroFriction.physicMaterial
  artifactKey: Guid(c2815a7ab32e42c4bb42f59caacb8ec1) Importer(2089858483,d624ce77472d68a35037170ec1d2d27e)
Start importing Assets/Asset/Standard Assets/PhysicsMaterials/ZeroFriction.physicMaterial using Guid(c2815a7ab32e42c4bb42f59caacb8ec1) Importer(2089858483,d624ce77472d68a35037170ec1d2d27e) (ScriptedImporter) -> (artifact id: '70eaa8187e5e392ae4001c0ad00bd210') in 0.0036498 seconds
Number of updated asset objects reloaded before import = 0Number of asset objects unloaded after import = 1

========================================================================
Received Import Request.
  Time since last request: 0.000036 seconds.
  path: Assets/Asset/Cartoon Temple Building Kit/Fbx/Blocks/Block 3x3x5.fbx
  artifactKey: Guid(c2662310f10f11d478619d88d1a54825) Importer(2089858483,d624ce77472d68a35037170ec1d2d27e)
Start importing Assets/Asset/Cartoon Temple Building Kit/Fbx/Blocks/Block 3x3x5.fbx using Guid(c2662310f10f11d478619d88d1a54825) Importer(2089858483,d624ce77472d68a35037170ec1d2d27e) (ScriptedImporter) -> (artifact id: '5839b975939054072e3e7429cece3941') in 0.0118554 seconds
Number of updated asset objects reloaded before import = 0Number of asset objects unloaded after import = 8

========================================================================
Received Import Request.
  Time since last request: 0.000012 seconds.
  path: Assets/Asset/Standard Assets/PhysicsMaterials/Ice.physicmaterial
  artifactKey: Guid(ba92fb44336020f40bdf294bb66bc9da) Importer(2089858483,d624ce77472d68a35037170ec1d2d27e)
Start importing Assets/Asset/Standard Assets/PhysicsMaterials/Ice.physicmaterial using Guid(ba92fb44336020f40bdf294bb66bc9da) Importer(2089858483,d624ce77472d68a35037170ec1d2d27e) (ScriptedImporter) -> (artifact id: '0fd922bbd91913397ca9f6de4e8b78b2') in 0.003248 seconds
Number of updated asset objects reloaded before import = 0Number of asset objects unloaded after import = 1

========================================================================
Received Import Request.
  Time since last request: 0.000028 seconds.
  path: Assets/Asset/Cartoon Temple Building Kit/Fbx/Ground Stones Tile/Ground Stones Tile Half 2.fbx
  artifactKey: Guid(c62a66cf185cb51439c4ff165ab08b9d) Importer(2089858483,d624ce77472d68a35037170ec1d2d27e)
Start importing Assets/Asset/Cartoon Temple Building Kit/Fbx/Ground Stones Tile/Ground Stones Tile Half 2.fbx using Guid(c62a66cf185cb51439c4ff165ab08b9d) Importer(2089858483,d624ce77472d68a35037170ec1d2d27e) (ScriptedImporter) -> (artifact id: '83097e1b40bc9c52e5e66c7006596ffc') in 0.0157471 seconds
Number of updated asset objects reloaded before import = 0Number of asset objects unloaded after import = 8

========================================================================
Received Import Request.
  Time since last request: 0.000020 seconds.
  path: Assets/Asset/Cartoon Temple Building Kit/Fbx/Blocks/Block 7x5x7.fbx
  artifactKey: Guid(37cf0777b0adbc64ab08581fa9749d8e) Importer(2089858483,d624ce77472d68a35037170ec1d2d27e)
Start importing Assets/Asset/Cartoon Temple Building Kit/Fbx/Blocks/Block 7x5x7.fbx using Guid(37cf0777b0adbc64ab08581fa9749d8e) Importer(2089858483,d624ce77472d68a35037170ec1d2d27e) (ScriptedImporter) -> (artifact id: 'a66c9c96143ad5bdfc9c1d857accff73') in 0.0159322 seconds
Number of updated asset objects reloaded before import = 0Number of asset objects unloaded after import = 8

========================================================================
Received Import Request.
  Time since last request: 0.000013 seconds.
  path: Assets/Asset/Cartoon Temple Building Kit/Fbx/Ground Stones Tile/Ground Stones Tile Half 4.fbx
  artifactKey: Guid(81f03de8f1589624cb6f1e67ee7411dc) Importer(2089858483,d624ce77472d68a35037170ec1d2d27e)
Start importing Assets/Asset/Cartoon Temple Building Kit/Fbx/Ground Stones Tile/Ground Stones Tile Half 4.fbx using Guid(81f03de8f1589624cb6f1e67ee7411dc) Importer(2089858483,d624ce77472d68a35037170ec1d2d27e) (ScriptedImporter) -> (artifact id: 'ee2e543e769a48abc0f384a046dd1175') in 0.0157485 seconds
Number of updated asset objects reloaded before import = 0Number of asset objects unloaded after import = 8

========================================================================
Received Import Request.
  Time since last request: 0.000013 seconds.
  path: Assets/Asset/Simple UI/Resource Icons/UI_Graphic_Resource_Iron.png
  artifactKey: Guid(46c993598ebc54c0c9ebd8a0050516fb) Importer(2089858483,d624ce77472d68a35037170ec1d2d27e)
Start importing Assets/Asset/Simple UI/Resource Icons/UI_Graphic_Resource_Iron.png using Guid(46c993598ebc54c0c9ebd8a0050516fb) Importer(2089858483,d624ce77472d68a35037170ec1d2d27e) (ScriptedImporter) -> (artifact id: '64fb49d400ce083838ba7e844b9488da') in 0.0130052 seconds
Number of updated asset objects reloaded before import = 0Number of asset objects unloaded after import = 3

========================================================================
Received Import Request.
  Time since last request: 0.000013 seconds.
  path: Assets/Asset/Cartoon Temple Building Kit/Fbx/Blocks/Block 4x2x5.fbx
  artifactKey: Guid(3ed9cc523d567c64b8e2bf06b1d0e2ac) Importer(2089858483,d624ce77472d68a35037170ec1d2d27e)
Start importing Assets/Asset/Cartoon Temple Building Kit/Fbx/Blocks/Block 4x2x5.fbx using Guid(3ed9cc523d567c64b8e2bf06b1d0e2ac) Importer(2089858483,d624ce77472d68a35037170ec1d2d27e) (ScriptedImporter) -> (artifact id: '541b8432a5b6b911dd0d92b3d831440e') in 0.0178678 seconds
Number of updated asset objects reloaded before import = 0Number of asset objects unloaded after import = 8

========================================================================
Received Import Request.
  Time since last request: 0.000019 seconds.
  path: Assets/Asset/Cartoon Temple Building Kit/Fbx/Doors Gates Hallways/Hallway 3x3.fbx
  artifactKey: Guid(700213a0bbf9d1340b6c584feccf2ca6) Importer(2089858483,d624ce77472d68a35037170ec1d2d27e)
Start importing Assets/Asset/Cartoon Temple Building Kit/Fbx/Doors Gates Hallways/Hallway 3x3.fbx using Guid(700213a0bbf9d1340b6c584feccf2ca6) Importer(2089858483,d624ce77472d68a35037170ec1d2d27e) (ScriptedImporter) -> (artifact id: '3ac8580659926a19b08ad61108186762') in 0.0182771 seconds
Number of updated asset objects reloaded before import = 0Number of asset objects unloaded after import = 8

========================================================================
Received Import Request.
  Time since last request: 0.000019 seconds.
  path: Assets/Asset/Cartoon Temple Building Kit/Fbx/Doors Gates Hallways/Gate 1.fbx
  artifactKey: Guid(a7bf09e66f48b454494b6f1e2cd639cb) Importer(2089858483,d624ce77472d68a35037170ec1d2d27e)
Start importing Assets/Asset/Cartoon Temple Building Kit/Fbx/Doors Gates Hallways/Gate 1.fbx using Guid(a7bf09e66f48b454494b6f1e2cd639cb) Importer(2089858483,d624ce77472d68a35037170ec1d2d27e) (ScriptedImporter) -> (artifact id: 'b91da94858466abfcf0d7bf1a39adf5c') in 0.0145921 seconds
Number of updated asset objects reloaded before import = 0Number of asset objects unloaded after import = 8

========================================================================
Received Import Request.
  Time since last request: 0.000013 seconds.
  path: Assets/Asset/Cartoon Temple Building Kit/Fbx/Blocks/Block 5x2x5.fbx
  artifactKey: Guid(d3bba2bba7de48f458f1f310056ddb48) Importer(2089858483,d624ce77472d68a35037170ec1d2d27e)
Start importing Assets/Asset/Cartoon Temple Building Kit/Fbx/Blocks/Block 5x2x5.fbx using Guid(d3bba2bba7de48f458f1f310056ddb48) Importer(2089858483,d624ce77472d68a35037170ec1d2d27e) (ScriptedImporter) -> (artifact id: '196c6806c3dcd4fef6d34be546f76bdb') in 0.0135526 seconds
Number of updated asset objects reloaded before import = 0Number of asset objects unloaded after import = 8

========================================================================
Received Import Request.
  Time since last request: 0.000048 seconds.
  path: Assets/Asset/Simple UI/Resource Icons/UI_Graphic_Resource_Wood.png
  artifactKey: Guid(350f2e489c1d0458db18e969f67cb28a) Importer(2089858483,d624ce77472d68a35037170ec1d2d27e)
Start importing Assets/Asset/Simple UI/Resource Icons/UI_Graphic_Resource_Wood.png using Guid(350f2e489c1d0458db18e969f67cb28a) Importer(2089858483,d624ce77472d68a35037170ec1d2d27e) (ScriptedImporter) -> (artifact id: '2fb6c9b1022ef0c8cd4679d2a08569b7') in 0.0155711 seconds
Number of updated asset objects reloaded before import = 0Number of asset objects unloaded after import = 3

========================================================================
Received Import Request.
  Time since last request: 0.000013 seconds.
  path: Assets/Asset/Cartoon Temple Building Kit/Fbx/Blocks And Bricks/Blocks And Bricks 2.fbx
  artifactKey: Guid(59a05f4a47084a8408900a8c111924fd) Importer(2089858483,d624ce77472d68a35037170ec1d2d27e)
Start importing Assets/Asset/Cartoon Temple Building Kit/Fbx/Blocks And Bricks/Blocks And Bricks 2.fbx using Guid(59a05f4a47084a8408900a8c111924fd) Importer(2089858483,d624ce77472d68a35037170ec1d2d27e) (ScriptedImporter) -> (artifact id: '3d8a2aa69e32ed15a866045ac2c49f38') in 0.013616 seconds
Number of updated asset objects reloaded before import = 0Number of asset objects unloaded after import = 8

========================================================================
Received Import Request.
  Time since last request: 0.000013 seconds.
  path: Assets/Asset/Cartoon Temple Building Kit/Fbx/Blocks/Block 3x3x4.fbx
  artifactKey: Guid(1a29a3498df29784c8137c898446a6b1) Importer(2089858483,d624ce77472d68a35037170ec1d2d27e)
Start importing Assets/Asset/Cartoon Temple Building Kit/Fbx/Blocks/Block 3x3x4.fbx using Guid(1a29a3498df29784c8137c898446a6b1) Importer(2089858483,d624ce77472d68a35037170ec1d2d27e) (ScriptedImporter) -> (artifact id: '955b30f2bda800de7f29f1b86e7fae71') in 0.0134873 seconds
Number of updated asset objects reloaded before import = 0Number of asset objects unloaded after import = 8

========================================================================
Received Import Request.
  Time since last request: 0.000012 seconds.
  path: Assets/Asset/Cartoon Temple Building Kit/Fbx/Blocks/Block 4x4x5.fbx
  artifactKey: Guid(1b792837f4baa3741ab3819ddf526572) Importer(2089858483,d624ce77472d68a35037170ec1d2d27e)
Start importing Assets/Asset/Cartoon Temple Building Kit/Fbx/Blocks/Block 4x4x5.fbx using Guid(1b792837f4baa3741ab3819ddf526572) Importer(2089858483,d624ce77472d68a35037170ec1d2d27e) (ScriptedImporter) -> (artifact id: 'c54e6c2e0c1f079727ff5eed83fe0304') in 0.0162582 seconds
Number of updated asset objects reloaded before import = 0Number of asset objects unloaded after import = 8

========================================================================
Received Import Request.
  Time since last request: 0.000013 seconds.
  path: Assets/Asset/Cartoon Temple Building Kit/Fbx/Blocks/Block 5x5x5.fbx
  artifactKey: Guid(4a32c1a1b714df644ba0bbc943b011f6) Importer(2089858483,d624ce77472d68a35037170ec1d2d27e)
Start importing Assets/Asset/Cartoon Temple Building Kit/Fbx/Blocks/Block 5x5x5.fbx using Guid(4a32c1a1b714df644ba0bbc943b011f6) Importer(2089858483,d624ce77472d68a35037170ec1d2d27e) (ScriptedImporter) -> (artifact id: '2b7da3747a60fba0b18ed02791afa4c9') in 0.015792 seconds
Number of updated asset objects reloaded before import = 0Number of asset objects unloaded after import = 8

========================================================================
Received Import Request.
  Time since last request: 0.000013 seconds.
  path: Assets/Asset/Cartoon Temple Building Kit/Fbx/Blocks And Bricks/Blocks And Bricks 13 One Sided.fbx
  artifactKey: Guid(1b660caaea8d4b1448af7c3940e19721) Importer(2089858483,d624ce77472d68a35037170ec1d2d27e)
Start importing Assets/Asset/Cartoon Temple Building Kit/Fbx/Blocks And Bricks/Blocks And Bricks 13 One Sided.fbx using Guid(1b660caaea8d4b1448af7c3940e19721) Importer(2089858483,d624ce77472d68a35037170ec1d2d27e) (ScriptedImporter) -> (artifact id: '67b8887eab7ec62c29b21cddd7e8d8c7') in 0.0151006 seconds
Number of updated asset objects reloaded before import = 0Number of asset objects unloaded after import = 8

========================================================================
Received Import Request.
  Time since last request: 0.000015 seconds.
  path: Assets/Asset/Cartoon Temple Building Kit/Fbx/Blocks/Block 3x5.fbx
  artifactKey: Guid(f667649ac606e3346b8a33ce13c046d4) Importer(2089858483,d624ce77472d68a35037170ec1d2d27e)
Start importing Assets/Asset/Cartoon Temple Building Kit/Fbx/Blocks/Block 3x5.fbx using Guid(f667649ac606e3346b8a33ce13c046d4) Importer(2089858483,d624ce77472d68a35037170ec1d2d27e) (ScriptedImporter) -> (artifact id: '5ed70e9fd4c7f543b95092b8bf3a4044') in 0.0156258 seconds
Number of updated asset objects reloaded before import = 0Number of asset objects unloaded after import = 8

========================================================================
Received Import Request.
  Time since last request: 0.000016 seconds.
  path: Assets/Asset/Cartoon Temple Building Kit/Fbx/Blocks And Bricks/Blocks And Bricks 9.fbx
  artifactKey: Guid(8cda0214594bb3a4bad7cee46abee52b) Importer(2089858483,d624ce77472d68a35037170ec1d2d27e)
Start importing Assets/Asset/Cartoon Temple Building Kit/Fbx/Blocks And Bricks/Blocks And Bricks 9.fbx using Guid(8cda0214594bb3a4bad7cee46abee52b) Importer(2089858483,d624ce77472d68a35037170ec1d2d27e) (ScriptedImporter) -> (artifact id: '79154bc425c5f9db28b2d7700865d14a') in 0.0178345 seconds
Number of updated asset objects reloaded before import = 0Number of asset objects unloaded after import = 8

========================================================================
Received Import Request.
  Time since last request: 0.000013 seconds.
  path: Assets/Asset/Cartoon Temple Building Kit/Fbx/Blocks And Bricks/Blocks And Bricks 17 One Sided.fbx
  artifactKey: Guid(08b1e43e5812af04f8a3a13624b5ab1f) Importer(2089858483,d624ce77472d68a35037170ec1d2d27e)
Start importing Assets/Asset/Cartoon Temple Building Kit/Fbx/Blocks And Bricks/Blocks And Bricks 17 One Sided.fbx using Guid(08b1e43e5812af04f8a3a13624b5ab1f) Importer(2089858483,d624ce77472d68a35037170ec1d2d27e) (ScriptedImporter) -> (artifact id: '3b766f1ce7b595d904af9c40617c4ebe') in 0.0154894 seconds
Number of updated asset objects reloaded before import = 0Number of asset objects unloaded after import = 8

========================================================================
Received Import Request.
  Time since last request: 0.000013 seconds.
  path: Assets/Asset/Cartoon Temple Building Kit/Fbx/Blocks/Block 3x2x3.fbx
  artifactKey: Guid(020ab59cc6e60564185f00ef2ff3e746) Importer(2089858483,d624ce77472d68a35037170ec1d2d27e)
Start importing Assets/Asset/Cartoon Temple Building Kit/Fbx/Blocks/Block 3x2x3.fbx using Guid(020ab59cc6e60564185f00ef2ff3e746) Importer(2089858483,d624ce77472d68a35037170ec1d2d27e) (ScriptedImporter) -> (artifact id: 'b87f8e8d02c5c369a5fd091feb70b006') in 0.0174153 seconds
Number of updated asset objects reloaded before import = 0Number of asset objects unloaded after import = 8

========================================================================
Received Import Request.
  Time since last request: 0.000013 seconds.
  path: Assets/Asset/Simple UI/PNG/UI_Frame_Transparent.png
  artifactKey: Guid(66982843b793e4fca92ac00569f2a7ad) Importer(2089858483,d624ce77472d68a35037170ec1d2d27e)
Start importing Assets/Asset/Simple UI/PNG/UI_Frame_Transparent.png using Guid(66982843b793e4fca92ac00569f2a7ad) Importer(2089858483,d624ce77472d68a35037170ec1d2d27e) (ScriptedImporter) -> (artifact id: '2f102878971f00c7a01a50f772b7a928') in 0.0166897 seconds
Number of updated asset objects reloaded before import = 0Number of asset objects unloaded after import = 3

========================================================================
Received Import Request.
  Time since last request: 0.000015 seconds.
  path: Assets/Asset/Simple UI/PSD/SimpleUI.psd
  artifactKey: Guid(b03511322802744d3af2111f51756802) Importer(2089858483,d624ce77472d68a35037170ec1d2d27e)
Start importing Assets/Asset/Simple UI/PSD/SimpleUI.psd using Guid(b03511322802744d3af2111f51756802) Importer(2089858483,d624ce77472d68a35037170ec1d2d27e) (ScriptedImporter) -> (artifact id: '3ef6f8be0dd59b75298b3999add4d131') in 0.0119368 seconds
Number of updated asset objects reloaded before import = 0Number of asset objects unloaded after import = 1

========================================================================
Received Import Request.
  Time since last request: 0.000027 seconds.
  path: Assets/Asset/Cartoon Temple Building Kit/Fbx/Blocks/Block 4x3x5.fbx
  artifactKey: Guid(bc4538d6039a0e3418d0d4c64c7e850c) Importer(2089858483,d624ce77472d68a35037170ec1d2d27e)
Start importing Assets/Asset/Cartoon Temple Building Kit/Fbx/Blocks/Block 4x3x5.fbx using Guid(bc4538d6039a0e3418d0d4c64c7e850c) Importer(2089858483,d624ce77472d68a35037170ec1d2d27e) (ScriptedImporter) -> (artifact id: 'aa3d058d395c1e20167cf1bf43ee4a57') in 0.0140295 seconds
Number of updated asset objects reloaded before import = 0Number of asset objects unloaded after import = 8

========================================================================
Received Import Request.
  Time since last request: 0.000016 seconds.
  path: Assets/Asset/Cartoon Temple Building Kit/Fbx/Ground Stones Tile/Ground Stones Tile 2x2.fbx
  artifactKey: Guid(9ef277ff5f15b1e48b8bbcb1461a15d5) Importer(2089858483,d624ce77472d68a35037170ec1d2d27e)
Start importing Assets/Asset/Cartoon Temple Building Kit/Fbx/Ground Stones Tile/Ground Stones Tile 2x2.fbx using Guid(9ef277ff5f15b1e48b8bbcb1461a15d5) Importer(2089858483,d624ce77472d68a35037170ec1d2d27e) (ScriptedImporter) -> (artifact id: '34354518b1bf88dbbada07c3a91a61e5') in 0.0131359 seconds
Number of updated asset objects reloaded before import = 0Number of asset objects unloaded after import = 8

========================================================================
Received Import Request.
  Time since last request: 0.681347 seconds.
  path: Assets/Asset/Cartoon Temple Building Kit/Fbx/Round/Round Pilar.fbx
  artifactKey: Guid(65ce4d6909c7a774ca8008339abfbda1) Importer(2089858483,d624ce77472d68a35037170ec1d2d27e)
Start importing Assets/Asset/Cartoon Temple Building Kit/Fbx/Round/Round Pilar.fbx using Guid(65ce4d6909c7a774ca8008339abfbda1) Importer(2089858483,d624ce77472d68a35037170ec1d2d27e) (ScriptedImporter) -> (artifact id: '2eef6f90ff28d709396919115e6d1b88') in 0.0134298 seconds
Number of updated asset objects reloaded before import = 0Number of asset objects unloaded after import = 8

========================================================================
Received Import Request.
  Time since last request: 0.000012 seconds.
  path: Assets/Asset/Cartoon Temple Building Kit/Fbx/Single cubes/Single Cube 9.fbx
  artifactKey: Guid(82c2b99942c40a1419e07caf18e2019c) Importer(2089858483,d624ce77472d68a35037170ec1d2d27e)
Start importing Assets/Asset/Cartoon Temple Building Kit/Fbx/Single cubes/Single Cube 9.fbx using Guid(82c2b99942c40a1419e07caf18e2019c) Importer(2089858483,d624ce77472d68a35037170ec1d2d27e) (ScriptedImporter) -> (artifact id: '1e4f27c68f7184d52cf546c8d1fa1877') in 0.0131102 seconds
Number of updated asset objects reloaded before import = 0Number of asset objects unloaded after import = 8

========================================================================
Received Import Request.
  Time since last request: 0.000012 seconds.
  path: Assets/Asset/Cartoon Temple Building Kit/Fbx/Sig Sag/Sig Sag 4x4 Flat.fbx
  artifactKey: Guid(f80eb55cf57cf1341a536170785da90d) Importer(2089858483,d624ce77472d68a35037170ec1d2d27e)
Start importing Assets/Asset/Cartoon Temple Building Kit/Fbx/Sig Sag/Sig Sag 4x4 Flat.fbx using Guid(f80eb55cf57cf1341a536170785da90d) Importer(2089858483,d624ce77472d68a35037170ec1d2d27e) (ScriptedImporter) -> (artifact id: 'b78d36ddfe421efccd41c1afa75dc900') in 0.0128391 seconds
Number of updated asset objects reloaded before import = 0Number of asset objects unloaded after import = 8

========================================================================
Received Import Request.
  Time since last request: 0.000015 seconds.
  path: Assets/Asset/Cartoon Temple Building Kit/Prefabs/Blocks And Bricks Prefabs/Blocks And Bricks 9  One Sided.prefab
  artifactKey: Guid(867ca91a138df104490a3d3cb491a153) Importer(2089858483,d624ce77472d68a35037170ec1d2d27e)
Start importing Assets/Asset/Cartoon Temple Building Kit/Prefabs/Blocks And Bricks Prefabs/Blocks And Bricks 9  One Sided.prefab using Guid(867ca91a138df104490a3d3cb491a153) Importer(2089858483,d624ce77472d68a35037170ec1d2d27e) (ScriptedImporter) -> (artifact id: '1adcb0d75fc8daa349ae5b79e150e866') in 0.0073842 seconds
Number of updated asset objects reloaded before import = 0Number of asset objects unloaded after import = 8

========================================================================
Received Import Request.
  Time since last request: 0.000012 seconds.
  path: Assets/Asset/Cartoon Temple Building Kit/Prefabs/Blocks Prefabs/Block 2x2x2.prefab
  artifactKey: Guid(3ce3463b3d8adc542bc156f5ff199576) Importer(2089858483,d624ce77472d68a35037170ec1d2d27e)
Start importing Assets/Asset/Cartoon Temple Building Kit/Prefabs/Blocks Prefabs/Block 2x2x2.prefab using Guid(3ce3463b3d8adc542bc156f5ff199576) Importer(2089858483,d624ce77472d68a35037170ec1d2d27e) (ScriptedImporter) -> (artifact id: '706ddd4c1ffa4edbf74e2aab858f0bff') in 0.0086809 seconds
Number of updated asset objects reloaded before import = 0Number of asset objects unloaded after import = 8

========================================================================
Received Import Request.
  Time since last request: 0.000014 seconds.
  path: Assets/Asset/Cartoon Temple Building Kit/Fbx/Walls/Wall Tile 1x4.fbx
  artifactKey: Guid(c00c0785d59cc644bb64b247606523f6) Importer(2089858483,d624ce77472d68a35037170ec1d2d27e)
Start importing Assets/Asset/Cartoon Temple Building Kit/Fbx/Walls/Wall Tile 1x4.fbx using Guid(c00c0785d59cc644bb64b247606523f6) Importer(2089858483,d624ce77472d68a35037170ec1d2d27e) (ScriptedImporter) -> (artifact id: 'dc9c95f87e8f57dff6772c5a9a4f9fae') in 0.0137677 seconds
Number of updated asset objects reloaded before import = 0Number of asset objects unloaded after import = 8

========================================================================
Received Import Request.
  Time since last request: 0.000012 seconds.
  path: Assets/Asset/Cartoon Temple Building Kit/Fbx/Square Holes/Square Hole 3x4 One Sided.fbx
  artifactKey: Guid(529707b392ac00a4eb68142bbe54384d) Importer(2089858483,d624ce77472d68a35037170ec1d2d27e)
Start importing Assets/Asset/Cartoon Temple Building Kit/Fbx/Square Holes/Square Hole 3x4 One Sided.fbx using Guid(529707b392ac00a4eb68142bbe54384d) Importer(2089858483,d624ce77472d68a35037170ec1d2d27e) (ScriptedImporter) -> (artifact id: 'bc191005f08a978d68244927779209a1') in 0.0146442 seconds
Number of updated asset objects reloaded before import = 0Number of asset objects unloaded after import = 8

========================================================================
Received Import Request.
  Time since last request: 0.000013 seconds.
  path: Assets/Asset/Cartoon Temple Building Kit/Prefabs/Blocks Prefabs/Block 2x2x4.prefab
  artifactKey: Guid(ad9212a6233106e449d805e73c42fa67) Importer(2089858483,d624ce77472d68a35037170ec1d2d27e)
Start importing Assets/Asset/Cartoon Temple Building Kit/Prefabs/Blocks Prefabs/Block 2x2x4.prefab using Guid(ad9212a6233106e449d805e73c42fa67) Importer(2089858483,d624ce77472d68a35037170ec1d2d27e) (ScriptedImporter) -> (artifact id: '77054fa24cfb44d79202e2d763730ae8') in 0.00865 seconds
Number of updated asset objects reloaded before import = 0Number of asset objects unloaded after import = 8

========================================================================
Received Import Request.
  Time since last request: 0.000013 seconds.
  path: Assets/Asset/Cartoon Temple Building Kit/Fbx/Single cubes/Single Cube 5.fbx
  artifactKey: Guid(b8e4e26895e841d4d88f6ad850cadb96) Importer(2089858483,d624ce77472d68a35037170ec1d2d27e)
Start importing Assets/Asset/Cartoon Temple Building Kit/Fbx/Single cubes/Single Cube 5.fbx using Guid(b8e4e26895e841d4d88f6ad850cadb96) Importer(2089858483,d624ce77472d68a35037170ec1d2d27e) (ScriptedImporter) -> (artifact id: 'c1803e83de72e25964beda50c941580a') in 0.0134014 seconds
Number of updated asset objects reloaded before import = 0Number of asset objects unloaded after import = 8

========================================================================
Received Import Request.
  Time since last request: 0.000012 seconds.
  path: Assets/Asset/Cartoon Temple Building Kit/Fbx/Single cubes/Single Cube 10.fbx
  artifactKey: Guid(55bb78cb8c7a2684b84c996598cdbf86) Importer(2089858483,d624ce77472d68a35037170ec1d2d27e)
Start importing Assets/Asset/Cartoon Temple Building Kit/Fbx/Single cubes/Single Cube 10.fbx using Guid(55bb78cb8c7a2684b84c996598cdbf86) Importer(2089858483,d624ce77472d68a35037170ec1d2d27e) (ScriptedImporter) -> (artifact id: '5452cbd90d79091c474c54cdc7387ae4') in 0.0150985 seconds
Number of updated asset objects reloaded before import = 0Number of asset objects unloaded after import = 8

========================================================================
Received Import Request.
  Time since last request: 0.000013 seconds.
  path: Assets/Asset/Cartoon Temple Building Kit/Prefabs/Blocks Prefabs/Block 4x4x6.prefab
  artifactKey: Guid(3794638b8cc1f4342bb58ebe73f01b2e) Importer(2089858483,d624ce77472d68a35037170ec1d2d27e)
Start importing Assets/Asset/Cartoon Temple Building Kit/Prefabs/Blocks Prefabs/Block 4x4x6.prefab using Guid(3794638b8cc1f4342bb58ebe73f01b2e) Importer(2089858483,d624ce77472d68a35037170ec1d2d27e) (ScriptedImporter) -> (artifact id: 'e5e60af9840478e6dc6284be01178619') in 0.0092303 seconds
Number of updated asset objects reloaded before import = 0Number of asset objects unloaded after import = 8

========================================================================
Received Import Request.
  Time since last request: 0.000015 seconds.
  path: Assets/Asset/Cartoon Temple Building Kit/Prefabs/Blocks And Bricks Prefabs/Blocks And Bricks 1.prefab
  artifactKey: Guid(3938407b3ec25084891253dd04c7dc39) Importer(2089858483,d624ce77472d68a35037170ec1d2d27e)
Start importing Assets/Asset/Cartoon Temple Building Kit/Prefabs/Blocks And Bricks Prefabs/Blocks And Bricks 1.prefab using Guid(3938407b3ec25084891253dd04c7dc39) Importer(2089858483,d624ce77472d68a35037170ec1d2d27e) (ScriptedImporter) -> (artifact id: '2db912df46e7be833424b375310b4c07') in 0.0085693 seconds
Number of updated asset objects reloaded before import = 0Number of asset objects unloaded after import = 8

========================================================================
Received Import Request.
  Time since last request: 0.000018 seconds.
  path: Assets/Asset/Cartoon Temple Building Kit/Fbx/Sig Sag/Sig Sag 1x4 Flat.fbx
  artifactKey: Guid(1b1e3d79f7f94704b943b81aa6bf608b) Importer(2089858483,d624ce77472d68a35037170ec1d2d27e)
Start importing Assets/Asset/Cartoon Temple Building Kit/Fbx/Sig Sag/Sig Sag 1x4 Flat.fbx using Guid(1b1e3d79f7f94704b943b81aa6bf608b) Importer(2089858483,d624ce77472d68a35037170ec1d2d27e) (ScriptedImporter) -> (artifact id: '1767cf3d8a48144dd000665f5616e2d1') in 0.0139418 seconds
Number of updated asset objects reloaded before import = 0Number of asset objects unloaded after import = 8

========================================================================
Received Import Request.
  Time since last request: 0.000012 seconds.
  path: Assets/Asset/Cartoon Temple Building Kit/Fbx/Square Holes/Square Hole 4x4 One Sided.fbx
  artifactKey: Guid(66d9a90c0428d454a8a39503ae74bc0f) Importer(2089858483,d624ce77472d68a35037170ec1d2d27e)
Start importing Assets/Asset/Cartoon Temple Building Kit/Fbx/Square Holes/Square Hole 4x4 One Sided.fbx using Guid(66d9a90c0428d454a8a39503ae74bc0f) Importer(2089858483,d624ce77472d68a35037170ec1d2d27e) (ScriptedImporter) -> (artifact id: '8c4c43e8647cd94cd83b31957caf92f4') in 0.0128951 seconds
Number of updated asset objects reloaded before import = 0Number of asset objects unloaded after import = 8

========================================================================
Received Import Request.
  Time since last request: 0.000012 seconds.
  path: Assets/Asset/Cartoon Temple Building Kit/Prefabs/Blocks And Bricks Prefabs/Blocks And Bricks 5 One Sided.prefab
  artifactKey: Guid(bfc141ace33fc494b9fb7ab868e4fc07) Importer(2089858483,d624ce77472d68a35037170ec1d2d27e)
Start importing Assets/Asset/Cartoon Temple Building Kit/Prefabs/Blocks And Bricks Prefabs/Blocks And Bricks 5 One Sided.prefab using Guid(bfc141ace33fc494b9fb7ab868e4fc07) Importer(2089858483,d624ce77472d68a35037170ec1d2d27e) (ScriptedImporter) -> (artifact id: 'b634c1e597f84548b52c7381252ed686') in 0.0074274 seconds
Number of updated asset objects reloaded before import = 0Number of asset objects unloaded after import = 8

========================================================================
Received Import Request.
  Time since last request: 0.000013 seconds.
  path: Assets/Asset/Cartoon Temple Building Kit/Prefabs/Blocks Prefabs/Block 5x2x5.prefab
  artifactKey: Guid(bd2ad23db69b4dc4e83f2382ecee21b2) Importer(2089858483,d624ce77472d68a35037170ec1d2d27e)
Start importing Assets/Asset/Cartoon Temple Building Kit/Prefabs/Blocks Prefabs/Block 5x2x5.prefab using Guid(bd2ad23db69b4dc4e83f2382ecee21b2) Importer(2089858483,d624ce77472d68a35037170ec1d2d27e) (ScriptedImporter) -> (artifact id: 'dc74d7443b444bdbc03eb7787dd3cb9b') in 0.0068696 seconds
Number of updated asset objects reloaded before import = 0Number of asset objects unloaded after import = 8

========================================================================
Received Import Request.
  Time since last request: 0.000012 seconds.
  path: Assets/Asset/Cartoon Temple Building Kit/Prefabs/Blocks Prefabs/Block 2x2x5.prefab
  artifactKey: Guid(9dc68d90e8a7ba2488cda753e9d5ff8e) Importer(2089858483,d624ce77472d68a35037170ec1d2d27e)
Start importing Assets/Asset/Cartoon Temple Building Kit/Prefabs/Blocks Prefabs/Block 2x2x5.prefab using Guid(9dc68d90e8a7ba2488cda753e9d5ff8e) Importer(2089858483,d624ce77472d68a35037170ec1d2d27e) (ScriptedImporter) -> (artifact id: 'c566abed4c84e076f556096dda38e798') in 0.0084951 seconds
Number of updated asset objects reloaded before import = 0Number of asset objects unloaded after import = 8

========================================================================
Received Import Request.
  Time since last request: 0.000011 seconds.
  path: Assets/Asset/Cartoon Temple Building Kit/Prefabs/Doors Gates Hallways Prefabs/Gate 3.prefab
  artifactKey: Guid(7c9f81d3257169b4c9f3d09f4b804d5a) Importer(2089858483,d624ce77472d68a35037170ec1d2d27e)
Start importing Assets/Asset/Cartoon Temple Building Kit/Prefabs/Doors Gates Hallways Prefabs/Gate 3.prefab using Guid(7c9f81d3257169b4c9f3d09f4b804d5a) Importer(2089858483,d624ce77472d68a35037170ec1d2d27e) (ScriptedImporter) -> (artifact id: '49a20c831d263bdc86bea852c80c5fb3') in 0.0092609 seconds
Number of updated asset objects reloaded before import = 0Number of asset objects unloaded after import = 8

========================================================================
Received Import Request.
  Time since last request: 0.000012 seconds.
  path: Assets/Asset/Cartoon Temple Building Kit/Fbx/Walls/Wall Tile 3x4.fbx
  artifactKey: Guid(8a4ec1dcd94598240b71b6e88f74646d) Importer(2089858483,d624ce77472d68a35037170ec1d2d27e)
Start importing Assets/Asset/Cartoon Temple Building Kit/Fbx/Walls/Wall Tile 3x4.fbx using Guid(8a4ec1dcd94598240b71b6e88f74646d) Importer(2089858483,d624ce77472d68a35037170ec1d2d27e) (ScriptedImporter) -> (artifact id: '2b68a3b722bb661b79185d1d97a08e12') in 0.0164547 seconds
Number of updated asset objects reloaded before import = 0Number of asset objects unloaded after import = 8

========================================================================
Received Import Request.
  Time since last request: 0.000013 seconds.
  path: Assets/Asset/Cartoon Temple Building Kit/Prefabs/Ground Stones Tile Prefabs/Ground Stones Tiles 1x4.prefab
  artifactKey: Guid(55834f602ae998d4b9804fd1dbc20a09) Importer(2089858483,d624ce77472d68a35037170ec1d2d27e)
Start importing Assets/Asset/Cartoon Temple Building Kit/Prefabs/Ground Stones Tile Prefabs/Ground Stones Tiles 1x4.prefab using Guid(55834f602ae998d4b9804fd1dbc20a09) Importer(2089858483,d624ce77472d68a35037170ec1d2d27e) (ScriptedImporter) -> (artifact id: '5d34a17d10f5f2322c01f793113e213c') in 0.0075884 seconds
Number of updated asset objects reloaded before import = 0Number of asset objects unloaded after import = 8

========================================================================
Received Import Request.
  Time since last request: 0.000013 seconds.
  path: Assets/Asset/Cartoon Temple Building Kit/Prefabs/Blocks And Bricks Prefabs/Blocks And Bricks 14 One Sided.prefab
  artifactKey: Guid(48a8424a4dc9c8e45b2c36d498d3b4b9) Importer(2089858483,d624ce77472d68a35037170ec1d2d27e)
Start importing Assets/Asset/Cartoon Temple Building Kit/Prefabs/Blocks And Bricks Prefabs/Blocks And Bricks 14 One Sided.prefab using Guid(48a8424a4dc9c8e45b2c36d498d3b4b9) Importer(2089858483,d624ce77472d68a35037170ec1d2d27e) (ScriptedImporter) -> (artifact id: 'f3c9a3fdf174a0a39ef3061a785575db') in 0.0072136 seconds
Number of updated asset objects reloaded before import = 0Number of asset objects unloaded after import = 8

========================================================================
Received Import Request.
  Time since last request: 0.000012 seconds.
  path: Assets/Asset/Cartoon Temple Building Kit/Prefabs/Blocks And Bricks Prefabs/Blocks And Bricks 8 One Sided.prefab
  artifactKey: Guid(31309cfd6d9b2d842984276a74168d68) Importer(2089858483,d624ce77472d68a35037170ec1d2d27e)
Start importing Assets/Asset/Cartoon Temple Building Kit/Prefabs/Blocks And Bricks Prefabs/Blocks And Bricks 8 One Sided.prefab using Guid(31309cfd6d9b2d842984276a74168d68) Importer(2089858483,d624ce77472d68a35037170ec1d2d27e) (ScriptedImporter) -> (artifact id: 'e03da7573d815d3db83c089c4ba7ce5e') in 0.0081841 seconds
Number of updated asset objects reloaded before import = 0Number of asset objects unloaded after import = 8

========================================================================
Received Import Request.
  Time since last request: 0.000012 seconds.
  path: Assets/Asset/Cartoon Temple Building Kit/Prefabs/Blocks Prefabs/Block 5x3x5.prefab
  artifactKey: Guid(caf6568a121df1d4d86d285e36c2b286) Importer(2089858483,d624ce77472d68a35037170ec1d2d27e)
Start importing Assets/Asset/Cartoon Temple Building Kit/Prefabs/Blocks Prefabs/Block 5x3x5.prefab using Guid(caf6568a121df1d4d86d285e36c2b286) Importer(2089858483,d624ce77472d68a35037170ec1d2d27e) (ScriptedImporter) -> (artifact id: '9932b376943e61d8e0a93f7b5e63a7d4') in 0.0071951 seconds
Number of updated asset objects reloaded before import = 0Number of asset objects unloaded after import = 8

========================================================================
Received Import Request.
  Time since last request: 0.000012 seconds.
  path: Assets/Asset/Cartoon Temple Building Kit/Prefabs/Blocks And Bricks Prefabs/Blocks And Bricks 10 One Sided.prefab
  artifactKey: Guid(a3f7345b2e0c9134eaed3a1f0f76f4ab) Importer(2089858483,d624ce77472d68a35037170ec1d2d27e)
Start importing Assets/Asset/Cartoon Temple Building Kit/Prefabs/Blocks And Bricks Prefabs/Blocks And Bricks 10 One Sided.prefab using Guid(a3f7345b2e0c9134eaed3a1f0f76f4ab) Importer(2089858483,d624ce77472d68a35037170ec1d2d27e) (ScriptedImporter) -> (artifact id: 'c5a1f831d1b0dd5b0ce230c994a3f7fa') in 0.0075426 seconds
Number of updated asset objects reloaded before import = 0Number of asset objects unloaded after import = 8

========================================================================
Received Import Request.
  Time since last request: 0.000011 seconds.
  path: Assets/Asset/Cartoon Temple Building Kit/Prefabs/Doors Gates Hallways Prefabs/Gate 4.prefab
  artifactKey: Guid(03b0ed4871f8e8d46aab17cd9b867655) Importer(2089858483,d624ce77472d68a35037170ec1d2d27e)
Start importing Assets/Asset/Cartoon Temple Building Kit/Prefabs/Doors Gates Hallways Prefabs/Gate 4.prefab using Guid(03b0ed4871f8e8d46aab17cd9b867655) Importer(2089858483,d624ce77472d68a35037170ec1d2d27e) (ScriptedImporter) -> (artifact id: '2b17bb965ae407cfdb4947889dfe6ef4') in 0.0094947 seconds
Number of updated asset objects reloaded before import = 0Number of asset objects unloaded after import = 8

========================================================================
Received Import Request.
  Time since last request: 0.000011 seconds.
  path: Assets/Asset/Cartoon Temple Building Kit/Materials/Emitter Materials/Emit powerfull.mat
  artifactKey: Guid(a15a8b59ba6c91549b6f4fde8f358586) Importer(2089858483,d624ce77472d68a35037170ec1d2d27e)
Start importing Assets/Asset/Cartoon Temple Building Kit/Materials/Emitter Materials/Emit powerfull.mat using Guid(a15a8b59ba6c91549b6f4fde8f358586) Importer(2089858483,d624ce77472d68a35037170ec1d2d27e) (ScriptedImporter) -> (artifact id: '4b5fe1da2f1915543d9f46357e870a3a') in 0.0049186 seconds
Number of updated asset objects reloaded before import = 0Number of asset objects unloaded after import = 1

========================================================================
Received Import Request.
  Time since last request: 0.000032 seconds.
  path: Assets/Asset/Cartoon Temple Building Kit/Prefabs/Blocks Prefabs/Block 3x4.prefab
  artifactKey: Guid(4fa2fe5ac82445743bc208c6699715a8) Importer(2089858483,d624ce77472d68a35037170ec1d2d27e)
Start importing Assets/Asset/Cartoon Temple Building Kit/Prefabs/Blocks Prefabs/Block 3x4.prefab using Guid(4fa2fe5ac82445743bc208c6699715a8) Importer(2089858483,d624ce77472d68a35037170ec1d2d27e) (ScriptedImporter) -> (artifact id: '611ae90dfe499aaee8b14a3e50cd85b1') in 0.0071558 seconds
Number of updated asset objects reloaded before import = 0Number of asset objects unloaded after import = 8

========================================================================
Received Import Request.
  Time since last request: 0.000013 seconds.
  path: Assets/Asset/Cartoon Temple Building Kit/Fbx/Walls/Wall Tile 4x4.fbx
  artifactKey: Guid(fa8ed8bb037ff5f4f9179db7935acd72) Importer(2089858483,d624ce77472d68a35037170ec1d2d27e)
Start importing Assets/Asset/Cartoon Temple Building Kit/Fbx/Walls/Wall Tile 4x4.fbx using Guid(fa8ed8bb037ff5f4f9179db7935acd72) Importer(2089858483,d624ce77472d68a35037170ec1d2d27e) (ScriptedImporter) -> (artifact id: '542cfddafdc0ae41bff8e3a2d54d6875') in 0.0132761 seconds
Number of updated asset objects reloaded before import = 0Number of asset objects unloaded after import = 8

========================================================================
Received Import Request.
  Time since last request: 0.000013 seconds.
  path: Assets/Asset/Cartoon Temple Building Kit/Fbx/Single cubes/Single Cube 15.fbx
  artifactKey: Guid(b4df84e6ac13e3a40bdef63db4e6f992) Importer(2089858483,d624ce77472d68a35037170ec1d2d27e)
Start importing Assets/Asset/Cartoon Temple Building Kit/Fbx/Single cubes/Single Cube 15.fbx using Guid(b4df84e6ac13e3a40bdef63db4e6f992) Importer(2089858483,d624ce77472d68a35037170ec1d2d27e) (ScriptedImporter) -> (artifact id: '80b40f59172fae069b37a95588c7530c') in 0.0141142 seconds
Number of updated asset objects reloaded before import = 0Number of asset objects unloaded after import = 8

========================================================================
Received Import Request.
  Time since last request: 0.000012 seconds.
  path: Assets/Asset/Cartoon Temple Building Kit/Fbx/Single cubes/Single Cube 14.fbx
  artifactKey: Guid(76132751f6571ad4598fad278158e4e9) Importer(2089858483,d624ce77472d68a35037170ec1d2d27e)
Start importing Assets/Asset/Cartoon Temple Building Kit/Fbx/Single cubes/Single Cube 14.fbx using Guid(76132751f6571ad4598fad278158e4e9) Importer(2089858483,d624ce77472d68a35037170ec1d2d27e) (ScriptedImporter) -> (artifact id: 'dfce0577cc300a5aff705621aeb6d828') in 0.0129482 seconds
Number of updated asset objects reloaded before import = 0Number of asset objects unloaded after import = 8

========================================================================
Received Import Request.
  Time since last request: 0.000011 seconds.
  path: Assets/Asset/Cartoon Temple Building Kit/Prefabs/Blocks Prefabs/Block 3x2x5.prefab
  artifactKey: Guid(9e2b258c1f3e3934ab7e0d9e2e806958) Importer(2089858483,d624ce77472d68a35037170ec1d2d27e)
Start importing Assets/Asset/Cartoon Temple Building Kit/Prefabs/Blocks Prefabs/Block 3x2x5.prefab using Guid(9e2b258c1f3e3934ab7e0d9e2e806958) Importer(2089858483,d624ce77472d68a35037170ec1d2d27e) (ScriptedImporter) -> (artifact id: 'a8a6babf7d14f27e59e5a90e44051ffc') in 0.0076146 seconds
Number of updated asset objects reloaded before import = 0Number of asset objects unloaded after import = 8

========================================================================
Received Import Request.
  Time since last request: 0.000014 seconds.
  path: Assets/Asset/Cartoon Temple Building Kit/Materials/Emitter Materials/Emitter Green Blue.mat
  artifactKey: Guid(d14b208825a4e9747942e14477a099d0) Importer(2089858483,d624ce77472d68a35037170ec1d2d27e)
Start importing Assets/Asset/Cartoon Temple Building Kit/Materials/Emitter Materials/Emitter Green Blue.mat using Guid(d14b208825a4e9747942e14477a099d0) Importer(2089858483,d624ce77472d68a35037170ec1d2d27e) (ScriptedImporter) -> (artifact id: '5d067886bb50420c0398efe9b5a52ac7') in 0.0044713 seconds
Number of updated asset objects reloaded before import = 0Number of asset objects unloaded after import = 1

========================================================================
Received Import Request.
  Time since last request: 0.000011 seconds.
  path: Assets/Asset/Cartoon Temple Building Kit/Prefabs/Ground Stones Tile Prefabs/Ground Stones Tile 2x2.prefab
  artifactKey: Guid(9b7e4f7d451cd4642bafd142004ceead) Importer(2089858483,d624ce77472d68a35037170ec1d2d27e)
Start importing Assets/Asset/Cartoon Temple Building Kit/Prefabs/Ground Stones Tile Prefabs/Ground Stones Tile 2x2.prefab using Guid(9b7e4f7d451cd4642bafd142004ceead) Importer(2089858483,d624ce77472d68a35037170ec1d2d27e) (ScriptedImporter) -> (artifact id: 'cd5ac8a67caf7eb0808b7154644a8b69') in 0.007088 seconds
Number of updated asset objects reloaded before import = 0Number of asset objects unloaded after import = 8

========================================================================
Received Import Request.
  Time since last request: 0.000012 seconds.
  path: Assets/Asset/Cartoon Temple Building Kit/Fbx/Sig Sag/Sig Sag 1x2 Flat.fbx
  artifactKey: Guid(754e26cbd9187cf4c882ee80776a9217) Importer(2089858483,d624ce77472d68a35037170ec1d2d27e)
Start importing Assets/Asset/Cartoon Temple Building Kit/Fbx/Sig Sag/Sig Sag 1x2 Flat.fbx using Guid(754e26cbd9187cf4c882ee80776a9217) Importer(2089858483,d624ce77472d68a35037170ec1d2d27e) (ScriptedImporter) -> (artifact id: 'a4d13cdf5966f19e929cfa94eff7330d') in 0.0124894 seconds
Number of updated asset objects reloaded before import = 0Number of asset objects unloaded after import = 8

========================================================================
Received Import Request.
  Time since last request: 0.000013 seconds.
  path: Assets/Asset/Cartoon Temple Building Kit/Prefabs/Blocks And Bricks Prefabs/Blocks And Bricks 16 One Sided.prefab
  artifactKey: Guid(1407122fbc99a8545b0559ba5fd4f6b4) Importer(2089858483,d624ce77472d68a35037170ec1d2d27e)
Start importing Assets/Asset/Cartoon Temple Building Kit/Prefabs/Blocks And Bricks Prefabs/Blocks And Bricks 16 One Sided.prefab using Guid(1407122fbc99a8545b0559ba5fd4f6b4) Importer(2089858483,d624ce77472d68a35037170ec1d2d27e) (ScriptedImporter) -> (artifact id: 'c2a3c64e5af0b9baa8afe40c71ee0528') in 0.0075316 seconds
Number of updated asset objects reloaded before import = 0Number of asset objects unloaded after import = 8

========================================================================
Received Import Request.
  Time since last request: 0.000019 seconds.
  path: Assets/Asset/Cartoon Temple Building Kit/Prefabs/Blocks Prefabs/Block 4x3x4.prefab
  artifactKey: Guid(ed7ae83de4b50a24397bbba708adb962) Importer(2089858483,d624ce77472d68a35037170ec1d2d27e)
Start importing Assets/Asset/Cartoon Temple Building Kit/Prefabs/Blocks Prefabs/Block 4x3x4.prefab using Guid(ed7ae83de4b50a24397bbba708adb962) Importer(2089858483,d624ce77472d68a35037170ec1d2d27e) (ScriptedImporter) -> (artifact id: '256a3b93e1fdf5424deb0d440c039252') in 0.0092192 seconds
Number of updated asset objects reloaded before import = 0Number of asset objects unloaded after import = 8

========================================================================
Received Import Request.
  Time since last request: 0.000012 seconds.
  path: Assets/Asset/Cartoon Temple Building Kit/Prefabs/Blocks Prefabs/Block 5x5x7.prefab
  artifactKey: Guid(ad9c9c82dcc82564491f535db640b953) Importer(2089858483,d624ce77472d68a35037170ec1d2d27e)
Start importing Assets/Asset/Cartoon Temple Building Kit/Prefabs/Blocks Prefabs/Block 5x5x7.prefab using Guid(ad9c9c82dcc82564491f535db640b953) Importer(2089858483,d624ce77472d68a35037170ec1d2d27e) (ScriptedImporter) -> (artifact id: 'cd3d0838de3e9ccd697c71de0bc1c5e8') in 0.00882 seconds
Number of updated asset objects reloaded before import = 0Number of asset objects unloaded after import = 8

========================================================================
Received Import Request.
  Time since last request: 0.000012 seconds.
  path: Assets/Asset/Cartoon Temple Building Kit/Prefabs/Blocks And Bricks Prefabs/Blocks And Bricks 6 One Sided.prefab
  artifactKey: Guid(26325b266903d2f43b60569e11a4f9d2) Importer(2089858483,d624ce77472d68a35037170ec1d2d27e)
Start importing Assets/Asset/Cartoon Temple Building Kit/Prefabs/Blocks And Bricks Prefabs/Blocks And Bricks 6 One Sided.prefab using Guid(26325b266903d2f43b60569e11a4f9d2) Importer(2089858483,d624ce77472d68a35037170ec1d2d27e) (ScriptedImporter) -> (artifact id: '8f70b102b76b631174064e55f8259fbc') in 0.0074701 seconds
Number of updated asset objects reloaded before import = 0Number of asset objects unloaded after import = 8

========================================================================
Received Import Request.
  Time since last request: 0.000012 seconds.
  path: Assets/Asset/Cartoon Temple Building Kit/Prefabs/Blocks Prefabs/Block 5x5x5.prefab
  artifactKey: Guid(de37ea5075d5b1a40ab0bef7065d3312) Importer(2089858483,d624ce77472d68a35037170ec1d2d27e)
Start importing Assets/Asset/Cartoon Temple Building Kit/Prefabs/Blocks Prefabs/Block 5x5x5.prefab using Guid(de37ea5075d5b1a40ab0bef7065d3312) Importer(2089858483,d624ce77472d68a35037170ec1d2d27e) (ScriptedImporter) -> (artifact id: '41ea375a2a054b477336b31bf69d6c77') in 0.0085586 seconds
Number of updated asset objects reloaded before import = 0Number of asset objects unloaded after import = 8

========================================================================
Received Import Request.
  Time since last request: 0.000014 seconds.
  path: Assets/Asset/Cartoon Temple Building Kit/Prefabs/Blocks And Bricks Prefabs/Blocks And Bricks 2.prefab
  artifactKey: Guid(92b9dc69df6d54045ac4c5929235faeb) Importer(2089858483,d624ce77472d68a35037170ec1d2d27e)
Start importing Assets/Asset/Cartoon Temple Building Kit/Prefabs/Blocks And Bricks Prefabs/Blocks And Bricks 2.prefab using Guid(92b9dc69df6d54045ac4c5929235faeb) Importer(2089858483,d624ce77472d68a35037170ec1d2d27e) (ScriptedImporter) -> (artifact id: '01e7fa8c58cff4181d5635bdb5c42206') in 0.0083785 seconds
Number of updated asset objects reloaded before import = 0Number of asset objects unloaded after import = 8

========================================================================
Received Import Request.
  Time since last request: 0.000011 seconds.
  path: Assets/Asset/Cartoon Temple Building Kit/Prefabs/Ground Stones Tile Prefabs/Ground Stones Tile 1x1.prefab
  artifactKey: Guid(3d640aee8f7f11f4eb817abd8f0d516c) Importer(2089858483,d624ce77472d68a35037170ec1d2d27e)
Start importing Assets/Asset/Cartoon Temple Building Kit/Prefabs/Ground Stones Tile Prefabs/Ground Stones Tile 1x1.prefab using Guid(3d640aee8f7f11f4eb817abd8f0d516c) Importer(2089858483,d624ce77472d68a35037170ec1d2d27e) (ScriptedImporter) -> (artifact id: '03d6409feb11e0fac43223d71b3ed92a') in 0.0074391 seconds
Number of updated asset objects reloaded before import = 0Number of asset objects unloaded after import = 8

========================================================================
Received Import Request.
  Time since last request: 0.000011 seconds.
  path: Assets/Asset/Cartoon Temple Building Kit/Fbx/Sig Sag/Sig Sag 2x4 One Sided.fbx
  artifactKey: Guid(d654358a1f5812f46bc712f941e97d55) Importer(2089858483,d624ce77472d68a35037170ec1d2d27e)
Start importing Assets/Asset/Cartoon Temple Building Kit/Fbx/Sig Sag/Sig Sag 2x4 One Sided.fbx using Guid(d654358a1f5812f46bc712f941e97d55) Importer(2089858483,d624ce77472d68a35037170ec1d2d27e) (ScriptedImporter) -> (artifact id: 'f1a30ac63d7019d44fb41c54dffe5ef9') in 0.0126723 seconds
Number of updated asset objects reloaded before import = 0Number of asset objects unloaded after import = 8

========================================================================
Received Import Request.
  Time since last request: 0.000011 seconds.
  path: Assets/Asset/Cartoon Temple Building Kit/Prefabs/Ground Stones Tile Prefabs/Ground Stones Tile Half 1.prefab
  artifactKey: Guid(d781c4414da6da441906304651b2cf3f) Importer(2089858483,d624ce77472d68a35037170ec1d2d27e)
Start importing Assets/Asset/Cartoon Temple Building Kit/Prefabs/Ground Stones Tile Prefabs/Ground Stones Tile Half 1.prefab using Guid(d781c4414da6da441906304651b2cf3f) Importer(2089858483,d624ce77472d68a35037170ec1d2d27e) (ScriptedImporter) -> (artifact id: '2f7341ad2a4c241ca18124bf6af7c1e5') in 0.0068683 seconds
Number of updated asset objects reloaded before import = 0Number of asset objects unloaded after import = 8

========================================================================
Received Import Request.
  Time since last request: 0.000011 seconds.
  path: Assets/Asset/Cartoon Temple Building Kit/Fbx/Single cubes/Single Cube 11.fbx
  artifactKey: Guid(a468a561624f547408412c75b50678fc) Importer(2089858483,d624ce77472d68a35037170ec1d2d27e)
Start importing Assets/Asset/Cartoon Temple Building Kit/Fbx/Single cubes/Single Cube 11.fbx using Guid(a468a561624f547408412c75b50678fc) Importer(2089858483,d624ce77472d68a35037170ec1d2d27e) (ScriptedImporter) -> (artifact id: '36ce8d10cc07fa303797d0970f10f963') in 0.0124157 seconds
Number of updated asset objects reloaded before import = 0Number of asset objects unloaded after import = 8

========================================================================
Received Import Request.
  Time since last request: 0.000015 seconds.
  path: Assets/Asset/Cartoon Temple Building Kit/Prefabs/Blocks And Bricks Prefabs/Blocks And Bricks 10.prefab
  artifactKey: Guid(f062fa5660b145642af10dc6ca5cd57c) Importer(2089858483,d624ce77472d68a35037170ec1d2d27e)
Start importing Assets/Asset/Cartoon Temple Building Kit/Prefabs/Blocks And Bricks Prefabs/Blocks And Bricks 10.prefab using Guid(f062fa5660b145642af10dc6ca5cd57c) Importer(2089858483,d624ce77472d68a35037170ec1d2d27e) (ScriptedImporter) -> (artifact id: 'e2718d696db3b94d0746fee3834ca980') in 0.0075609 seconds
Number of updated asset objects reloaded before import = 0Number of asset objects unloaded after import = 8

========================================================================
Received Import Request.
  Time since last request: 0.000017 seconds.
  path: Assets/Asset/Cartoon Temple Building Kit/Fbx/Sig Sag/Sig Sag 1x2.fbx
  artifactKey: Guid(ccb9e0ca324c57346bcc4cbe264f0664) Importer(2089858483,d624ce77472d68a35037170ec1d2d27e)
Start importing Assets/Asset/Cartoon Temple Building Kit/Fbx/Sig Sag/Sig Sag 1x2.fbx using Guid(ccb9e0ca324c57346bcc4cbe264f0664) Importer(2089858483,d624ce77472d68a35037170ec1d2d27e) (ScriptedImporter) -> (artifact id: 'e5eba28b85f646b8903ed6e0d9378372') in 0.011927 seconds
Number of updated asset objects reloaded before import = 0Number of asset objects unloaded after import = 8

========================================================================
Received Import Request.
  Time since last request: 0.000011 seconds.
  path: Assets/Asset/Cartoon Temple Building Kit/Fbx/Walls/Wall Tile 2x4.fbx
  artifactKey: Guid(9d44c31698e9ccb499aef7622c8478c4) Importer(2089858483,d624ce77472d68a35037170ec1d2d27e)
Start importing Assets/Asset/Cartoon Temple Building Kit/Fbx/Walls/Wall Tile 2x4.fbx using Guid(9d44c31698e9ccb499aef7622c8478c4) Importer(2089858483,d624ce77472d68a35037170ec1d2d27e) (ScriptedImporter) -> (artifact id: '955b3ce2736b12f8ffd806a85d65cfd9') in 0.0122395 seconds
Number of updated asset objects reloaded before import = 0Number of asset objects unloaded after import = 8

========================================================================
Received Import Request.
  Time since last request: 0.000011 seconds.
  path: Assets/Asset/Cartoon Temple Building Kit/Fbx/Sig Sag/Sig Sag  Pyramid.fbx
  artifactKey: Guid(d14aa16cba6fbb849addc4054627712f) Importer(2089858483,d624ce77472d68a35037170ec1d2d27e)
Start importing Assets/Asset/Cartoon Temple Building Kit/Fbx/Sig Sag/Sig Sag  Pyramid.fbx using Guid(d14aa16cba6fbb849addc4054627712f) Importer(2089858483,d624ce77472d68a35037170ec1d2d27e) (ScriptedImporter) -> (artifact id: '6755ed8cfd4485a22d8016f8d032b4d9') in 0.0156634 seconds
Number of updated asset objects reloaded before import = 0Number of asset objects unloaded after import = 8

========================================================================
Received Import Request.
  Time since last request: 0.000013 seconds.
  path: Assets/Asset/Cartoon Temple Building Kit/Fbx/Single cubes/Single Cube 2.fbx
  artifactKey: Guid(2e103e9b93d99cf4eb8c7ac81918586f) Importer(2089858483,d624ce77472d68a35037170ec1d2d27e)
Start importing Assets/Asset/Cartoon Temple Building Kit/Fbx/Single cubes/Single Cube 2.fbx using Guid(2e103e9b93d99cf4eb8c7ac81918586f) Importer(2089858483,d624ce77472d68a35037170ec1d2d27e) (ScriptedImporter) -> (artifact id: '654ea8e811046082fd4ac42f7180c9bb') in 0.0134705 seconds
Number of updated asset objects reloaded before import = 0Number of asset objects unloaded after import = 8

========================================================================
Received Import Request.
  Time since last request: 0.000018 seconds.
  path: Assets/Asset/Cartoon Temple Building Kit/Fbx/Single cubes/Single Cube 7.fbx
  artifactKey: Guid(d081ac4db0a74f94b9b310f683002446) Importer(2089858483,d624ce77472d68a35037170ec1d2d27e)
Start importing Assets/Asset/Cartoon Temple Building Kit/Fbx/Single cubes/Single Cube 7.fbx using Guid(d081ac4db0a74f94b9b310f683002446) Importer(2089858483,d624ce77472d68a35037170ec1d2d27e) (ScriptedImporter) -> (artifact id: 'ef269772c0b2e8478beaa498a410e25a') in 0.0155137 seconds
Number of updated asset objects reloaded before import = 0Number of asset objects unloaded after import = 8

========================================================================
Received Import Request.
  Time since last request: 0.000018 seconds.
  path: Assets/Asset/Cartoon Temple Building Kit/Prefabs/Ground Stones Tile Prefabs/Ground Stones Tile Half 2.prefab
  artifactKey: Guid(618d1a7fe87fad146bb784f6d75cb5a7) Importer(2089858483,d624ce77472d68a35037170ec1d2d27e)
Start importing Assets/Asset/Cartoon Temple Building Kit/Prefabs/Ground Stones Tile Prefabs/Ground Stones Tile Half 2.prefab using Guid(618d1a7fe87fad146bb784f6d75cb5a7) Importer(2089858483,d624ce77472d68a35037170ec1d2d27e) (ScriptedImporter) -> (artifact id: '32cee57c65cdf878c7142d033ae119d1') in 0.0082729 seconds
Number of updated asset objects reloaded before import = 0Number of asset objects unloaded after import = 8

========================================================================
Received Import Request.
  Time since last request: 0.000015 seconds.
  path: Assets/Asset/Cartoon Temple Building Kit/Fbx/Sig Sag/Sig Sag 2x2.fbx
  artifactKey: Guid(e7a613bfde2babf4cab20d1009718de2) Importer(2089858483,d624ce77472d68a35037170ec1d2d27e)
Start importing Assets/Asset/Cartoon Temple Building Kit/Fbx/Sig Sag/Sig Sag 2x2.fbx using Guid(e7a613bfde2babf4cab20d1009718de2) Importer(2089858483,d624ce77472d68a35037170ec1d2d27e) (ScriptedImporter) -> (artifact id: 'd84c2277cc979dabc08382322766f21a') in 0.0138135 seconds
Number of updated asset objects reloaded before import = 0Number of asset objects unloaded after import = 8

========================================================================
Received Import Request.
  Time since last request: 0.000012 seconds.
  path: Assets/Asset/Cartoon Temple Building Kit/Fbx/Square Holes/Square Hole 4x6 One Sided.fbx
  artifactKey: Guid(ba8cb8d40474ba349a0bd0b900477c54) Importer(2089858483,d624ce77472d68a35037170ec1d2d27e)
Start importing Assets/Asset/Cartoon Temple Building Kit/Fbx/Square Holes/Square Hole 4x6 One Sided.fbx using Guid(ba8cb8d40474ba349a0bd0b900477c54) Importer(2089858483,d624ce77472d68a35037170ec1d2d27e) (ScriptedImporter) -> (artifact id: 'cc3ff9c9ad6d9689d4c350af6999221f') in 0.0158906 seconds
Number of updated asset objects reloaded before import = 0Number of asset objects unloaded after import = 8

========================================================================
Received Import Request.
  Time since last request: 0.000024 seconds.
  path: Assets/Asset/Cartoon Temple Building Kit/Fbx/Round/Round Wide 2.fbx
  artifactKey: Guid(05b1108441f061a44856c8f0495f8a22) Importer(2089858483,d624ce77472d68a35037170ec1d2d27e)
Start importing Assets/Asset/Cartoon Temple Building Kit/Fbx/Round/Round Wide 2.fbx using Guid(05b1108441f061a44856c8f0495f8a22) Importer(2089858483,d624ce77472d68a35037170ec1d2d27e) (ScriptedImporter) -> (artifact id: '5cfa90a3bbf21ae89ab74335ce644490') in 0.0118444 seconds
Number of updated asset objects reloaded before import = 0Number of asset objects unloaded after import = 8

========================================================================
Received Import Request.
  Time since last request: 0.000023 seconds.
  path: Assets/Asset/Cartoon Temple Building Kit/Fbx/Square Holes/Square Hole 3x7 One Sided.fbx
  artifactKey: Guid(09eae313f13adbd4bbe0439d5de56d2c) Importer(2089858483,d624ce77472d68a35037170ec1d2d27e)
Start importing Assets/Asset/Cartoon Temple Building Kit/Fbx/Square Holes/Square Hole 3x7 One Sided.fbx using Guid(09eae313f13adbd4bbe0439d5de56d2c) Importer(2089858483,d624ce77472d68a35037170ec1d2d27e) (ScriptedImporter) -> (artifact id: 'e64f99825af27e68ecb1feabac02fe2a') in 0.01288 seconds
Number of updated asset objects reloaded before import = 0Number of asset objects unloaded after import = 8

========================================================================
Received Import Request.
  Time since last request: 0.000013 seconds.
  path: Assets/Asset/Cartoon Temple Building Kit/Fbx/Sig Sag/Sig Sag  Pyramid One Sided.fbx
  artifactKey: Guid(0e5ce23a4ce8faf4c9b42092487364a1) Importer(2089858483,d624ce77472d68a35037170ec1d2d27e)
Start importing Assets/Asset/Cartoon Temple Building Kit/Fbx/Sig Sag/Sig Sag  Pyramid One Sided.fbx using Guid(0e5ce23a4ce8faf4c9b42092487364a1) Importer(2089858483,d624ce77472d68a35037170ec1d2d27e) (ScriptedImporter) -> (artifact id: 'c312fc34f98ba577dee01faa3598debe') in 0.013208 seconds
Number of updated asset objects reloaded before import = 0Number of asset objects unloaded after import = 8

========================================================================
Received Import Request.
  Time since last request: 0.000012 seconds.
  path: Assets/Asset/Cartoon Temple Building Kit/Prefabs/Blocks Prefabs/Block 4x2x5.prefab
  artifactKey: Guid(28d662512bbb3aa44b7aa7df558b2f0e) Importer(2089858483,d624ce77472d68a35037170ec1d2d27e)
Start importing Assets/Asset/Cartoon Temple Building Kit/Prefabs/Blocks Prefabs/Block 4x2x5.prefab using Guid(28d662512bbb3aa44b7aa7df558b2f0e) Importer(2089858483,d624ce77472d68a35037170ec1d2d27e) (ScriptedImporter) -> (artifact id: '2d074687eabf955045dbe6a0ac1876d6') in 0.0073485 seconds
Number of updated asset objects reloaded before import = 0Number of asset objects unloaded after import = 8

========================================================================
Received Import Request.
  Time since last request: 0.000015 seconds.
  path: Assets/Asset/Cartoon Temple Building Kit/Prefabs/Round Prefabs/Round Hollow 2.prefab
  artifactKey: Guid(64dc325a1eaf9024ea9d4f3e9d4c5d4e) Importer(2089858483,d624ce77472d68a35037170ec1d2d27e)
Start importing Assets/Asset/Cartoon Temple Building Kit/Prefabs/Round Prefabs/Round Hollow 2.prefab using Guid(64dc325a1eaf9024ea9d4f3e9d4c5d4e) Importer(2089858483,d624ce77472d68a35037170ec1d2d27e) (ScriptedImporter) -> (artifact id: '092fa6199a1d5e5defb94d6b6fddd7e1') in 0.0076502 seconds
Number of updated asset objects reloaded before import = 0Number of asset objects unloaded after import = 8

========================================================================
Received Import Request.
  Time since last request: 0.000011 seconds.
  path: Assets/Asset/Cartoon Temple Building Kit/Prefabs/Blocks And Bricks Prefabs/Blocks And Bricks 6.prefab
  artifactKey: Guid(d05947ed449906d48b6c13a1a38fafc6) Importer(2089858483,d624ce77472d68a35037170ec1d2d27e)
Start importing Assets/Asset/Cartoon Temple Building Kit/Prefabs/Blocks And Bricks Prefabs/Blocks And Bricks 6.prefab using Guid(d05947ed449906d48b6c13a1a38fafc6) Importer(2089858483,d624ce77472d68a35037170ec1d2d27e) (ScriptedImporter) -> (artifact id: 'cfe607ee39992215e7f4441b3661bc2e') in 0.007966 seconds
Number of updated asset objects reloaded before import = 0Number of asset objects unloaded after import = 8

========================================================================
Received Import Request.
  Time since last request: 0.000013 seconds.
  path: Assets/Asset/Cartoon Temple Building Kit/Prefabs/Blocks And Bricks Prefabs/Blocks And Bricks 9.prefab
  artifactKey: Guid(aada8c74f09ef414ba53dc15bd6cb09b) Importer(2089858483,d624ce77472d68a35037170ec1d2d27e)
Start importing Assets/Asset/Cartoon Temple Building Kit/Prefabs/Blocks And Bricks Prefabs/Blocks And Bricks 9.prefab using Guid(aada8c74f09ef414ba53dc15bd6cb09b) Importer(2089858483,d624ce77472d68a35037170ec1d2d27e) (ScriptedImporter) -> (artifact id: 'eb9fe7c90ab7ead5cb647d1d5de3defd') in 0.007183 seconds
Number of updated asset objects reloaded before import = 0Number of asset objects unloaded after import = 8

========================================================================
Received Import Request.
  Time since last request: 0.000012 seconds.
  path: Assets/Asset/Cartoon Temple Building Kit/Prefabs/Round Prefabs/Round Wide 1.prefab
  artifactKey: Guid(56347227e2ca6b7469c3594b60ad09dc) Importer(2089858483,d624ce77472d68a35037170ec1d2d27e)
Start importing Assets/Asset/Cartoon Temple Building Kit/Prefabs/Round Prefabs/Round Wide 1.prefab using Guid(56347227e2ca6b7469c3594b60ad09dc) Importer(2089858483,d624ce77472d68a35037170ec1d2d27e) (ScriptedImporter) -> (artifact id: 'edbb2491ba028e8f730ade57cc9c893c') in 0.0074269 seconds
Number of updated asset objects reloaded before import = 0Number of asset objects unloaded after import = 8

========================================================================
Received Import Request.
  Time since last request: 0.000014 seconds.
  path: Assets/Asset/Cartoon Temple Building Kit/Fbx/Walls/Wall Tile Top 3.fbx
  artifactKey: Guid(fcc3c70270f90de4a969dc26075de995) Importer(2089858483,d624ce77472d68a35037170ec1d2d27e)
Start importing Assets/Asset/Cartoon Temple Building Kit/Fbx/Walls/Wall Tile Top 3.fbx using Guid(fcc3c70270f90de4a969dc26075de995) Importer(2089858483,d624ce77472d68a35037170ec1d2d27e) (ScriptedImporter) -> (artifact id: 'f368d6efb55a8547dfdc3c5a8996e38a') in 0.0151751 seconds
Number of updated asset objects reloaded before import = 0Number of asset objects unloaded after import = 8

========================================================================
Received Import Request.
  Time since last request: 0.000011 seconds.
  path: Assets/Asset/Cartoon Temple Building Kit/Prefabs/Round Prefabs/Round Wide 12.prefab
  artifactKey: Guid(65a6635a117343745ad44379e3179ef2) Importer(2089858483,d624ce77472d68a35037170ec1d2d27e)
Start importing Assets/Asset/Cartoon Temple Building Kit/Prefabs/Round Prefabs/Round Wide 12.prefab using Guid(65a6635a117343745ad44379e3179ef2) Importer(2089858483,d624ce77472d68a35037170ec1d2d27e) (ScriptedImporter) -> (artifact id: 'cc5e03525348b3b40a63f8648907e286') in 0.0073284 seconds
Number of updated asset objects reloaded before import = 0Number of asset objects unloaded after import = 8

========================================================================
Received Import Request.
  Time since last request: 0.000011 seconds.
  path: Assets/Asset/Cartoon Temple Building Kit/Prefabs/Blocks And Bricks Prefabs/Blocks And Bricks 18 One Sided.prefab
  artifactKey: Guid(24307d04e36adf14cbd47c2612b3de7d) Importer(2089858483,d624ce77472d68a35037170ec1d2d27e)
Start importing Assets/Asset/Cartoon Temple Building Kit/Prefabs/Blocks And Bricks Prefabs/Blocks And Bricks 18 One Sided.prefab using Guid(24307d04e36adf14cbd47c2612b3de7d) Importer(2089858483,d624ce77472d68a35037170ec1d2d27e) (ScriptedImporter) -> (artifact id: '186482cfb144eb8254698e66af60ae07') in 0.0082172 seconds
Number of updated asset objects reloaded before import = 0Number of asset objects unloaded after import = 8

========================================================================
Received Import Request.
  Time since last request: 0.000013 seconds.
  path: Assets/Asset/Cartoon Temple Building Kit/Fbx/Square Holes/Square Hole 4x5 One Sided.fbx
  artifactKey: Guid(bf0b251c8369c9542baf7e43ab0f6240) Importer(2089858483,d624ce77472d68a35037170ec1d2d27e)
Start importing Assets/Asset/Cartoon Temple Building Kit/Fbx/Square Holes/Square Hole 4x5 One Sided.fbx using Guid(bf0b251c8369c9542baf7e43ab0f6240) Importer(2089858483,d624ce77472d68a35037170ec1d2d27e) (ScriptedImporter) -> (artifact id: '72d585b9b03dc7675129901eeda44c86') in 0.0142137 seconds
Number of updated asset objects reloaded before import = 0Number of asset objects unloaded after import = 8

========================================================================
Received Import Request.
  Time since last request: 0.000013 seconds.
  path: Assets/Asset/Cartoon Temple Building Kit/Prefabs/Blocks And Bricks Prefabs/Blocks And Bricks 19 One Sided.prefab
  artifactKey: Guid(00e4af8e1ccd27b439346bbace84f608) Importer(2089858483,d624ce77472d68a35037170ec1d2d27e)
Start importing Assets/Asset/Cartoon Temple Building Kit/Prefabs/Blocks And Bricks Prefabs/Blocks And Bricks 19 One Sided.prefab using Guid(00e4af8e1ccd27b439346bbace84f608) Importer(2089858483,d624ce77472d68a35037170ec1d2d27e) (ScriptedImporter) -> (artifact id: '2b6c7d72cd4399bd8deeef21ef3d0c2f') in 0.009148 seconds
Number of updated asset objects reloaded before import = 0Number of asset objects unloaded after import = 8

========================================================================
Received Import Request.
  Time since last request: 0.000017 seconds.
  path: Assets/Asset/Cartoon Temple Building Kit/Prefabs/Blocks Prefabs/Block 7x5x7.prefab
  artifactKey: Guid(228f38b746aa99e41905e48ee12546ce) Importer(2089858483,d624ce77472d68a35037170ec1d2d27e)
Start importing Assets/Asset/Cartoon Temple Building Kit/Prefabs/Blocks Prefabs/Block 7x5x7.prefab using Guid(228f38b746aa99e41905e48ee12546ce) Importer(2089858483,d624ce77472d68a35037170ec1d2d27e) (ScriptedImporter) -> (artifact id: '622cc521bf435c5dc3f1bfa347ce1311') in 0.0087505 seconds
Number of updated asset objects reloaded before import = 0Number of asset objects unloaded after import = 8

========================================================================
Received Import Request.
  Time since last request: 0.000013 seconds.
  path: Assets/Asset/Cartoon Temple Building Kit/Prefabs/Blocks And Bricks Prefabs/Blocks And Bricks 16.prefab
  artifactKey: Guid(eccc62ff48180704e820d50dc0618dfc) Importer(2089858483,d624ce77472d68a35037170ec1d2d27e)
Start importing Assets/Asset/Cartoon Temple Building Kit/Prefabs/Blocks And Bricks Prefabs/Blocks And Bricks 16.prefab using Guid(eccc62ff48180704e820d50dc0618dfc) Importer(2089858483,d624ce77472d68a35037170ec1d2d27e) (ScriptedImporter) -> (artifact id: '87c7c4060c59a45cfb21bb7cd1769ed4') in 0.0077614 seconds
Number of updated asset objects reloaded before import = 0Number of asset objects unloaded after import = 8

========================================================================
Received Import Request.
  Time since last request: 0.000013 seconds.
  path: Assets/Asset/Cartoon Temple Building Kit/Prefabs/Blocks Prefabs/Block 6x4x6.prefab
  artifactKey: Guid(00ec778fac5194541b0e739b5af80a8d) Importer(2089858483,d624ce77472d68a35037170ec1d2d27e)
Start importing Assets/Asset/Cartoon Temple Building Kit/Prefabs/Blocks Prefabs/Block 6x4x6.prefab using Guid(00ec778fac5194541b0e739b5af80a8d) Importer(2089858483,d624ce77472d68a35037170ec1d2d27e) (ScriptedImporter) -> (artifact id: '765905a8a25ca4e971e58a1517fdc66a') in 0.0097273 seconds
Number of updated asset objects reloaded before import = 0Number of asset objects unloaded after import = 8

========================================================================
Received Import Request.
  Time since last request: 0.000016 seconds.
  path: Assets/Asset/Cartoon Temple Building Kit/Fbx/Square Holes/Square Hole 3x5 One Sided.fbx
  artifactKey: Guid(17386a85a885801449261b53505bd33c) Importer(2089858483,d624ce77472d68a35037170ec1d2d27e)
Start importing Assets/Asset/Cartoon Temple Building Kit/Fbx/Square Holes/Square Hole 3x5 One Sided.fbx using Guid(17386a85a885801449261b53505bd33c) Importer(2089858483,d624ce77472d68a35037170ec1d2d27e) (ScriptedImporter) -> (artifact id: '9dd6fa3c4797a5d440523ce5970b7014') in 0.0180661 seconds
Number of updated asset objects reloaded before import = 0Number of asset objects unloaded after import = 8

========================================================================
Received Import Request.
  Time since last request: 0.000014 seconds.
  path: Assets/Asset/Cartoon Temple Building Kit/Prefabs/Round Prefabs/Round Pineapple 1.prefab
  artifactKey: Guid(e65bfd7311cd5c548ab4ce4374b6ca1a) Importer(2089858483,d624ce77472d68a35037170ec1d2d27e)
Start importing Assets/Asset/Cartoon Temple Building Kit/Prefabs/Round Prefabs/Round Pineapple 1.prefab using Guid(e65bfd7311cd5c548ab4ce4374b6ca1a) Importer(2089858483,d624ce77472d68a35037170ec1d2d27e) (ScriptedImporter) -> (artifact id: '5f99508f274427dc08c659326f588ab9') in 0.0083263 seconds
Number of updated asset objects reloaded before import = 0Number of asset objects unloaded after import = 8

========================================================================
Received Import Request.
  Time since last request: 0.000012 seconds.
  path: Assets/Asset/Cartoon Temple Building Kit/Prefabs/Round Prefabs/Round Wide 3.prefab
  artifactKey: Guid(b32b4435b13e8b34a8d3590db85c5e59) Importer(2089858483,d624ce77472d68a35037170ec1d2d27e)
Start importing Assets/Asset/Cartoon Temple Building Kit/Prefabs/Round Prefabs/Round Wide 3.prefab using Guid(b32b4435b13e8b34a8d3590db85c5e59) Importer(2089858483,d624ce77472d68a35037170ec1d2d27e) (ScriptedImporter) -> (artifact id: '4a2ae0c61a58943e01adcefbe22cea0f') in 0.0079013 seconds
Number of updated asset objects reloaded before import = 0Number of asset objects unloaded after import = 8

========================================================================
Received Import Request.
  Time since last request: 0.000013 seconds.
  path: Assets/Asset/Cartoon Temple Building Kit/Prefabs/Round Prefabs/Round Wide 10.prefab
  artifactKey: Guid(2e6c27a12cb344242bf518d99536293a) Importer(2089858483,d624ce77472d68a35037170ec1d2d27e)
Start importing Assets/Asset/Cartoon Temple Building Kit/Prefabs/Round Prefabs/Round Wide 10.prefab using Guid(2e6c27a12cb344242bf518d99536293a) Importer(2089858483,d624ce77472d68a35037170ec1d2d27e) (ScriptedImporter) -> (artifact id: '81e1002ef28207473b5f63c8ea64cd0d') in 0.0093495 seconds
Number of updated asset objects reloaded before import = 0Number of asset objects unloaded after import = 8

========================================================================
Received Import Request.
  Time since last request: 0.000015 seconds.
  path: Assets/Asset/Cartoon Temple Building Kit/Prefabs/Blocks Prefabs/Block 4x4x4.prefab
  artifactKey: Guid(1b9856198f097c4438bd741e3c93b220) Importer(2089858483,d624ce77472d68a35037170ec1d2d27e)
Start importing Assets/Asset/Cartoon Temple Building Kit/Prefabs/Blocks Prefabs/Block 4x4x4.prefab using Guid(1b9856198f097c4438bd741e3c93b220) Importer(2089858483,d624ce77472d68a35037170ec1d2d27e) (ScriptedImporter) -> (artifact id: '461b9bab8c28a5eed232ccd2cb9b113b') in 0.0077595 seconds
Number of updated asset objects reloaded before import = 0Number of asset objects unloaded after import = 8

========================================================================
Received Import Request.
  Time since last request: 0.448341 seconds.
  path: Assets/Asset/Cartoon Temple Building Kit/Prefabs/Round Prefabs/Round Wide 7.prefab
  artifactKey: Guid(48dd161ab9040da4797a50491316547b) Importer(2089858483,d624ce77472d68a35037170ec1d2d27e)
Start importing Assets/Asset/Cartoon Temple Building Kit/Prefabs/Round Prefabs/Round Wide 7.prefab using Guid(48dd161ab9040da4797a50491316547b) Importer(2089858483,d624ce77472d68a35037170ec1d2d27e) (ScriptedImporter) -> (artifact id: 'a910baa309b35a02d7a0030f6424d786') in 0.0080991 seconds
Number of updated asset objects reloaded before import = 0Number of asset objects unloaded after import = 8

========================================================================
Received Import Request.
  Time since last request: 0.000013 seconds.
  path: Assets/Asset/Cartoon Temple Building Kit/Prefabs/Wall Prefabs/Wall Tile Top 2.prefab
  artifactKey: Guid(177cb1cfb6f748949943fb5597ee0e96) Importer(2089858483,d624ce77472d68a35037170ec1d2d27e)
Start importing Assets/Asset/Cartoon Temple Building Kit/Prefabs/Wall Prefabs/Wall Tile Top 2.prefab using Guid(177cb1cfb6f748949943fb5597ee0e96) Importer(2089858483,d624ce77472d68a35037170ec1d2d27e) (ScriptedImporter) -> (artifact id: '3e929a9f41275a473bcde0e43ada700e') in 0.0095206 seconds
Number of updated asset objects reloaded before import = 0Number of asset objects unloaded after import = 8

========================================================================
Received Import Request.
  Time since last request: 0.000018 seconds.
  path: Assets/Asset/FarlandSkies/Skyboxes/CloudyCrown_03_Midnight/CloudyCrown_Midnight.mat
  artifactKey: Guid(ceb0a3ed2cb53a94fa21843cc958c52b) Importer(2089858483,d624ce77472d68a35037170ec1d2d27e)
Start importing Assets/Asset/FarlandSkies/Skyboxes/CloudyCrown_03_Midnight/CloudyCrown_Midnight.mat using Guid(ceb0a3ed2cb53a94fa21843cc958c52b) Importer(2089858483,d624ce77472d68a35037170ec1d2d27e) (ScriptedImporter) -> (artifact id: 'aebee8d4dcf224e54f7dde806a1d63fc') in 0.018901 seconds
Number of updated asset objects reloaded before import = 0Number of asset objects unloaded after import = 7

========================================================================
Received Import Request.
  Time since last request: 0.000025 seconds.
  path: Assets/Asset/DungeonTraps/Trap/Materials/Tex_Trap03.mat
  artifactKey: Guid(e21ae71b25a94824c9b7d31722c1328d) Importer(2089858483,d624ce77472d68a35037170ec1d2d27e)
Start importing Assets/Asset/DungeonTraps/Trap/Materials/Tex_Trap03.mat using Guid(e21ae71b25a94824c9b7d31722c1328d) Importer(2089858483,d624ce77472d68a35037170ec1d2d27e) (ScriptedImporter) -> (artifact id: 'de065153da0f71983894ad37515a06bd') in 0.0055792 seconds
Number of updated asset objects reloaded before import = 0Number of asset objects unloaded after import = 2

========================================================================
Received Import Request.
  Time since last request: 0.000011 seconds.
  path: Assets/Asset/Simple UI/Simple Vector Icons/128px/UI_Icon_BtnR2.png
  artifactKey: Guid(430148cdf7ad04d65a815c2648c97cce) Importer(2089858483,d624ce77472d68a35037170ec1d2d27e)
Start importing Assets/Asset/Simple UI/Simple Vector Icons/128px/UI_Icon_BtnR2.png using Guid(430148cdf7ad04d65a815c2648c97cce) Importer(2089858483,d624ce77472d68a35037170ec1d2d27e) (ScriptedImporter) -> (artifact id: '55d017a8f485e43ff0131509fcfac332') in 0.0154686 seconds
Number of updated asset objects reloaded before import = 0Number of asset objects unloaded after import = 3

========================================================================
Received Import Request.
  Time since last request: 0.000012 seconds.
  path: Assets/Asset/Simple UI/Simple Vector Icons/128px/UI_Icon_Bag1.png
  artifactKey: Guid(129666415d3ac468d94696522eec6526) Importer(2089858483,d624ce77472d68a35037170ec1d2d27e)
Start importing Assets/Asset/Simple UI/Simple Vector Icons/128px/UI_Icon_Bag1.png using Guid(129666415d3ac468d94696522eec6526) Importer(2089858483,d624ce77472d68a35037170ec1d2d27e) (ScriptedImporter) -> (artifact id: '250e899a3a217b90fd755e0e27f862a9') in 0.0148393 seconds
Number of updated asset objects reloaded before import = 0Number of asset objects unloaded after import = 3

========================================================================
Received Import Request.
  Time since last request: 0.000012 seconds.
  path: Assets/Asset/Cartoon Temple Building Kit/Prefabs/Wall Prefabs/Wall Tile 1x4.prefab
  artifactKey: Guid(72b287f1514bfea42b2fb8b201748089) Importer(2089858483,d624ce77472d68a35037170ec1d2d27e)
Start importing Assets/Asset/Cartoon Temple Building Kit/Prefabs/Wall Prefabs/Wall Tile 1x4.prefab using Guid(72b287f1514bfea42b2fb8b201748089) Importer(2089858483,d624ce77472d68a35037170ec1d2d27e) (ScriptedImporter) -> (artifact id: 'f7696997ec9cb3d7e10bb18801375aa0') in 0.0087741 seconds
Number of updated asset objects reloaded before import = 0Number of asset objects unloaded after import = 8

========================================================================
Received Import Request.
  Time since last request: 0.000012 seconds.
  path: Assets/Asset/Cartoon Temple Building Kit/Prefabs/Sig Sag Prefabs/Sig Sag 4x4.prefab
  artifactKey: Guid(dd1f6f2ffd130934ab3a9ce9903a1350) Importer(2089858483,d624ce77472d68a35037170ec1d2d27e)
Start importing Assets/Asset/Cartoon Temple Building Kit/Prefabs/Sig Sag Prefabs/Sig Sag 4x4.prefab using Guid(dd1f6f2ffd130934ab3a9ce9903a1350) Importer(2089858483,d624ce77472d68a35037170ec1d2d27e) (ScriptedImporter) -> (artifact id: '7e069a57b428ac883428ec82530d053e') in 0.0072493 seconds
Number of updated asset objects reloaded before import = 0Number of asset objects unloaded after import = 8

========================================================================
Received Import Request.
  Time since last request: 0.000014 seconds.
  path: Assets/Asset/DungeonTraps/Trap/Anim/Anim_AxeTrap_Play.anim
  artifactKey: Guid(2d7c35f8694c61145a2faee7c0107b84) Importer(2089858483,d624ce77472d68a35037170ec1d2d27e)
Start importing Assets/Asset/DungeonTraps/Trap/Anim/Anim_AxeTrap_Play.anim using Guid(2d7c35f8694c61145a2faee7c0107b84) Importer(2089858483,d624ce77472d68a35037170ec1d2d27e) (ScriptedImporter) -> (artifact id: '91005bc6ad120cc60a071178676d3cf8') in 0.0052129 seconds
Number of updated asset objects reloaded before import = 0Number of asset objects unloaded after import = 1

========================================================================
Received Import Request.
  Time since last request: 0.000064 seconds.
  path: Assets/Asset/Joystick Pack/Scripts/Editor/VariableJoystickEditor.cs
  artifactKey: Guid(58b5a2db95af76c4c9d4116a09ec3697) Importer(2089858483,d624ce77472d68a35037170ec1d2d27e)
Start importing Assets/Asset/Joystick Pack/Scripts/Editor/VariableJoystickEditor.cs using Guid(58b5a2db95af76c4c9d4116a09ec3697) Importer(2089858483,d624ce77472d68a35037170ec1d2d27e) (ScriptedImporter) -> (artifact id: '37dfccb4049eb58577ffd55b158f4aac') in 0.0062533 seconds
Number of updated asset objects reloaded before import = 0Number of asset objects unloaded after import = 0

========================================================================
Received Import Request.
  Time since last request: 0.000049 seconds.
  path: Assets/Asset/Simple UI/Simple Vector Icons/128px/UI_Icon_BtnL1.png
  artifactKey: Guid(9ad69622df82e495fb4264019aebca84) Importer(2089858483,d624ce77472d68a35037170ec1d2d27e)
Start importing Assets/Asset/Simple UI/Simple Vector Icons/128px/UI_Icon_BtnL1.png using Guid(9ad69622df82e495fb4264019aebca84) Importer(2089858483,d624ce77472d68a35037170ec1d2d27e) (ScriptedImporter) -> (artifact id: '9c6c810fcb156891e5338be71bdf7a04') in 0.0132667 seconds
Number of updated asset objects reloaded before import = 0Number of asset objects unloaded after import = 3

========================================================================
Received Import Request.
  Time since last request: 0.000013 seconds.
  path: Assets/Asset/Cartoon Temple Building Kit/Prefabs/Wall Prefabs/Wall Tile 1x3.prefab
  artifactKey: Guid(88d4c45f2ae327941b6ae32694d5c5fa) Importer(2089858483,d624ce77472d68a35037170ec1d2d27e)
Start importing Assets/Asset/Cartoon Temple Building Kit/Prefabs/Wall Prefabs/Wall Tile 1x3.prefab using Guid(88d4c45f2ae327941b6ae32694d5c5fa) Importer(2089858483,d624ce77472d68a35037170ec1d2d27e) (ScriptedImporter) -> (artifact id: 'f4924394f503c232fa5a7338d82e7352') in 0.0078988 seconds
Number of updated asset objects reloaded before import = 0Number of asset objects unloaded after import = 8

========================================================================
Received Import Request.
  Time since last request: 0.000012 seconds.
  path: Assets/Asset/DungeonTraps/Trap/Anim/Anim_SawTrap01_Play.anim
  artifactKey: Guid(c39e0c6e7ce7ee444a0e97621dd724db) Importer(2089858483,d624ce77472d68a35037170ec1d2d27e)
Start importing Assets/Asset/DungeonTraps/Trap/Anim/Anim_SawTrap01_Play.anim using Guid(c39e0c6e7ce7ee444a0e97621dd724db) Importer(2089858483,d624ce77472d68a35037170ec1d2d27e) (ScriptedImporter) -> (artifact id: '567bf519a4d122181ef5b850b6864bc7') in 0.0049809 seconds
Number of updated asset objects reloaded before import = 0Number of asset objects unloaded after import = 1

========================================================================
Received Import Request.
  Time since last request: 0.000010 seconds.
  path: Assets/Asset/Simple UI/Simple Vector Icons/128px/UI_Icon_BtnDpadDirRight.png
  artifactKey: Guid(8bbda638b228045548e46f7e919f4180) Importer(2089858483,d624ce77472d68a35037170ec1d2d27e)
Start importing Assets/Asset/Simple UI/Simple Vector Icons/128px/UI_Icon_BtnDpadDirRight.png using Guid(8bbda638b228045548e46f7e919f4180) Importer(2089858483,d624ce77472d68a35037170ec1d2d27e) (ScriptedImporter) -> (artifact id: 'a84913b6e2c8eb936429dd2e9dca8c23') in 0.0116776 seconds
Number of updated asset objects reloaded before import = 0Number of asset objects unloaded after import = 3

========================================================================
Received Import Request.
  Time since last request: 0.000012 seconds.
  path: Assets/Asset/Cartoon Temple Building Kit/Prefabs/Sig Sag Prefabs/Sig Sag 2x2 Flat.prefab
  artifactKey: Guid(15b57ffb77a6d564785c1830364d4525) Importer(2089858483,d624ce77472d68a35037170ec1d2d27e)
Start importing Assets/Asset/Cartoon Temple Building Kit/Prefabs/Sig Sag Prefabs/Sig Sag 2x2 Flat.prefab using Guid(15b57ffb77a6d564785c1830364d4525) Importer(2089858483,d624ce77472d68a35037170ec1d2d27e) (ScriptedImporter) -> (artifact id: 'f616bac33552c7dc56fe39700a570794') in 0.0069328 seconds
Number of updated asset objects reloaded before import = 0Number of asset objects unloaded after import = 8

========================================================================
Received Import Request.
  Time since last request: 0.000011 seconds.
  path: Assets/Asset/DungeonTraps/Trap/Anim/Anim_HammerTrap_Play.anim
  artifactKey: Guid(f12cc459d7772d848b1ba4a139b379ef) Importer(2089858483,d624ce77472d68a35037170ec1d2d27e)
Start importing Assets/Asset/DungeonTraps/Trap/Anim/Anim_HammerTrap_Play.anim using Guid(f12cc459d7772d848b1ba4a139b379ef) Importer(2089858483,d624ce77472d68a35037170ec1d2d27e) (ScriptedImporter) -> (artifact id: '794f21bdc0e76afe8650e83fb22ec83f') in 0.0065728 seconds
Number of updated asset objects reloaded before import = 0Number of asset objects unloaded after import = 1

========================================================================
Received Import Request.
  Time since last request: 0.000117 seconds.
  path: Assets/Asset/Pipes/Pipes/Mesh/pipe-bending-5.prefab
  artifactKey: Guid(274ba9f1007ccac4da40fa8faad78864) Importer(2089858483,d624ce77472d68a35037170ec1d2d27e)
Start importing Assets/Asset/Pipes/Pipes/Mesh/pipe-bending-5.prefab using Guid(274ba9f1007ccac4da40fa8faad78864) Importer(2089858483,d624ce77472d68a35037170ec1d2d27e) (ScriptedImporter) -> (artifact id: '50ecf50337b767c651079246eec4df46') in 0.0052518 seconds
Number of updated asset objects reloaded before import = 0Number of asset objects unloaded after import = 9

========================================================================
Received Import Request.
  Time since last request: 0.000051 seconds.
  path: Assets/Asset/Cartoon Temple Building Kit/Prefabs/Single Cubes Prefabs/Single Cube 3.prefab
  artifactKey: Guid(185fa0d65649f80438fd5bb1cf732362) Importer(2089858483,d624ce77472d68a35037170ec1d2d27e)
Start importing Assets/Asset/Cartoon Temple Building Kit/Prefabs/Single Cubes Prefabs/Single Cube 3.prefab using Guid(185fa0d65649f80438fd5bb1cf732362) Importer(2089858483,d624ce77472d68a35037170ec1d2d27e) (ScriptedImporter) -> (artifact id: '2af9ede8c9d78599dcb5f698246519e1') in 0.009326 seconds
Number of updated asset objects reloaded before import = 0Number of asset objects unloaded after import = 8

========================================================================
Received Import Request.
  Time since last request: 0.000014 seconds.
  path: Assets/Asset/Cartoon Temple Building Kit/Prefabs/Square Holes Prefabs/Square Hole 4x6.prefab
  artifactKey: Guid(a4488b63b5a6d0441a00e4d7c24f7e98) Importer(2089858483,d624ce77472d68a35037170ec1d2d27e)
Start importing Assets/Asset/Cartoon Temple Building Kit/Prefabs/Square Holes Prefabs/Square Hole 4x6.prefab using Guid(a4488b63b5a6d0441a00e4d7c24f7e98) Importer(2089858483,d624ce77472d68a35037170ec1d2d27e) (ScriptedImporter) -> (artifact id: '509c7d235af17d3126506532c3c2db79') in 0.0098788 seconds
Number of updated asset objects reloaded before import = 0Number of asset objects unloaded after import = 8

========================================================================
Received Import Request.
  Time since last request: 0.000014 seconds.
  path: Assets/Asset/DungeonTraps/Trap/Anim/Anim_TrapNeedle_Play.anim
  artifactKey: Guid(5b338c3066ff22540915b5969709eb8a) Importer(2089858483,d624ce77472d68a35037170ec1d2d27e)
Start importing Assets/Asset/DungeonTraps/Trap/Anim/Anim_TrapNeedle_Play.anim using Guid(5b338c3066ff22540915b5969709eb8a) Importer(2089858483,d624ce77472d68a35037170ec1d2d27e) (ScriptedImporter) -> (artifact id: 'de8c9fb00a98ced88a91515bb1d40f73') in 0.0055796 seconds
Number of updated asset objects reloaded before import = 0Number of asset objects unloaded after import = 1

========================================================================
Received Import Request.
  Time since last request: 0.000026 seconds.
  path: Assets/Asset/Cartoon Temple Building Kit/Prefabs/Sig Sag Prefabs/Sig Sag  Pyramid One Sided.prefab
  artifactKey: Guid(5f4fb5091271a064c9efc1c735156829) Importer(2089858483,d624ce77472d68a35037170ec1d2d27e)
Start importing Assets/Asset/Cartoon Temple Building Kit/Prefabs/Sig Sag Prefabs/Sig Sag  Pyramid One Sided.prefab using Guid(5f4fb5091271a064c9efc1c735156829) Importer(2089858483,d624ce77472d68a35037170ec1d2d27e) (ScriptedImporter) -> (artifact id: '76df0d6feeade654f314b52e51a1e941') in 0.0081282 seconds
Number of updated asset objects reloaded before import = 0Number of asset objects unloaded after import = 8

========================================================================
Received Import Request.
  Time since last request: 0.000012 seconds.
  path: Assets/Asset/Cartoon Temple Building Kit/Prefabs/Sig Sag Prefabs/Sig Sag 4x8.prefab
  artifactKey: Guid(995824c2189f1004d92d9eb1b5e0d633) Importer(2089858483,d624ce77472d68a35037170ec1d2d27e)
Start importing Assets/Asset/Cartoon Temple Building Kit/Prefabs/Sig Sag Prefabs/Sig Sag 4x8.prefab using Guid(995824c2189f1004d92d9eb1b5e0d633) Importer(2089858483,d624ce77472d68a35037170ec1d2d27e) (ScriptedImporter) -> (artifact id: '0afff168a4cb50b5fdd6a1030e5ac589') in 0.0071002 seconds
Number of updated asset objects reloaded before import = 0Number of asset objects unloaded after import = 8

========================================================================
Received Import Request.
  Time since last request: 0.000014 seconds.
  path: Assets/Asset/DungeonTraps/Trap/Anim/Block 2x3.controller
  artifactKey: Guid(e9618fa7ff79aad40a5a5e305b8f95a2) Importer(2089858483,d624ce77472d68a35037170ec1d2d27e)
Start importing Assets/Asset/DungeonTraps/Trap/Anim/Block 2x3.controller using Guid(e9618fa7ff79aad40a5a5e305b8f95a2) Importer(2089858483,d624ce77472d68a35037170ec1d2d27e) (ScriptedImporter) -> (artifact id: '9c54bf56436508b32dbdfbccb279b28e') in 0.0033463 seconds
Number of updated asset objects reloaded before import = 0Number of asset objects unloaded after import = 4

========================================================================
Received Import Request.
  Time since last request: 0.000010 seconds.
  path: Assets/Asset/Simple UI/Simple Vector Icons/128px/UI_Icon_Award.png
  artifactKey: Guid(ac0662239160349c48ead929877f71d9) Importer(2089858483,d624ce77472d68a35037170ec1d2d27e)
Start importing Assets/Asset/Simple UI/Simple Vector Icons/128px/UI_Icon_Award.png using Guid(ac0662239160349c48ead929877f71d9) Importer(2089858483,d624ce77472d68a35037170ec1d2d27e) (ScriptedImporter) -> (artifact id: '01f08b6de48666c4d261877ac5db2a79') in 0.0117289 seconds
Number of updated asset objects reloaded before import = 0Number of asset objects unloaded after import = 3

========================================================================
Received Import Request.
  Time since last request: 0.000011 seconds.
  path: Assets/Asset/Simple UI/Resource Icons/Source/UI_Graphic_Resource_Gems.eps
  artifactKey: Guid(bb52649630fff42a88b71c124af0e19b) Importer(2089858483,d624ce77472d68a35037170ec1d2d27e)
Start importing Assets/Asset/Simple UI/Resource Icons/Source/UI_Graphic_Resource_Gems.eps using Guid(bb52649630fff42a88b71c124af0e19b) Importer(2089858483,d624ce77472d68a35037170ec1d2d27e) (ScriptedImporter) -> (artifact id: 'adf8da42ff98125a5cfc56fdaf0e4006') in 0.0023569 seconds
Number of updated asset objects reloaded before import = 0Number of asset objects unloaded after import = 1

========================================================================
Received Import Request.
  Time since last request: 0.000042 seconds.
  path: Assets/Asset/Cartoon Temple Building Kit/Prefabs/Wall Prefabs/Wall Tile 2x1.prefab
  artifactKey: Guid(5e02fd838f26ce646a847beb26b5d86d) Importer(2089858483,d624ce77472d68a35037170ec1d2d27e)
Start importing Assets/Asset/Cartoon Temple Building Kit/Prefabs/Wall Prefabs/Wall Tile 2x1.prefab using Guid(5e02fd838f26ce646a847beb26b5d86d) Importer(2089858483,d624ce77472d68a35037170ec1d2d27e) (ScriptedImporter) -> (artifact id: '2c4f36a51f557948f5fcc64d34ecdf73') in 0.0069612 seconds
Number of updated asset objects reloaded before import = 0Number of asset objects unloaded after import = 8

========================================================================
Received Import Request.
  Time since last request: 0.000011 seconds.
  path: Assets/Asset/DungeonTraps/Trap/Anim/Anim_TrapNeedle_Hide.anim
  artifactKey: Guid(2badb873ba409044db8e5b1246871dd2) Importer(2089858483,d624ce77472d68a35037170ec1d2d27e)
Start importing Assets/Asset/DungeonTraps/Trap/Anim/Anim_TrapNeedle_Hide.anim using Guid(2badb873ba409044db8e5b1246871dd2) Importer(2089858483,d624ce77472d68a35037170ec1d2d27e) (ScriptedImporter) -> (artifact id: '95cd66cbc1593afe2065b32aa850d78d') in 0.0054501 seconds
Number of updated asset objects reloaded before import = 0Number of asset objects unloaded after import = 1

========================================================================
Received Import Request.
  Time since last request: 0.000012 seconds.
  path: Assets/Asset/DungeonTraps/Trap/Prefab/Pf_Trap_Fire.prefab
  artifactKey: Guid(c8dc2031dea625e46a42a7c1688cf26d) Importer(2089858483,d624ce77472d68a35037170ec1d2d27e)
Start importing Assets/Asset/DungeonTraps/Trap/Prefab/Pf_Trap_Fire.prefab using Guid(c8dc2031dea625e46a42a7c1688cf26d) Importer(2089858483,d624ce77472d68a35037170ec1d2d27e) (ScriptedImporter) -> (artifact id: '808eda43b95c7b549f8f9d7dbb18d88d') in 0.01244 seconds
Number of updated asset objects reloaded before import = 0Number of asset objects unloaded after import = 13

========================================================================
Received Import Request.
  Time since last request: 0.000012 seconds.
  path: Assets/Asset/DungeonTraps/Trap/Prefab/Panel_GameOver 1.controller
  artifactKey: Guid(d6ca9251517832d44ad1a75e97b5f784) Importer(2089858483,d624ce77472d68a35037170ec1d2d27e)
Start importing Assets/Asset/DungeonTraps/Trap/Prefab/Panel_GameOver 1.controller using Guid(d6ca9251517832d44ad1a75e97b5f784) Importer(2089858483,d624ce77472d68a35037170ec1d2d27e) (ScriptedImporter) -> (artifact id: '4b3db77aff5a203604d1bf883732a6fc') in 0.0030784 seconds
Number of updated asset objects reloaded before import = 0Number of asset objects unloaded after import = 4

========================================================================
Received Import Request.
  Time since last request: 0.000010 seconds.
  path: Assets/Asset/DungeonTraps/Trap/Anim/Block 2x2.controller
  artifactKey: Guid(1cdb3cef49af7474e95344bfe3f1cd29) Importer(2089858483,d624ce77472d68a35037170ec1d2d27e)
Start importing Assets/Asset/DungeonTraps/Trap/Anim/Block 2x2.controller using Guid(1cdb3cef49af7474e95344bfe3f1cd29) Importer(2089858483,d624ce77472d68a35037170ec1d2d27e) (ScriptedImporter) -> (artifact id: '8dd0afe407f6bf5d2661958b9597d459') in 0.0032371 seconds
Number of updated asset objects reloaded before import = 0Number of asset objects unloaded after import = 4

========================================================================
Received Import Request.
  Time since last request: 0.000009 seconds.
  path: Assets/Asset/Joystick Pack/Sprites/All Axis Backgrounds/AllAxis_Outline_Arrows.png
  artifactKey: Guid(48c0d4d6bebaa934384b07aa1e2f8184) Importer(2089858483,d624ce77472d68a35037170ec1d2d27e)
Start importing Assets/Asset/Joystick Pack/Sprites/All Axis Backgrounds/AllAxis_Outline_Arrows.png using Guid(48c0d4d6bebaa934384b07aa1e2f8184) Importer(2089858483,d624ce77472d68a35037170ec1d2d27e) (ScriptedImporter) -> (artifact id: '2a519185efb64bd220851e3c0ce2b689') in 0.0120478 seconds
Number of updated asset objects reloaded before import = 0Number of asset objects unloaded after import = 3

========================================================================
Received Import Request.
  Time since last request: 0.000011 seconds.
  path: Assets/Asset/DungeonTraps/Trap/Prefab/Pf_SawTrap02.prefab
  artifactKey: Guid(04c11f75ea6385a4eb9f4f260aba0402) Importer(2089858483,d624ce77472d68a35037170ec1d2d27e)
Start importing Assets/Asset/DungeonTraps/Trap/Prefab/Pf_SawTrap02.prefab using Guid(04c11f75ea6385a4eb9f4f260aba0402) Importer(2089858483,d624ce77472d68a35037170ec1d2d27e) (ScriptedImporter) -> (artifact id: '5918a1a8bf8947f14b0eb1b53d628ea9') in 0.0074757 seconds
Number of updated asset objects reloaded before import = 0Number of asset objects unloaded after import = 29

========================================================================
Received Import Request.
  Time since last request: 0.000012 seconds.
  path: Assets/Asset/Cartoon Temple Building Kit/Prefabs/Square Holes Prefabs/Square Hole 3x5.prefab
  artifactKey: Guid(8392f532d4d31c34da2802badd10b376) Importer(2089858483,d624ce77472d68a35037170ec1d2d27e)
Start importing Assets/Asset/Cartoon Temple Building Kit/Prefabs/Square Holes Prefabs/Square Hole 3x5.prefab using Guid(8392f532d4d31c34da2802badd10b376) Importer(2089858483,d624ce77472d68a35037170ec1d2d27e) (ScriptedImporter) -> (artifact id: 'ba040e64e2d80f1d664ae2d4bbb06951') in 0.0093457 seconds
Number of updated asset objects reloaded before import = 0Number of asset objects unloaded after import = 8

========================================================================
Received Import Request.
  Time since last request: 0.000013 seconds.
  path: Assets/Asset/Simple UI/Simple Vector Icons/128px/UI_Icon_ArrowUp.png
  artifactKey: Guid(3094434a7bbf64ceaa9998294597b3cc) Importer(2089858483,d624ce77472d68a35037170ec1d2d27e)
Start importing Assets/Asset/Simple UI/Simple Vector Icons/128px/UI_Icon_ArrowUp.png using Guid(3094434a7bbf64ceaa9998294597b3cc) Importer(2089858483,d624ce77472d68a35037170ec1d2d27e) (ScriptedImporter) -> (artifact id: '4199afb49fed643b3bafbe594092f4c7') in 0.0119316 seconds
Number of updated asset objects reloaded before import = 0Number of asset objects unloaded after import = 3

========================================================================
Received Import Request.
  Time since last request: 0.000012 seconds.
  path: Assets/Asset/Cartoon Temple Building Kit/Prefabs/Single Cubes Prefabs/Single Cube 15.prefab
  artifactKey: Guid(41ee05a687c6c4942928d40cb1646eab) Importer(2089858483,d624ce77472d68a35037170ec1d2d27e)
Start importing Assets/Asset/Cartoon Temple Building Kit/Prefabs/Single Cubes Prefabs/Single Cube 15.prefab using Guid(41ee05a687c6c4942928d40cb1646eab) Importer(2089858483,d624ce77472d68a35037170ec1d2d27e) (ScriptedImporter) -> (artifact id: '933a19bd662088edda22a46e760b690c') in 0.0080954 seconds
Number of updated asset objects reloaded before import = 0Number of asset objects unloaded after import = 8

========================================================================
Received Import Request.
  Time since last request: 0.000012 seconds.
  path: Assets/Asset/Cartoon Temple Building Kit/Prefabs/Sig Sag Prefabs/Sig Sag 1x4 One Sided.prefab
  artifactKey: Guid(41fb9119a5650e142a25dd8e9f0184f1) Importer(2089858483,d624ce77472d68a35037170ec1d2d27e)
Start importing Assets/Asset/Cartoon Temple Building Kit/Prefabs/Sig Sag Prefabs/Sig Sag 1x4 One Sided.prefab using Guid(41fb9119a5650e142a25dd8e9f0184f1) Importer(2089858483,d624ce77472d68a35037170ec1d2d27e) (ScriptedImporter) -> (artifact id: '9a2f2e397ca81011c4b85c44f5056d1c') in 0.0074661 seconds
Number of updated asset objects reloaded before import = 0Number of asset objects unloaded after import = 8

========================================================================
Received Import Request.
  Time since last request: 0.000011 seconds.
  path: Assets/Asset/Simple UI/Simple Vector Icons/128px/UI_Icon_AlarmOff.png
  artifactKey: Guid(f944a7c8cc7d6426793d4bb12873a73f) Importer(2089858483,d624ce77472d68a35037170ec1d2d27e)
Start importing Assets/Asset/Simple UI/Simple Vector Icons/128px/UI_Icon_AlarmOff.png using Guid(f944a7c8cc7d6426793d4bb12873a73f) Importer(2089858483,d624ce77472d68a35037170ec1d2d27e) (ScriptedImporter) -> (artifact id: 'd1d4aeab385814919c08c4df11542253') in 0.0119462 seconds
Number of updated asset objects reloaded before import = 0Number of asset objects unloaded after import = 3

========================================================================
Received Import Request.
  Time since last request: 0.000012 seconds.
  path: Assets/Asset/Joystick Pack/Sprites/Handles/Handle_Plain.png
  artifactKey: Guid(010a6e5305fa7004f89c5d317b7b47d4) Importer(2089858483,d624ce77472d68a35037170ec1d2d27e)
Start importing Assets/Asset/Joystick Pack/Sprites/Handles/Handle_Plain.png using Guid(010a6e5305fa7004f89c5d317b7b47d4) Importer(2089858483,d624ce77472d68a35037170ec1d2d27e) (ScriptedImporter) -> (artifact id: 'd72d9d59fba9f40af094264b2611866c') in 0.0117201 seconds
Number of updated asset objects reloaded before import = 0Number of asset objects unloaded after import = 3

========================================================================
Received Import Request.
  Time since last request: 0.000012 seconds.
  path: Assets/Asset/DungeonTraps/Effect/Materials/Tex_Eff_Fire.mat
  artifactKey: Guid(c6ba4799841e15244b9402d73b74ba24) Importer(2089858483,d624ce77472d68a35037170ec1d2d27e)
Start importing Assets/Asset/DungeonTraps/Effect/Materials/Tex_Eff_Fire.mat using Guid(c6ba4799841e15244b9402d73b74ba24) Importer(2089858483,d624ce77472d68a35037170ec1d2d27e) (ScriptedImporter) -> (artifact id: 'f6ab0f3bad7364f6c0b93e607b3227bd') in 0.0045375 seconds
Number of updated asset objects reloaded before import = 0Number of asset objects unloaded after import = 2

========================================================================
Received Import Request.
  Time since last request: 0.000011 seconds.
  path: Assets/Asset/DungeonTraps/Trap/Prefab/Pf_Trap_Cutter.prefab
  artifactKey: Guid(28ad6bc8a17e7284d884987726cf5100) Importer(2089858483,d624ce77472d68a35037170ec1d2d27e)
Start importing Assets/Asset/DungeonTraps/Trap/Prefab/Pf_Trap_Cutter.prefab using Guid(28ad6bc8a17e7284d884987726cf5100) Importer(2089858483,d624ce77472d68a35037170ec1d2d27e) (ScriptedImporter) -> (artifact id: '506e5f8be046f81d78839055d2cecfc1') in 0.0050513 seconds
Number of updated asset objects reloaded before import = 0Number of asset objects unloaded after import = 17

========================================================================
Received Import Request.
  Time since last request: 0.000013 seconds.
  path: Assets/Asset/Cartoon Temple Building Kit/Prefabs/Wall Prefabs/Wall Tile 2x4.prefab
  artifactKey: Guid(8859acd5a81cf7c499011be8fa88d940) Importer(2089858483,d624ce77472d68a35037170ec1d2d27e)
Start importing Assets/Asset/Cartoon Temple Building Kit/Prefabs/Wall Prefabs/Wall Tile 2x4.prefab using Guid(8859acd5a81cf7c499011be8fa88d940) Importer(2089858483,d624ce77472d68a35037170ec1d2d27e) (ScriptedImporter) -> (artifact id: 'd552433e42194e13086a57db52553e3b') in 0.0088284 seconds
Number of updated asset objects reloaded before import = 0Number of asset objects unloaded after import = 8

========================================================================
Received Import Request.
  Time since last request: 0.000013 seconds.
  path: Assets/Asset/Simple UI/Simple Vector Icons/128px/UI_Icon_ArrowRight.png
  artifactKey: Guid(242705e073d98433bbf94e68fd02957b) Importer(2089858483,d624ce77472d68a35037170ec1d2d27e)
Start importing Assets/Asset/Simple UI/Simple Vector Icons/128px/UI_Icon_ArrowRight.png using Guid(242705e073d98433bbf94e68fd02957b) Importer(2089858483,d624ce77472d68a35037170ec1d2d27e) (ScriptedImporter) -> (artifact id: '3098aba1c26a9233617ffc15aaa67f33') in 0.0152721 seconds
Number of updated asset objects reloaded before import = 0Number of asset objects unloaded after import = 3

========================================================================
Received Import Request.
  Time since last request: 0.000016 seconds.
  path: Assets/Asset/Simple UI/Simple Vector Icons/128px/UI_Icon_BtnPsSquareRound.png
  artifactKey: Guid(0d36b04e0f3204d60ba58106d82a6677) Importer(2089858483,d624ce77472d68a35037170ec1d2d27e)
Start importing Assets/Asset/Simple UI/Simple Vector Icons/128px/UI_Icon_BtnPsSquareRound.png using Guid(0d36b04e0f3204d60ba58106d82a6677) Importer(2089858483,d624ce77472d68a35037170ec1d2d27e) (ScriptedImporter) -> (artifact id: 'c4932e0d2d47612c2296ed6f221e5901') in 0.0125427 seconds
Number of updated asset objects reloaded before import = 0Number of asset objects unloaded after import = 3

========================================================================
Received Import Request.
  Time since last request: 0.000019 seconds.
  path: Assets/Asset/Pipes/Pipes/Mesh/pipe_col_9.prefab
  artifactKey: Guid(6a3e5df910616fd4c9c3ed0f5737f6fe) Importer(2089858483,d624ce77472d68a35037170ec1d2d27e)
Start importing Assets/Asset/Pipes/Pipes/Mesh/pipe_col_9.prefab using Guid(6a3e5df910616fd4c9c3ed0f5737f6fe) Importer(2089858483,d624ce77472d68a35037170ec1d2d27e) (ScriptedImporter) -> (artifact id: '7c2e2ee4d87578c660c7f0414af2ac53') in 0.0040973 seconds
Number of updated asset objects reloaded before import = 0Number of asset objects unloaded after import = 9

========================================================================
Received Import Request.
  Time since last request: 0.000013 seconds.
  path: Assets/Asset/DungeonTraps/Trap/Anim/Anim_TrapCutter_Stop.anim
  artifactKey: Guid(141006003f87d974b9b48f9309ea4095) Importer(2089858483,d624ce77472d68a35037170ec1d2d27e)
Start importing Assets/Asset/DungeonTraps/Trap/Anim/Anim_TrapCutter_Stop.anim using Guid(141006003f87d974b9b48f9309ea4095) Importer(2089858483,d624ce77472d68a35037170ec1d2d27e) (ScriptedImporter) -> (artifact id: '96a35c3535e32b50a2a926c391deab39') in 0.0056868 seconds
Number of updated asset objects reloaded before import = 0Number of asset objects unloaded after import = 1

========================================================================
Received Import Request.
  Time since last request: 0.000014 seconds.
  path: Assets/Asset/Joystick Pack/Sprites/All Axis Backgrounds/AllAxis_Plain.png
  artifactKey: Guid(84487d73ca4b791498332d8f6858417f) Importer(2089858483,d624ce77472d68a35037170ec1d2d27e)
Start importing Assets/Asset/Joystick Pack/Sprites/All Axis Backgrounds/AllAxis_Plain.png using Guid(84487d73ca4b791498332d8f6858417f) Importer(2089858483,d624ce77472d68a35037170ec1d2d27e) (ScriptedImporter) -> (artifact id: '7d69db31e1e1c7ebe1ee35d2f8d4d3fe') in 0.0126274 seconds
Number of updated asset objects reloaded before import = 0Number of asset objects unloaded after import = 3

========================================================================
Received Import Request.
  Time since last request: 0.000015 seconds.
  path: Assets/Asset/Cartoon Temple Building Kit/Prefabs/Square Holes Prefabs/Square Hole 4x5 One Sided.prefab
  artifactKey: Guid(09f4904250f28c342b6b85aa24436068) Importer(2089858483,d624ce77472d68a35037170ec1d2d27e)
Start importing Assets/Asset/Cartoon Temple Building Kit/Prefabs/Square Holes Prefabs/Square Hole 4x5 One Sided.prefab using Guid(09f4904250f28c342b6b85aa24436068) Importer(2089858483,d624ce77472d68a35037170ec1d2d27e) (ScriptedImporter) -> (artifact id: '8c3f1a42bac8776b709364fba49508a2') in 0.009038 seconds
Number of updated asset objects reloaded before import = 0Number of asset objects unloaded after import = 8

========================================================================
Received Import Request.
  Time since last request: 0.000012 seconds.
  path: Assets/Asset/DungeonTraps/Trap/Anim/stone.anim
  artifactKey: Guid(4f24bccdaea781f46a72751254c78f5e) Importer(2089858483,d624ce77472d68a35037170ec1d2d27e)
Start importing Assets/Asset/DungeonTraps/Trap/Anim/stone.anim using Guid(4f24bccdaea781f46a72751254c78f5e) Importer(2089858483,d624ce77472d68a35037170ec1d2d27e) (ScriptedImporter) -> (artifact id: 'ba20bdfa7551d45fe9967e591dfb6a22') in 0.0052517 seconds
Number of updated asset objects reloaded before import = 0Number of asset objects unloaded after import = 1

========================================================================
Received Import Request.
  Time since last request: 0.000022 seconds.
  path: Assets/Asset/Cartoon Temple Building Kit/Prefabs/Wall Prefabs/Wall Tile Top 4.prefab
  artifactKey: Guid(9b6fb70cc28cd8747bee42e49c46c383) Importer(2089858483,d624ce77472d68a35037170ec1d2d27e)
Start importing Assets/Asset/Cartoon Temple Building Kit/Prefabs/Wall Prefabs/Wall Tile Top 4.prefab using Guid(9b6fb70cc28cd8747bee42e49c46c383) Importer(2089858483,d624ce77472d68a35037170ec1d2d27e) (ScriptedImporter) -> (artifact id: '2e8edcc2afe39ee6a751776a2f274578') in 0.0075982 seconds
Number of updated asset objects reloaded before import = 0Number of asset objects unloaded after import = 8

========================================================================
Received Import Request.
  Time since last request: 0.000012 seconds.
  path: Assets/Asset/Cartoon Temple Building Kit/Prefabs/Single Cubes Prefabs/Single Cube 5.prefab
  artifactKey: Guid(a098efec988cead44b01f528b8170ca9) Importer(2089858483,d624ce77472d68a35037170ec1d2d27e)
Start importing Assets/Asset/Cartoon Temple Building Kit/Prefabs/Single Cubes Prefabs/Single Cube 5.prefab using Guid(a098efec988cead44b01f528b8170ca9) Importer(2089858483,d624ce77472d68a35037170ec1d2d27e) (ScriptedImporter) -> (artifact id: '7cf08b21a20fec82ac2a62f413391f37') in 0.0072908 seconds
Number of updated asset objects reloaded before import = 0Number of asset objects unloaded after import = 8

========================================================================
Received Import Request.
  Time since last request: 0.000011 seconds.
  path: Assets/Asset/Simple UI/Simple Vector Icons/128px/UI_Icon_BtnPsTriangleRound.png
  artifactKey: Guid(ce254bc02e60b496696a349a8295a6a1) Importer(2089858483,d624ce77472d68a35037170ec1d2d27e)
Start importing Assets/Asset/Simple UI/Simple Vector Icons/128px/UI_Icon_BtnPsTriangleRound.png using Guid(ce254bc02e60b496696a349a8295a6a1) Importer(2089858483,d624ce77472d68a35037170ec1d2d27e) (ScriptedImporter) -> (artifact id: 'c43cee28d1bb0251661e6375ed05ea57') in 0.0114388 seconds
Number of updated asset objects reloaded before import = 0Number of asset objects unloaded after import = 3

========================================================================
Received Import Request.
  Time since last request: 0.000012 seconds.
  path: Assets/Asset/Cartoon Temple Building Kit/Prefabs/Sig Sag Prefabs/Sig Sag 4x4 One Sided.prefab
  artifactKey: Guid(3372b53114e22964fbf874a291931b55) Importer(2089858483,d624ce77472d68a35037170ec1d2d27e)
Start importing Assets/Asset/Cartoon Temple Building Kit/Prefabs/Sig Sag Prefabs/Sig Sag 4x4 One Sided.prefab using Guid(3372b53114e22964fbf874a291931b55) Importer(2089858483,d624ce77472d68a35037170ec1d2d27e) (ScriptedImporter) -> (artifact id: 'af68506a36c8a348e4ca6add37f29b83') in 0.0086597 seconds
Number of updated asset objects reloaded before import = 0Number of asset objects unloaded after import = 8

========================================================================
Received Import Request.
  Time since last request: 0.000016 seconds.
  path: Assets/Asset/Cartoon Temple Building Kit/Prefabs/Single Cubes Prefabs/Single Cube 7.prefab
  artifactKey: Guid(34a226b2b0cae434eab560c2f7b63617) Importer(2089858483,d624ce77472d68a35037170ec1d2d27e)
Start importing Assets/Asset/Cartoon Temple Building Kit/Prefabs/Single Cubes Prefabs/Single Cube 7.prefab using Guid(34a226b2b0cae434eab560c2f7b63617) Importer(2089858483,d624ce77472d68a35037170ec1d2d27e) (ScriptedImporter) -> (artifact id: 'efd771eef96b2ffbcd012013c48299b2') in 0.0088028 seconds
Number of updated asset objects reloaded before import = 0Number of asset objects unloaded after import = 8

========================================================================
Received Import Request.
  Time since last request: 0.000016 seconds.
  path: Assets/Asset/Cartoon Temple Building Kit/Prefabs/Single Cubes Prefabs/Single Cube 8.prefab
  artifactKey: Guid(d5b7db06ee954724c917b7c83ef2d092) Importer(2089858483,d624ce77472d68a35037170ec1d2d27e)
Start importing Assets/Asset/Cartoon Temple Building Kit/Prefabs/Single Cubes Prefabs/Single Cube 8.prefab using Guid(d5b7db06ee954724c917b7c83ef2d092) Importer(2089858483,d624ce77472d68a35037170ec1d2d27e) (ScriptedImporter) -> (artifact id: '2c2cf877acc632561ae32cedb09e114f') in 0.0119921 seconds
Number of updated asset objects reloaded before import = 0Number of asset objects unloaded after import = 8

========================================================================
Received Import Request.
  Time since last request: 0.000013 seconds.
  path: Assets/Asset/Simple UI/Resource Icons/Source/UI_Graphic_Resource_Hammer.eps
  artifactKey: Guid(bc9f14705a56c4793b57892a9c90d78e) Importer(2089858483,d624ce77472d68a35037170ec1d2d27e)
Start importing Assets/Asset/Simple UI/Resource Icons/Source/UI_Graphic_Resource_Hammer.eps using Guid(bc9f14705a56c4793b57892a9c90d78e) Importer(2089858483,d624ce77472d68a35037170ec1d2d27e) (ScriptedImporter) -> (artifact id: '9c4b00beef3ad7cf8e511fe611e41c35') in 0.0030986 seconds
Number of updated asset objects reloaded before import = 0Number of asset objects unloaded after import = 1

========================================================================
Received Import Request.
  Time since last request: 0.000049 seconds.
  path: Assets/Asset/Simple UI/Simple Vector Icons/128px/UI_Icon_ArrowLeft.png
  artifactKey: Guid(1beb2b9b13cdf4627a2e692628ae8f00) Importer(2089858483,d624ce77472d68a35037170ec1d2d27e)
Start importing Assets/Asset/Simple UI/Simple Vector Icons/128px/UI_Icon_ArrowLeft.png using Guid(1beb2b9b13cdf4627a2e692628ae8f00) Importer(2089858483,d624ce77472d68a35037170ec1d2d27e) (ScriptedImporter) -> (artifact id: 'e060e9a43115c1083a716fb3760b7dc6') in 0.0143615 seconds
Number of updated asset objects reloaded before import = 0Number of asset objects unloaded after import = 3

========================================================================
Received Import Request.
  Time since last request: 0.000014 seconds.
  path: Assets/Asset/Cartoon Temple Building Kit/Prefabs/Square Holes Prefabs/Square Hole 3x4.prefab
  artifactKey: Guid(0d7e2f57155e9164d94b970f8577ba97) Importer(2089858483,d624ce77472d68a35037170ec1d2d27e)
Start importing Assets/Asset/Cartoon Temple Building Kit/Prefabs/Square Holes Prefabs/Square Hole 3x4.prefab using Guid(0d7e2f57155e9164d94b970f8577ba97) Importer(2089858483,d624ce77472d68a35037170ec1d2d27e) (ScriptedImporter) -> (artifact id: '45362f8a58dfc468c95487c2068a6631') in 0.0088089 seconds
Number of updated asset objects reloaded before import = 0Number of asset objects unloaded after import = 8

========================================================================
Received Import Request.
  Time since last request: 0.000013 seconds.
  path: Assets/Asset/Cartoon Temple Building Kit/Prefabs/Sig Sag Prefabs/Sig Sag 2x4.prefab
  artifactKey: Guid(c0f29d0702be0d9418dbdb8b4516e646) Importer(2089858483,d624ce77472d68a35037170ec1d2d27e)
Start importing Assets/Asset/Cartoon Temple Building Kit/Prefabs/Sig Sag Prefabs/Sig Sag 2x4.prefab using Guid(c0f29d0702be0d9418dbdb8b4516e646) Importer(2089858483,d624ce77472d68a35037170ec1d2d27e) (ScriptedImporter) -> (artifact id: '3ca49a5cf0485396cb17a9737995e1e6') in 0.0079009 seconds
Number of updated asset objects reloaded before import = 0Number of asset objects unloaded after import = 8

========================================================================
Received Import Request.
  Time since last request: 0.000015 seconds.
  path: Assets/Asset/Cartoon Temple Building Kit/Prefabs/Sig Sag Prefabs/Sig Sag 4x8 Flat.prefab
  artifactKey: Guid(1ac498a6fb0333a4886948e982a9a81d) Importer(2089858483,d624ce77472d68a35037170ec1d2d27e)
Start importing Assets/Asset/Cartoon Temple Building Kit/Prefabs/Sig Sag Prefabs/Sig Sag 4x8 Flat.prefab using Guid(1ac498a6fb0333a4886948e982a9a81d) Importer(2089858483,d624ce77472d68a35037170ec1d2d27e) (ScriptedImporter) -> (artifact id: 'f1301f0bab47575d034dad29683bc85c') in 0.0090029 seconds
Number of updated asset objects reloaded before import = 0Number of asset objects unloaded after import = 8

========================================================================
Received Import Request.
  Time since last request: 0.000012 seconds.
  path: Assets/Asset/Simple UI/Samples/Materials/Background.mat
  artifactKey: Guid(b78f1eb14fb88ff4c8d3895122cb2c05) Importer(2089858483,d624ce77472d68a35037170ec1d2d27e)
Start importing Assets/Asset/Simple UI/Samples/Materials/Background.mat using Guid(b78f1eb14fb88ff4c8d3895122cb2c05) Importer(2089858483,d624ce77472d68a35037170ec1d2d27e) (ScriptedImporter) -> (artifact id: '47577a3ca0ebebb6ec5253b246b2d713') in 0.0060202 seconds
Number of updated asset objects reloaded before import = 0Number of asset objects unloaded after import = 2

========================================================================
Received Import Request.
  Time since last request: 0.000015 seconds.
  path: Assets/Asset/DungeonTraps/Effect/Materials/Tex_Eff_Smoke.png
  artifactKey: Guid(ed492c26bc6e45f42aacc0fee50f73bc) Importer(2089858483,d624ce77472d68a35037170ec1d2d27e)
Start importing Assets/Asset/DungeonTraps/Effect/Materials/Tex_Eff_Smoke.png using Guid(ed492c26bc6e45f42aacc0fee50f73bc) Importer(2089858483,d624ce77472d68a35037170ec1d2d27e) (ScriptedImporter) -> (artifact id: 'ebe7f6df8028da453eb84919a6463054') in 0.0099819 seconds
Number of updated asset objects reloaded before import = 0Number of asset objects unloaded after import = 1

========================================================================
Received Import Request.
  Time since last request: 0.000014 seconds.
  path: Assets/Asset/Cartoon Temple Building Kit/Prefabs/Single Cubes Prefabs/Single Cube 1.prefab
  artifactKey: Guid(373dd8593f5b13041844c65ace9b2418) Importer(2089858483,d624ce77472d68a35037170ec1d2d27e)
Start importing Assets/Asset/Cartoon Temple Building Kit/Prefabs/Single Cubes Prefabs/Single Cube 1.prefab using Guid(373dd8593f5b13041844c65ace9b2418) Importer(2089858483,d624ce77472d68a35037170ec1d2d27e) (ScriptedImporter) -> (artifact id: '9b1960d5a5d6dfedf7a45cd39ca07e60') in 0.0124593 seconds
Number of updated asset objects reloaded before import = 0Number of asset objects unloaded after import = 8

========================================================================
Received Import Request.
  Time since last request: 0.000013 seconds.
  path: Assets/Asset/Joystick Pack/Sprites/Handles/Handle_Ridged.png
  artifactKey: Guid(3a74f678ee8f3bd49aacf3de1ae4bcaa) Importer(2089858483,d624ce77472d68a35037170ec1d2d27e)
Start importing Assets/Asset/Joystick Pack/Sprites/Handles/Handle_Ridged.png using Guid(3a74f678ee8f3bd49aacf3de1ae4bcaa) Importer(2089858483,d624ce77472d68a35037170ec1d2d27e) (ScriptedImporter) -> (artifact id: '62bec457437710c7f239ace0c6f9324b') in 0.01358 seconds
Number of updated asset objects reloaded before import = 0Number of asset objects unloaded after import = 3

========================================================================
Received Import Request.
  Time since last request: 0.000013 seconds.
  path: Assets/Asset/Cartoon Temple Building Kit/Prefabs/Single Cubes Prefabs/Single Cube 2.prefab
  artifactKey: Guid(51ae3f080b0f5574198b3193c6b6187f) Importer(2089858483,d624ce77472d68a35037170ec1d2d27e)
Start importing Assets/Asset/Cartoon Temple Building Kit/Prefabs/Single Cubes Prefabs/Single Cube 2.prefab using Guid(51ae3f080b0f5574198b3193c6b6187f) Importer(2089858483,d624ce77472d68a35037170ec1d2d27e) (ScriptedImporter) -> (artifact id: 'fa055eebb262f6b6e31c482d9e01e4a5') in 0.0096999 seconds
Number of updated asset objects reloaded before import = 0Number of asset objects unloaded after import = 8

========================================================================
Received Import Request.
  Time since last request: 0.000018 seconds.
  path: Assets/Asset/Simple UI/Resource Icons/Source/UI_Graphic_Resource_Coins.eps
  artifactKey: Guid(45d5b59a47eaf4a4e85921cf162e747f) Importer(2089858483,d624ce77472d68a35037170ec1d2d27e)
Start importing Assets/Asset/Simple UI/Resource Icons/Source/UI_Graphic_Resource_Coins.eps using Guid(45d5b59a47eaf4a4e85921cf162e747f) Importer(2089858483,d624ce77472d68a35037170ec1d2d27e) (ScriptedImporter) -> (artifact id: 'd98aa973ba555efeed6fde91ae04a09d') in 0.0033083 seconds
Number of updated asset objects reloaded before import = 0Number of asset objects unloaded after import = 1

========================================================================
Received Import Request.
  Time since last request: 0.000048 seconds.
  path: Assets/Asset/Simple UI/Simple Vector Icons/128px/UI_Icon_BtnDpadVertical.png
  artifactKey: Guid(8589f17bb82ca48efbea91600e1dff77) Importer(2089858483,d624ce77472d68a35037170ec1d2d27e)
Start importing Assets/Asset/Simple UI/Simple Vector Icons/128px/UI_Icon_BtnDpadVertical.png using Guid(8589f17bb82ca48efbea91600e1dff77) Importer(2089858483,d624ce77472d68a35037170ec1d2d27e) (ScriptedImporter) -> (artifact id: 'c3de003b674f58035a15d4c9b377d66e') in 0.0133251 seconds
Number of updated asset objects reloaded before import = 0Number of asset objects unloaded after import = 3

========================================================================
Received Import Request.
  Time since last request: 0.000015 seconds.
  path: Assets/Asset/Joystick Pack/Sprites/All Axis Backgrounds/AllAxis_Plain_Arrows.png
  artifactKey: Guid(2a1f3cba20f3e11498474a705db12fde) Importer(2089858483,d624ce77472d68a35037170ec1d2d27e)
Start importing Assets/Asset/Joystick Pack/Sprites/All Axis Backgrounds/AllAxis_Plain_Arrows.png using Guid(2a1f3cba20f3e11498474a705db12fde) Importer(2089858483,d624ce77472d68a35037170ec1d2d27e) (ScriptedImporter) -> (artifact id: '78176d33ab5d41911af1d15717b5ff4c') in 0.0128977 seconds
Number of updated asset objects reloaded before import = 0Number of asset objects unloaded after import = 3

========================================================================
Received Import Request.
  Time since last request: 0.000020 seconds.
  path: Assets/Asset/Joystick Pack/Scripts/Joysticks/VariableJoystick.cs
  artifactKey: Guid(42844a4fccbd54746b90cade4ff70f73) Importer(2089858483,d624ce77472d68a35037170ec1d2d27e)
Start importing Assets/Asset/Joystick Pack/Scripts/Joysticks/VariableJoystick.cs using Guid(42844a4fccbd54746b90cade4ff70f73) Importer(2089858483,d624ce77472d68a35037170ec1d2d27e) (ScriptedImporter) -> (artifact id: 'bd71f5f92847c7bd6f1466ac90449815') in 0.0028946 seconds
Number of updated asset objects reloaded before import = 0Number of asset objects unloaded after import = 0

========================================================================
Received Import Request.
  Time since last request: 0.000068 seconds.
  path: Assets/Asset/Simple UI/Simple Vector Icons/128px/UI_Icon_BtnL2.png
  artifactKey: Guid(aab3b05e57ec54452920863e19e43d17) Importer(2089858483,d624ce77472d68a35037170ec1d2d27e)
Start importing Assets/Asset/Simple UI/Simple Vector Icons/128px/UI_Icon_BtnL2.png using Guid(aab3b05e57ec54452920863e19e43d17) Importer(2089858483,d624ce77472d68a35037170ec1d2d27e) (ScriptedImporter) -> (artifact id: '9ae46d5e92b4c90b8c52deb27e6d5a0d') in 0.0123331 seconds
Number of updated asset objects reloaded before import = 0Number of asset objects unloaded after import = 3

========================================================================
Received Import Request.
  Time since last request: 0.000015 seconds.
  path: Assets/Asset/Simple UI/Simple Vector Icons/128px/UI_Icon_BtnPsSquare.png
  artifactKey: Guid(4a60f9dbfdccd422eabc6a34d9043fb0) Importer(2089858483,d624ce77472d68a35037170ec1d2d27e)
Start importing Assets/Asset/Simple UI/Simple Vector Icons/128px/UI_Icon_BtnPsSquare.png using Guid(4a60f9dbfdccd422eabc6a34d9043fb0) Importer(2089858483,d624ce77472d68a35037170ec1d2d27e) (ScriptedImporter) -> (artifact id: '54e0efefb7a8d73e78210b92200cb8a9') in 0.014195 seconds
Number of updated asset objects reloaded before import = 0Number of asset objects unloaded after import = 3

========================================================================
Received Import Request.
  Time since last request: 0.000016 seconds.
  path: Assets/Asset/Cartoon Temple Building Kit/Prefabs/Square Holes Prefabs/Square Hole 3x6 One Sided.prefab
  artifactKey: Guid(9e1d31c165d20c14599a1a8d34924d40) Importer(2089858483,d624ce77472d68a35037170ec1d2d27e)
Start importing Assets/Asset/Cartoon Temple Building Kit/Prefabs/Square Holes Prefabs/Square Hole 3x6 One Sided.prefab using Guid(9e1d31c165d20c14599a1a8d34924d40) Importer(2089858483,d624ce77472d68a35037170ec1d2d27e) (ScriptedImporter) -> (artifact id: '83d1e4ff51e20d847320a9de1ae7a633') in 0.0077278 seconds
Number of updated asset objects reloaded before import = 0Number of asset objects unloaded after import = 8

========================================================================
Received Import Request.
  Time since last request: 0.000046 seconds.
  path: Assets/Asset/Cartoon Temple Building Kit/Prefabs/Single Cubes Prefabs/Single Cube 12.prefab
  artifactKey: Guid(d2a6bc7a4cd483345a06f51f26bc6480) Importer(2089858483,d624ce77472d68a35037170ec1d2d27e)
Start importing Assets/Asset/Cartoon Temple Building Kit/Prefabs/Single Cubes Prefabs/Single Cube 12.prefab using Guid(d2a6bc7a4cd483345a06f51f26bc6480) Importer(2089858483,d624ce77472d68a35037170ec1d2d27e) (ScriptedImporter) -> (artifact id: '1039281a688b6dfe4a3b25802fdc253b') in 0.0076555 seconds
Number of updated asset objects reloaded before import = 0Number of asset objects unloaded after import = 8

========================================================================
Received Import Request.
  Time since last request: 0.000012 seconds.
  path: Assets/Asset/DungeonTraps/Trap/Prefab/Pf_SpoonTrap.prefab
  artifactKey: Guid(4fa16beb95824b543a4243439d735bf8) Importer(2089858483,d624ce77472d68a35037170ec1d2d27e)
Start importing Assets/Asset/DungeonTraps/Trap/Prefab/Pf_SpoonTrap.prefab using Guid(4fa16beb95824b543a4243439d735bf8) Importer(2089858483,d624ce77472d68a35037170ec1d2d27e) (ScriptedImporter) -> (artifact id: '19135ad131f53a35fc615773552d066f') in 0.0062485 seconds
Number of updated asset objects reloaded before import = 0Number of asset objects unloaded after import = 23

========================================================================
Received Import Request.
  Time since last request: 0.000013 seconds.
  path: Assets/Asset/Simple UI/PNG/Materials/UI_Tab_Active.mat
  artifactKey: Guid(52660e51ce025ae478f0a596f45d20a4) Importer(2089858483,d624ce77472d68a35037170ec1d2d27e)
Start importing Assets/Asset/Simple UI/PNG/Materials/UI_Tab_Active.mat using Guid(52660e51ce025ae478f0a596f45d20a4) Importer(2089858483,d624ce77472d68a35037170ec1d2d27e) (ScriptedImporter) -> (artifact id: '0ca2767e4902ec2cd374ac8f40664f6a') in 0.006071 seconds
Number of updated asset objects reloaded before import = 0Number of asset objects unloaded after import = 2

========================================================================
Received Import Request.
  Time since last request: 0.337120 seconds.
  path: Assets/Asset/Simple UI/Simple Vector Icons/128px/UI_Icon_BtnXboxA.png
  artifactKey: Guid(c01434ff7cbbe4d89a9f9e75a9b40096) Importer(2089858483,d624ce77472d68a35037170ec1d2d27e)
Start importing Assets/Asset/Simple UI/Simple Vector Icons/128px/UI_Icon_BtnXboxA.png using Guid(c01434ff7cbbe4d89a9f9e75a9b40096) Importer(2089858483,d624ce77472d68a35037170ec1d2d27e) (ScriptedImporter) -> (artifact id: 'ea04e8a764a497a6acc560baa8247843') in 0.0148235 seconds
Number of updated asset objects reloaded before import = 0Number of asset objects unloaded after import = 3

========================================================================
Received Import Request.
  Time since last request: 0.000019 seconds.
  path: Assets/Asset/Cartoon Temple Building Kit/Fbx/Blocks/Materials/Cartoon Temple Builder Kit.mat
  artifactKey: Guid(3907132c7691849448765e3757ef35e8) Importer(2089858483,d624ce77472d68a35037170ec1d2d27e)
Start importing Assets/Asset/Cartoon Temple Building Kit/Fbx/Blocks/Materials/Cartoon Temple Builder Kit.mat using Guid(3907132c7691849448765e3757ef35e8) Importer(2089858483,d624ce77472d68a35037170ec1d2d27e) (ScriptedImporter) -> (artifact id: '2863c380042b2cce862d9435b7f68167') in 0.0063492 seconds
Number of updated asset objects reloaded before import = 0Number of asset objects unloaded after import = 2

========================================================================
Received Import Request.
  Time since last request: 0.000019 seconds.
  path: Assets/Asset/Standard Assets/CrossPlatformInput/Scripts/CrossPlatformInputManager.cs
  artifactKey: Guid(6ac1ce5a5adfd9f46adbf5b6f752a47c) Importer(2089858483,d624ce77472d68a35037170ec1d2d27e)
Start importing Assets/Asset/Standard Assets/CrossPlatformInput/Scripts/CrossPlatformInputManager.cs using Guid(6ac1ce5a5adfd9f46adbf5b6f752a47c) Importer(2089858483,d624ce77472d68a35037170ec1d2d27e) (ScriptedImporter) -> (artifact id: '2771a44d726c9027af0cb219f0b0a087') in 0.0031679 seconds
Number of updated asset objects reloaded before import = 0Number of asset objects unloaded after import = 0

========================================================================
Received Import Request.
  Time since last request: 0.000040 seconds.
  path: Assets/Asset/Simple UI/Simple Vector Icons/128px/UI_Icon_Gift.png
  artifactKey: Guid(06ccad68a51e7475aa47fa790359f6dc) Importer(2089858483,d624ce77472d68a35037170ec1d2d27e)
Start importing Assets/Asset/Simple UI/Simple Vector Icons/128px/UI_Icon_Gift.png using Guid(06ccad68a51e7475aa47fa790359f6dc) Importer(2089858483,d624ce77472d68a35037170ec1d2d27e) (ScriptedImporter) -> (artifact id: 'c23e8dfea98920934970bcc0f80b71b6') in 0.0117666 seconds
Number of updated asset objects reloaded before import = 0Number of asset objects unloaded after import = 3

========================================================================
Received Import Request.
  Time since last request: 0.000012 seconds.
  path: Assets/Asset/Simple UI/Simple Vector Icons/128px/UI_Icon_FaithChristianity.png
  artifactKey: Guid(e283a689275804caa8d9b216cad15ddc) Importer(2089858483,d624ce77472d68a35037170ec1d2d27e)
Start importing Assets/Asset/Simple UI/Simple Vector Icons/128px/UI_Icon_FaithChristianity.png using Guid(e283a689275804caa8d9b216cad15ddc) Importer(2089858483,d624ce77472d68a35037170ec1d2d27e) (ScriptedImporter) -> (artifact id: 'a73e4406c53204f95ff553a2a4c6d9a6') in 0.0116385 seconds
Number of updated asset objects reloaded before import = 0Number of asset objects unloaded after import = 3

========================================================================
Received Import Request.
  Time since last request: 0.000013 seconds.
  path: Assets/Asset/Standard Assets/CrossPlatformInput/Sprites/ButtonSpacebarSprite.png
  artifactKey: Guid(3d8675433a508ec47b8f895201eacf20) Importer(2089858483,d624ce77472d68a35037170ec1d2d27e)
Start importing Assets/Asset/Standard Assets/CrossPlatformInput/Sprites/ButtonSpacebarSprite.png using Guid(3d8675433a508ec47b8f895201eacf20) Importer(2089858483,d624ce77472d68a35037170ec1d2d27e) (ScriptedImporter) -> (artifact id: '319cb44d213f83e57a37176a1f1e37e0') in 0.0155587 seconds
Number of updated asset objects reloaded before import = 0Number of asset objects unloaded after import = 3

========================================================================
Received Import Request.
  Time since last request: 0.000015 seconds.
  path: Assets/Asset/Cartoon Temple Building Kit/Fbx/Ground +/Ground + Dark/Ground + Dark 4x8.fbx
  artifactKey: Guid(3a75f69d66cb1a94f8872faa64320006) Importer(2089858483,d624ce77472d68a35037170ec1d2d27e)
Start importing Assets/Asset/Cartoon Temple Building Kit/Fbx/Ground +/Ground + Dark/Ground + Dark 4x8.fbx using Guid(3a75f69d66cb1a94f8872faa64320006) Importer(2089858483,d624ce77472d68a35037170ec1d2d27e) (ScriptedImporter) -> (artifact id: '6c7407728cd3d1aa6f7b0c15826e6ca9') in 0.018158 seconds
Number of updated asset objects reloaded before import = 0Number of asset objects unloaded after import = 8

========================================================================
Received Import Request.
  Time since last request: 0.000013 seconds.
  path: Assets/Asset/Simple UI/Simple Vector Icons/128px/UI_Icon_Plus.png
  artifactKey: Guid(c97375c23bca64d21b813603aa727166) Importer(2089858483,d624ce77472d68a35037170ec1d2d27e)
Start importing Assets/Asset/Simple UI/Simple Vector Icons/128px/UI_Icon_Plus.png using Guid(c97375c23bca64d21b813603aa727166) Importer(2089858483,d624ce77472d68a35037170ec1d2d27e) (ScriptedImporter) -> (artifact id: '081c5ac16c1c7da75df853be0bc04d04') in 0.0133887 seconds
Number of updated asset objects reloaded before import = 0Number of asset objects unloaded after import = 3

========================================================================
Received Import Request.
  Time since last request: 0.000014 seconds.
  path: Assets/Asset/Simple UI/Simple Vector Icons/128px/UI_Icon_FaithJudaism.png
  artifactKey: Guid(41d622a7558134c918f312dfdfbd6a98) Importer(2089858483,d624ce77472d68a35037170ec1d2d27e)
Start importing Assets/Asset/Simple UI/Simple Vector Icons/128px/UI_Icon_FaithJudaism.png using Guid(41d622a7558134c918f312dfdfbd6a98) Importer(2089858483,d624ce77472d68a35037170ec1d2d27e) (ScriptedImporter) -> (artifact id: '21a36e76dc937c099a9faa671abba6c8') in 0.0138661 seconds
Number of updated asset objects reloaded before import = 0Number of asset objects unloaded after import = 3

========================================================================
Received Import Request.
  Time since last request: 0.000018 seconds.
  path: Assets/Asset/Simple UI/Simple Vector Icons/128px/UI_Icon_Sun.png
  artifactKey: Guid(6ddbc057b8fff42f980de482874af88c) Importer(2089858483,d624ce77472d68a35037170ec1d2d27e)
Start importing Assets/Asset/Simple UI/Simple Vector Icons/128px/UI_Icon_Sun.png using Guid(6ddbc057b8fff42f980de482874af88c) Importer(2089858483,d624ce77472d68a35037170ec1d2d27e) (ScriptedImporter) -> (artifact id: '03ee291d8e17c74f5fb677f88df0cecc') in 0.0152226 seconds
Number of updated asset objects reloaded before import = 0Number of asset objects unloaded after import = 3

========================================================================
Received Import Request.
  Time since last request: 0.000013 seconds.
  path: Assets/Asset/Simple UI/Simple Vector Icons/128px/UI_Icon_GenderFemale1.png
  artifactKey: Guid(6a7fb5bc941e44768ac005493f4a9981) Importer(2089858483,d624ce77472d68a35037170ec1d2d27e)
Start importing Assets/Asset/Simple UI/Simple Vector Icons/128px/UI_Icon_GenderFemale1.png using Guid(6a7fb5bc941e44768ac005493f4a9981) Importer(2089858483,d624ce77472d68a35037170ec1d2d27e) (ScriptedImporter) -> (artifact id: 'c2b70b5e8e6dc29b6ac2ed48d432f185') in 0.0137578 seconds
Number of updated asset objects reloaded before import = 0Number of asset objects unloaded after import = 3

========================================================================
Received Import Request.
  Time since last request: 0.000015 seconds.
  path: Assets/Asset/Simple UI/Simple Vector Icons/128px/UI_Icon_Hammer.png
  artifactKey: Guid(b7253613cfa2a4c2d91991fe707baa47) Importer(2089858483,d624ce77472d68a35037170ec1d2d27e)
Start importing Assets/Asset/Simple UI/Simple Vector Icons/128px/UI_Icon_Hammer.png using Guid(b7253613cfa2a4c2d91991fe707baa47) Importer(2089858483,d624ce77472d68a35037170ec1d2d27e) (ScriptedImporter) -> (artifact id: '2baddaf23e4266c2dc046271145c3ed6') in 0.0141597 seconds
Number of updated asset objects reloaded before import = 0Number of asset objects unloaded after import = 3

========================================================================
Received Import Request.
  Time since last request: 0.000013 seconds.
  path: Assets/Asset/Standard Assets/CrossPlatformInput/Scripts/InputAxisScrollbar.cs
  artifactKey: Guid(7d3269566d48b8447bb48d2259e28f8b) Importer(2089858483,d624ce77472d68a35037170ec1d2d27e)
Start importing Assets/Asset/Standard Assets/CrossPlatformInput/Scripts/InputAxisScrollbar.cs using Guid(7d3269566d48b8447bb48d2259e28f8b) Importer(2089858483,d624ce77472d68a35037170ec1d2d27e) (ScriptedImporter) -> (artifact id: '05ce85fda64bde611f1b73a8b391e62d') in 0.0030244 seconds
Number of updated asset objects reloaded before import = 0Number of asset objects unloaded after import = 0

========================================================================
Received Import Request.
  Time since last request: 0.000056 seconds.
  path: Assets/Asset/Simple UI/Simple Vector Icons/128px/UI_Icon_MultiPlayer.png
  artifactKey: Guid(132298f71584b4b71a58725dd7d69a9a) Importer(2089858483,d624ce77472d68a35037170ec1d2d27e)
Start importing Assets/Asset/Simple UI/Simple Vector Icons/128px/UI_Icon_MultiPlayer.png using Guid(132298f71584b4b71a58725dd7d69a9a) Importer(2089858483,d624ce77472d68a35037170ec1d2d27e) (ScriptedImporter) -> (artifact id: '94d6e190744edda05e5f9d768277ce3c') in 0.012764 seconds
Number of updated asset objects reloaded before import = 0Number of asset objects unloaded after import = 3

========================================================================
Received Import Request.
  Time since last request: 0.000012 seconds.
  path: Assets/Asset/Simple UI/Simple Vector Icons/128px/UI_Icon_ToggleNext.png
  artifactKey: Guid(764e71b9fb848490b818ec151f6828d0) Importer(2089858483,d624ce77472d68a35037170ec1d2d27e)
Start importing Assets/Asset/Simple UI/Simple Vector Icons/128px/UI_Icon_ToggleNext.png using Guid(764e71b9fb848490b818ec151f6828d0) Importer(2089858483,d624ce77472d68a35037170ec1d2d27e) (ScriptedImporter) -> (artifact id: 'd9b4091452ce5c92091c5e6b94129eea') in 0.0144532 seconds
Number of updated asset objects reloaded before import = 0Number of asset objects unloaded after import = 3

========================================================================
Received Import Request.
  Time since last request: 0.000013 seconds.
  path: Assets/Asset/Simple UI/Simple Vector Icons/128px/UI_Icon_Map.png
  artifactKey: Guid(89f93152faed24625907e3439c323517) Importer(2089858483,d624ce77472d68a35037170ec1d2d27e)
Start importing Assets/Asset/Simple UI/Simple Vector Icons/128px/UI_Icon_Map.png using Guid(89f93152faed24625907e3439c323517) Importer(2089858483,d624ce77472d68a35037170ec1d2d27e) (ScriptedImporter) -> (artifact id: 'd9b3d595c6d686beab1df8773104738d') in 0.010977 seconds
Number of updated asset objects reloaded before import = 0Number of asset objects unloaded after import = 3

========================================================================
Received Import Request.
  Time since last request: 0.000012 seconds.
  path: Assets/Asset/Simple UI/Simple Vector Icons/128px/UI_Icon_Close.png
  artifactKey: Guid(d634d038ef5454d0daa664d6d2de6cda) Importer(2089858483,d624ce77472d68a35037170ec1d2d27e)
Start importing Assets/Asset/Simple UI/Simple Vector Icons/128px/UI_Icon_Close.png using Guid(d634d038ef5454d0daa664d6d2de6cda) Importer(2089858483,d624ce77472d68a35037170ec1d2d27e) (ScriptedImporter) -> (artifact id: '1a24237a82c50af55d700e3584f15ad2') in 0.0134692 seconds
Number of updated asset objects reloaded before import = 0Number of asset objects unloaded after import = 3

========================================================================
Received Import Request.
  Time since last request: 0.000013 seconds.
  path: Assets/Asset/Simple UI/Simple Vector Icons/128px/UI_Icon_Medal.png
  artifactKey: Guid(bcf8d106e826f4eb9abe624f1f80e5f7) Importer(2089858483,d624ce77472d68a35037170ec1d2d27e)
Start importing Assets/Asset/Simple UI/Simple Vector Icons/128px/UI_Icon_Medal.png using Guid(bcf8d106e826f4eb9abe624f1f80e5f7) Importer(2089858483,d624ce77472d68a35037170ec1d2d27e) (ScriptedImporter) -> (artifact id: 'dd4af1ebeb1653062372db11d1b5ac01') in 0.0135614 seconds
Number of updated asset objects reloaded before import = 0Number of asset objects unloaded after import = 3

========================================================================
Received Import Request.
  Time since last request: 0.000013 seconds.
  path: Assets/Asset/Cartoon Temple Building Kit/Fbx/Decorative/Idol/Idol 6.fbx
  artifactKey: Guid(b2fa3fb20b986114f94dfa86ff76242a) Importer(2089858483,d624ce77472d68a35037170ec1d2d27e)
Start importing Assets/Asset/Cartoon Temple Building Kit/Fbx/Decorative/Idol/Idol 6.fbx using Guid(b2fa3fb20b986114f94dfa86ff76242a) Importer(2089858483,d624ce77472d68a35037170ec1d2d27e) (ScriptedImporter) -> (artifact id: '0b20a281a77729a3a03c85e92103601b') in 0.0122143 seconds
Number of updated asset objects reloaded before import = 0Number of asset objects unloaded after import = 8

========================================================================
Received Import Request.
  Time since last request: 0.000015 seconds.
  path: Assets/Asset/Cartoon Temple Building Kit/Fbx/Decorative/Misc/Light Orb.fbx
  artifactKey: Guid(c2c7c3ba6b230de44871a6b2938fe9d0) Importer(2089858483,d624ce77472d68a35037170ec1d2d27e)
Start importing Assets/Asset/Cartoon Temple Building Kit/Fbx/Decorative/Misc/Light Orb.fbx using Guid(c2c7c3ba6b230de44871a6b2938fe9d0) Importer(2089858483,d624ce77472d68a35037170ec1d2d27e) (ScriptedImporter) -> (artifact id: '05850a2b1dd82f39e998592e26c96c8e') in 0.0125301 seconds
Number of updated asset objects reloaded before import = 0Number of asset objects unloaded after import = 8

========================================================================
Received Import Request.
  Time since last request: 0.000018 seconds.
  path: Assets/Asset/Simple UI/Simple Vector Icons/128px/UI_Icon_SocialYoutube.png
  artifactKey: Guid(f3c525ea09e8e4eab85d4453fb6958a2) Importer(2089858483,d624ce77472d68a35037170ec1d2d27e)
Start importing Assets/Asset/Simple UI/Simple Vector Icons/128px/UI_Icon_SocialYoutube.png using Guid(f3c525ea09e8e4eab85d4453fb6958a2) Importer(2089858483,d624ce77472d68a35037170ec1d2d27e) (ScriptedImporter) -> (artifact id: '2a85d1cfeb4d971dba3f3626f41ab398') in 0.0118323 seconds
Number of updated asset objects reloaded before import = 0Number of asset objects unloaded after import = 3

========================================================================
Received Import Request.
  Time since last request: 0.000012 seconds.
  path: Assets/Asset/Cartoon Temple Building Kit/Fbx/Ground +/Ground + Dark Flat/Ground + Dark 1x8 Flat.fbx
  artifactKey: Guid(128ea970b7e99cd4da69c41ceadac8d5) Importer(2089858483,d624ce77472d68a35037170ec1d2d27e)
Start importing Assets/Asset/Cartoon Temple Building Kit/Fbx/Ground +/Ground + Dark Flat/Ground + Dark 1x8 Flat.fbx using Guid(128ea970b7e99cd4da69c41ceadac8d5) Importer(2089858483,d624ce77472d68a35037170ec1d2d27e) (ScriptedImporter) -> (artifact id: 'aa862e8cc2fa8ffa0c714ee312f651d1') in 0.0146677 seconds
Number of updated asset objects reloaded before import = 0Number of asset objects unloaded after import = 8

========================================================================
Received Import Request.
  Time since last request: 0.000012 seconds.
  path: Assets/Asset/Cartoon Temple Building Kit/Fbx/Ground +/Ground + Mix/Ground + Mix 2x8.fbx
  artifactKey: Guid(55ef1c0eef4621942aff71f17375e7df) Importer(2089858483,d624ce77472d68a35037170ec1d2d27e)
Start importing Assets/Asset/Cartoon Temple Building Kit/Fbx/Ground +/Ground + Mix/Ground + Mix 2x8.fbx using Guid(55ef1c0eef4621942aff71f17375e7df) Importer(2089858483,d624ce77472d68a35037170ec1d2d27e) (ScriptedImporter) -> (artifact id: '3fca3e16b21630721706c7e854ba0610') in 0.0119209 seconds
Number of updated asset objects reloaded before import = 0Number of asset objects unloaded after import = 8

========================================================================
Received Import Request.
  Time since last request: 0.000013 seconds.
  path: Assets/Asset/Simple UI/Simple Vector Icons/128px/UI_Icon_Sandclock.png
  artifactKey: Guid(1276653a4c2d448b3b558e3943c3970f) Importer(2089858483,d624ce77472d68a35037170ec1d2d27e)
Start importing Assets/Asset/Simple UI/Simple Vector Icons/128px/UI_Icon_Sandclock.png using Guid(1276653a4c2d448b3b558e3943c3970f) Importer(2089858483,d624ce77472d68a35037170ec1d2d27e) (ScriptedImporter) -> (artifact id: '377a7388237ffd8ad2af1b912025c042') in 0.0114273 seconds
Number of updated asset objects reloaded before import = 0Number of asset objects unloaded after import = 3

========================================================================
Received Import Request.
  Time since last request: 0.000012 seconds.
  path: Assets/Asset/Cartoon Temple Building Kit/Fbx/Ground Path/Ground Path/Ground Path Two.fbx
  artifactKey: Guid(24623cb359456fc4db3d77b2cb64609a) Importer(2089858483,d624ce77472d68a35037170ec1d2d27e)
Start importing Assets/Asset/Cartoon Temple Building Kit/Fbx/Ground Path/Ground Path/Ground Path Two.fbx using Guid(24623cb359456fc4db3d77b2cb64609a) Importer(2089858483,d624ce77472d68a35037170ec1d2d27e) (ScriptedImporter) -> (artifact id: 'a5e10a75b108466356d740091f1bea4d') in 0.012714 seconds
Number of updated asset objects reloaded before import = 0Number of asset objects unloaded after import = 8

========================================================================
Received Import Request.
  Time since last request: 0.000012 seconds.
  path: Assets/Asset/Simple UI/Simple Vector Icons/128px/UI_Icon_Warning.png
  artifactKey: Guid(29c015137e4974586a5e5ac823501657) Importer(2089858483,d624ce77472d68a35037170ec1d2d27e)
Start importing Assets/Asset/Simple UI/Simple Vector Icons/128px/UI_Icon_Warning.png using Guid(29c015137e4974586a5e5ac823501657) Importer(2089858483,d624ce77472d68a35037170ec1d2d27e) (ScriptedImporter) -> (artifact id: '655929e6af9459aafb8f8b9f07ae536e') in 0.0116009 seconds
Number of updated asset objects reloaded before import = 0Number of asset objects unloaded after import = 3

========================================================================
Received Import Request.
  Time since last request: 0.000012 seconds.
  path: Assets/Asset/Simple UI/Simple Vector Icons/128px/UI_Icon_Filter.png
  artifactKey: Guid(99b4a782733e24d45bf60c6f13e7eb36) Importer(2089858483,d624ce77472d68a35037170ec1d2d27e)
Start importing Assets/Asset/Simple UI/Simple Vector Icons/128px/UI_Icon_Filter.png using Guid(99b4a782733e24d45bf60c6f13e7eb36) Importer(2089858483,d624ce77472d68a35037170ec1d2d27e) (ScriptedImporter) -> (artifact id: '41f26cddf0706253521b441802ba9f29') in 0.011604 seconds
Number of updated asset objects reloaded before import = 0Number of asset objects unloaded after import = 3

========================================================================
Received Import Request.
  Time since last request: 0.000012 seconds.
  path: Assets/Asset/Cartoon Temple Building Kit/Fbx/Ground X/Ground X Bright/Ground X Bright 2x2.fbx
  artifactKey: Guid(b6306130bca2c0c4b81708086844ec54) Importer(2089858483,d624ce77472d68a35037170ec1d2d27e)
Start importing Assets/Asset/Cartoon Temple Building Kit/Fbx/Ground X/Ground X Bright/Ground X Bright 2x2.fbx using Guid(b6306130bca2c0c4b81708086844ec54) Importer(2089858483,d624ce77472d68a35037170ec1d2d27e) (ScriptedImporter) -> (artifact id: 'dcfa5dedc697fae6b48c1087fdec5a6a') in 0.0123787 seconds
Number of updated asset objects reloaded before import = 0Number of asset objects unloaded after import = 8

========================================================================
Received Import Request.
  Time since last request: 0.000013 seconds.
  path: Assets/Asset/Standard Assets/Characters/RollerBall/RollerBallGuidelines.txt
  artifactKey: Guid(0cdb788e79be7594e8cc8e1f742d23b7) Importer(2089858483,d624ce77472d68a35037170ec1d2d27e)
Start importing Assets/Asset/Standard Assets/Characters/RollerBall/RollerBallGuidelines.txt using Guid(0cdb788e79be7594e8cc8e1f742d23b7) Importer(2089858483,d624ce77472d68a35037170ec1d2d27e) (ScriptedImporter) -> (artifact id: '80d54e89139ba3d6f531da14f70d9656') in 0.0029505 seconds
Number of updated asset objects reloaded before import = 0Number of asset objects unloaded after import = 1

========================================================================
Received Import Request.
  Time since last request: 0.000012 seconds.
  path: Assets/Asset/Simple UI/Simple Vector Icons/128px/UI_Icon_Wifi.png
  artifactKey: Guid(3d489d811b5d54f3aae787a7f4b9c184) Importer(2089858483,d624ce77472d68a35037170ec1d2d27e)
Start importing Assets/Asset/Simple UI/Simple Vector Icons/128px/UI_Icon_Wifi.png using Guid(3d489d811b5d54f3aae787a7f4b9c184) Importer(2089858483,d624ce77472d68a35037170ec1d2d27e) (ScriptedImporter) -> (artifact id: '53b2759414adcce87ebb66da02705ae7') in 0.0114936 seconds
Number of updated asset objects reloaded before import = 0Number of asset objects unloaded after import = 3

========================================================================
Received Import Request.
  Time since last request: 0.000017 seconds.
  path: Assets/Asset/Simple UI/Simple Vector Icons/128px/UI_Icon_ShoppingCart.png
  artifactKey: Guid(a9a07259885f345a3b7122b4a822d6db) Importer(2089858483,d624ce77472d68a35037170ec1d2d27e)
Start importing Assets/Asset/Simple UI/Simple Vector Icons/128px/UI_Icon_ShoppingCart.png using Guid(a9a07259885f345a3b7122b4a822d6db) Importer(2089858483,d624ce77472d68a35037170ec1d2d27e) (ScriptedImporter) -> (artifact id: 'da2b413fd68e4de9302590ffde31b893') in 0.0155916 seconds
Number of updated asset objects reloaded before import = 0Number of asset objects unloaded after import = 3

========================================================================
Received Import Request.
  Time since last request: 0.000012 seconds.
  path: Assets/Asset/Standard Assets/CrossPlatformInput/Sprites/TouchpadSprite.png
  artifactKey: Guid(e4f1fee3de32377429fd1348fae62b10) Importer(2089858483,d624ce77472d68a35037170ec1d2d27e)
Start importing Assets/Asset/Standard Assets/CrossPlatformInput/Sprites/TouchpadSprite.png using Guid(e4f1fee3de32377429fd1348fae62b10) Importer(2089858483,d624ce77472d68a35037170ec1d2d27e) (ScriptedImporter) -> (artifact id: '1fa2e4a3ce4b56144f480ed023e08cff') in 0.0130487 seconds
Number of updated asset objects reloaded before import = 0Number of asset objects unloaded after import = 3

========================================================================
Received Import Request.
  Time since last request: 0.000013 seconds.
  path: Assets/Asset/Cartoon Temple Building Kit/Fbx/Decorative/FloorBlocks Corners Walls/Floor Blocks 5.fbx
  artifactKey: Guid(935e73bcdb9b5aa47b9d8cc5a09236ad) Importer(2089858483,d624ce77472d68a35037170ec1d2d27e)
Start importing Assets/Asset/Cartoon Temple Building Kit/Fbx/Decorative/FloorBlocks Corners Walls/Floor Blocks 5.fbx using Guid(935e73bcdb9b5aa47b9d8cc5a09236ad) Importer(2089858483,d624ce77472d68a35037170ec1d2d27e) (ScriptedImporter) -> (artifact id: 'd3f3512a1c2130bf7425d85e92e9a6d7') in 0.0119472 seconds
Number of updated asset objects reloaded before import = 0Number of asset objects unloaded after import = 8

========================================================================
Received Import Request.
  Time since last request: 0.000012 seconds.
  path: Assets/Asset/Cartoon Temple Building Kit/Fbx/Ground +/Ground + Bright Flat/Ground + Flat Bright 8x8.fbx
  artifactKey: Guid(c0299bdbd32e84340b31f09e9fdd3b1f) Importer(2089858483,d624ce77472d68a35037170ec1d2d27e)
Start importing Assets/Asset/Cartoon Temple Building Kit/Fbx/Ground +/Ground + Bright Flat/Ground + Flat Bright 8x8.fbx using Guid(c0299bdbd32e84340b31f09e9fdd3b1f) Importer(2089858483,d624ce77472d68a35037170ec1d2d27e) (ScriptedImporter) -> (artifact id: 'd1b04812f9b7576e73f9b2edac2a733d') in 0.01474 seconds
Number of updated asset objects reloaded before import = 0Number of asset objects unloaded after import = 8

========================================================================
Received Import Request.
  Time since last request: 0.000014 seconds.
  path: Assets/Asset/Cartoon Temple Building Kit/Fbx/Ground +/Ground + Mix/Ground + Mix 1x4.fbx
  artifactKey: Guid(69fc151b42e4dfe4eaaeb12de076683c) Importer(2089858483,d624ce77472d68a35037170ec1d2d27e)
Start importing Assets/Asset/Cartoon Temple Building Kit/Fbx/Ground +/Ground + Mix/Ground + Mix 1x4.fbx using Guid(69fc151b42e4dfe4eaaeb12de076683c) Importer(2089858483,d624ce77472d68a35037170ec1d2d27e) (ScriptedImporter) -> (artifact id: '7b5c3fac9e23c1325d04e56eb494ff57') in 0.0157203 seconds
Number of updated asset objects reloaded before import = 0Number of asset objects unloaded after import = 8

========================================================================
Received Import Request.
  Time since last request: 0.000013 seconds.
  path: Assets/Asset/Cartoon Temple Building Kit/Fbx/Ground +/Ground + Mix Flat/Ground + Mix 8x8 Flat.fbx
  artifactKey: Guid(662d4c7b94e1f454788031fd88666078) Importer(2089858483,d624ce77472d68a35037170ec1d2d27e)
Start importing Assets/Asset/Cartoon Temple Building Kit/Fbx/Ground +/Ground + Mix Flat/Ground + Mix 8x8 Flat.fbx using Guid(662d4c7b94e1f454788031fd88666078) Importer(2089858483,d624ce77472d68a35037170ec1d2d27e) (ScriptedImporter) -> (artifact id: '7a50869cfec9574f2cff78aca5ed01cb') in 0.018307 seconds
Number of updated asset objects reloaded before import = 0Number of asset objects unloaded after import = 8

========================================================================
Received Import Request.
  Time since last request: 0.000016 seconds.
  path: Assets/Asset/Standard Assets/CrossPlatformInput/Sprites/ButtonResetSprite.png
  artifactKey: Guid(a94c9a7eb94ceec4a8d67a1890e22e51) Importer(2089858483,d624ce77472d68a35037170ec1d2d27e)
Start importing Assets/Asset/Standard Assets/CrossPlatformInput/Sprites/ButtonResetSprite.png using Guid(a94c9a7eb94ceec4a8d67a1890e22e51) Importer(2089858483,d624ce77472d68a35037170ec1d2d27e) (ScriptedImporter) -> (artifact id: 'd53256034e3cbd05b0e9bdd2d919c6e3') in 0.0119775 seconds
Number of updated asset objects reloaded before import = 0Number of asset objects unloaded after import = 3

========================================================================
Received Import Request.
  Time since last request: 0.000023 seconds.
  path: Assets/Asset/Simple UI/Simple Vector Icons/128px/UI_Icon_Moon.png
  artifactKey: Guid(967e539568d304550b66f56514b77677) Importer(2089858483,d624ce77472d68a35037170ec1d2d27e)
Start importing Assets/Asset/Simple UI/Simple Vector Icons/128px/UI_Icon_Moon.png using Guid(967e539568d304550b66f56514b77677) Importer(2089858483,d624ce77472d68a35037170ec1d2d27e) (ScriptedImporter) -> (artifact id: '5217edf7627cd700cad15736a317dc62') in 0.0118831 seconds
Number of updated asset objects reloaded before import = 0Number of asset objects unloaded after import = 3

========================================================================
Received Import Request.
  Time since last request: 0.000011 seconds.
  path: Assets/Asset/Simple UI/Simple Vector Icons/128px/UI_Icon_Rewind.png
  artifactKey: Guid(207f46600d3c640dabadcef7c9cf7290) Importer(2089858483,d624ce77472d68a35037170ec1d2d27e)
Start importing Assets/Asset/Simple UI/Simple Vector Icons/128px/UI_Icon_Rewind.png using Guid(207f46600d3c640dabadcef7c9cf7290) Importer(2089858483,d624ce77472d68a35037170ec1d2d27e) (ScriptedImporter) -> (artifact id: '1ff42a7b75db166c2b7d0b648969e532') in 0.0114584 seconds
Number of updated asset objects reloaded before import = 0Number of asset objects unloaded after import = 3

========================================================================
Received Import Request.
  Time since last request: 0.000018 seconds.
  path: Assets/Asset/Simple UI/Simple Vector Icons/128px/UI_Icon_BtnXboxYRound.png
  artifactKey: Guid(09a70dce8baca41cba3dbf57c7c0870d) Importer(2089858483,d624ce77472d68a35037170ec1d2d27e)
Start importing Assets/Asset/Simple UI/Simple Vector Icons/128px/UI_Icon_BtnXboxYRound.png using Guid(09a70dce8baca41cba3dbf57c7c0870d) Importer(2089858483,d624ce77472d68a35037170ec1d2d27e) (ScriptedImporter) -> (artifact id: 'de4319bce5649916e92e0331598a53e0') in 0.0135458 seconds
Number of updated asset objects reloaded before import = 0Number of asset objects unloaded after import = 3

========================================================================
Received Import Request.
  Time since last request: 0.000013 seconds.
  path: Assets/Asset/Simple UI/Simple Vector Icons/128px/UI_Icon_Play.png
  artifactKey: Guid(1c26aa839c12c474dbe3a4523faaf2da) Importer(2089858483,d624ce77472d68a35037170ec1d2d27e)
Start importing Assets/Asset/Simple UI/Simple Vector Icons/128px/UI_Icon_Play.png using Guid(1c26aa839c12c474dbe3a4523faaf2da) Importer(2089858483,d624ce77472d68a35037170ec1d2d27e) (ScriptedImporter) -> (artifact id: '09d49979b4e61b98425d2755657add15') in 0.0163495 seconds
Number of updated asset objects reloaded before import = 0Number of asset objects unloaded after import = 3

========================================================================
Received Import Request.
  Time since last request: 0.000012 seconds.
  path: Assets/Asset/Simple UI/Simple Vector Icons/128px/UI_Icon_Flag.png
  artifactKey: Guid(04321403867bb44298eb35f81f929146) Importer(2089858483,d624ce77472d68a35037170ec1d2d27e)
Start importing Assets/Asset/Simple UI/Simple Vector Icons/128px/UI_Icon_Flag.png using Guid(04321403867bb44298eb35f81f929146) Importer(2089858483,d624ce77472d68a35037170ec1d2d27e) (ScriptedImporter) -> (artifact id: 'f157b8869b5738771c500b4e25c379fe') in 0.0128753 seconds
Number of updated asset objects reloaded before import = 0Number of asset objects unloaded after import = 3

========================================================================
Received Import Request.
  Time since last request: 0.000012 seconds.
  path: Assets/Asset/Cartoon Temple Building Kit/Fbx/Ground Path/Ground Path Flat/Ground Path Corner Flat.fbx
  artifactKey: Guid(d4e3a3c33f6b0cd4d87984bdc398d4cb) Importer(2089858483,d624ce77472d68a35037170ec1d2d27e)
Start importing Assets/Asset/Cartoon Temple Building Kit/Fbx/Ground Path/Ground Path Flat/Ground Path Corner Flat.fbx using Guid(d4e3a3c33f6b0cd4d87984bdc398d4cb) Importer(2089858483,d624ce77472d68a35037170ec1d2d27e) (ScriptedImporter) -> (artifact id: '85085819ec71316907cf43d81f3015b9') in 0.0132937 seconds
Number of updated asset objects reloaded before import = 0Number of asset objects unloaded after import = 8

========================================================================
Received Import Request.
  Time since last request: 0.000012 seconds.
  path: Assets/Asset/Simple UI/Simple Vector Icons/128px/UI_Icon_Reload.png
  artifactKey: Guid(ed73fa6da658b4a0186a12ad1f12da43) Importer(2089858483,d624ce77472d68a35037170ec1d2d27e)
Start importing Assets/Asset/Simple UI/Simple Vector Icons/128px/UI_Icon_Reload.png using Guid(ed73fa6da658b4a0186a12ad1f12da43) Importer(2089858483,d624ce77472d68a35037170ec1d2d27e) (ScriptedImporter) -> (artifact id: 'dd3ca69003fb3ab90e57e415ee076786') in 0.0120019 seconds
Number of updated asset objects reloaded before import = 0Number of asset objects unloaded after import = 3

========================================================================
Received Import Request.
  Time since last request: 0.000016 seconds.
  path: Assets/Asset/Cartoon Temple Building Kit/Fbx/Decorative/FloorBlocks Corners Walls/Block Ruin Wall 6.fbx
  artifactKey: Guid(ded59f15c9b4b0f449246e19b1584c3a) Importer(2089858483,d624ce77472d68a35037170ec1d2d27e)
Start importing Assets/Asset/Cartoon Temple Building Kit/Fbx/Decorative/FloorBlocks Corners Walls/Block Ruin Wall 6.fbx using Guid(ded59f15c9b4b0f449246e19b1584c3a) Importer(2089858483,d624ce77472d68a35037170ec1d2d27e) (ScriptedImporter) -> (artifact id: 'c2c18371dbdc63cf5d6f145b4b96a9e7') in 0.0137106 seconds
Number of updated asset objects reloaded before import = 0Number of asset objects unloaded after import = 8

========================================================================
Received Import Request.
  Time since last request: 0.000013 seconds.
  path: Assets/Asset/Standard Assets/CrossPlatformInput/Sprites/ButtonBrakeOverSprite.png
  artifactKey: Guid(5b1a64ea234fb2343b8d0686c51280de) Importer(2089858483,d624ce77472d68a35037170ec1d2d27e)
Start importing Assets/Asset/Standard Assets/CrossPlatformInput/Sprites/ButtonBrakeOverSprite.png using Guid(5b1a64ea234fb2343b8d0686c51280de) Importer(2089858483,d624ce77472d68a35037170ec1d2d27e) (ScriptedImporter) -> (artifact id: '303592b198ed5c7ab32e68a2e4017ec4') in 0.0172859 seconds
Number of updated asset objects reloaded before import = 0Number of asset objects unloaded after import = 3

========================================================================
Received Import Request.
  Time since last request: 0.000020 seconds.
  path: Assets/Asset/Simple UI/Simple Vector Icons/128px/UI_Icon_CurrencyBitcoin.png
  artifactKey: Guid(f2049338d20094f73840244571d92f0f) Importer(2089858483,d624ce77472d68a35037170ec1d2d27e)
Start importing Assets/Asset/Simple UI/Simple Vector Icons/128px/UI_Icon_CurrencyBitcoin.png using Guid(f2049338d20094f73840244571d92f0f) Importer(2089858483,d624ce77472d68a35037170ec1d2d27e) (ScriptedImporter) -> (artifact id: '625254b00a5ab8d0a7d719b8cb0d61ba') in 0.0117424 seconds
Number of updated asset objects reloaded before import = 0Number of asset objects unloaded after import = 3

========================================================================
Received Import Request.
  Time since last request: 0.000013 seconds.
  path: Assets/Asset/Simple UI/Simple Vector Icons/128px/UI_Icon_FaithTaosim.png
  artifactKey: Guid(18949019ce95d497aa2a1d9a4de91a09) Importer(2089858483,d624ce77472d68a35037170ec1d2d27e)
Start importing Assets/Asset/Simple UI/Simple Vector Icons/128px/UI_Icon_FaithTaosim.png using Guid(18949019ce95d497aa2a1d9a4de91a09) Importer(2089858483,d624ce77472d68a35037170ec1d2d27e) (ScriptedImporter) -> (artifact id: '2522c4e28004609655adafafa68eee48') in 0.0117346 seconds
Number of updated asset objects reloaded before import = 0Number of asset objects unloaded after import = 3

========================================================================
Received Import Request.
  Time since last request: 0.000013 seconds.
  path: Assets/Asset/Simple UI/Simple Vector Icons/128px/UI_Icon_Visible.png
  artifactKey: Guid(080b2d56cf6e64254b53bc9d7f9a9659) Importer(2089858483,d624ce77472d68a35037170ec1d2d27e)
Start importing Assets/Asset/Simple UI/Simple Vector Icons/128px/UI_Icon_Visible.png using Guid(080b2d56cf6e64254b53bc9d7f9a9659) Importer(2089858483,d624ce77472d68a35037170ec1d2d27e) (ScriptedImporter) -> (artifact id: 'a5f3f888a138c853c512b8898654fd04') in 0.0180123 seconds
Number of updated asset objects reloaded before import = 0Number of asset objects unloaded after import = 3

========================================================================
Received Import Request.
  Time since last request: 0.000015 seconds.
  path: Assets/Asset/Standard Assets/CrossPlatformInput/Scripts/ButtonHandler.cs
  artifactKey: Guid(85bf3be603548374ca46f521a3aa7fda) Importer(2089858483,d624ce77472d68a35037170ec1d2d27e)
Start importing Assets/Asset/Standard Assets/CrossPlatformInput/Scripts/ButtonHandler.cs using Guid(85bf3be603548374ca46f521a3aa7fda) Importer(2089858483,d624ce77472d68a35037170ec1d2d27e) (ScriptedImporter) -> (artifact id: '34d608efd659e68dfc3373f8c77b6659') in 0.0035824 seconds
Number of updated asset objects reloaded before import = 0Number of asset objects unloaded after import = 0

========================================================================
Received Import Request.
  Time since last request: 0.000059 seconds.
  path: Assets/Asset/Simple UI/Simple Vector Icons/128px/UI_Icon_Fire.png
  artifactKey: Guid(2957cac7ce6a34edab70108e9e8f39f2) Importer(2089858483,d624ce77472d68a35037170ec1d2d27e)
Start importing Assets/Asset/Simple UI/Simple Vector Icons/128px/UI_Icon_Fire.png using Guid(2957cac7ce6a34edab70108e9e8f39f2) Importer(2089858483,d624ce77472d68a35037170ec1d2d27e) (ScriptedImporter) -> (artifact id: 'a9b3b09586c6fa542d9fad9eff80b3e5') in 0.0173364 seconds
Number of updated asset objects reloaded before import = 0Number of asset objects unloaded after import = 3

========================================================================
Received Import Request.
  Time since last request: 0.000016 seconds.
  path: Assets/Asset/Cartoon Temple Building Kit/Fbx/Decorative/FloorBlocks Corners Walls/Floor Blocks 13.fbx
  artifactKey: Guid(f0d393ef5eceac94791a8cc0cb1bc6f4) Importer(2089858483,d624ce77472d68a35037170ec1d2d27e)
Start importing Assets/Asset/Cartoon Temple Building Kit/Fbx/Decorative/FloorBlocks Corners Walls/Floor Blocks 13.fbx using Guid(f0d393ef5eceac94791a8cc0cb1bc6f4) Importer(2089858483,d624ce77472d68a35037170ec1d2d27e) (ScriptedImporter) -> (artifact id: '0fa1a121e6a8cfca727d1f0b322ef79a') in 0.0153434 seconds
Number of updated asset objects reloaded before import = 0Number of asset objects unloaded after import = 8

========================================================================
Received Import Request.
  Time since last request: 0.000017 seconds.
  path: Assets/Asset/Simple UI/Simple Vector Icons/128px/UI_Icon_Refresh.png
  artifactKey: Guid(080363c49d03b4e90a5ad5397d635e57) Importer(2089858483,d624ce77472d68a35037170ec1d2d27e)
Start importing Assets/Asset/Simple UI/Simple Vector Icons/128px/UI_Icon_Refresh.png using Guid(080363c49d03b4e90a5ad5397d635e57) Importer(2089858483,d624ce77472d68a35037170ec1d2d27e) (ScriptedImporter) -> (artifact id: '81637490f070e0a046930d1f296530df') in 0.0143807 seconds
Number of updated asset objects reloaded before import = 0Number of asset objects unloaded after import = 3

========================================================================
Received Import Request.
  Time since last request: 0.000023 seconds.
  path: Assets/Asset/Standard Assets/CrossPlatformInput/Sprites/SliderBackgroundSprite.png
  artifactKey: Guid(ea5873cfd9158664f89459f0c9e1d853) Importer(2089858483,d624ce77472d68a35037170ec1d2d27e)
Start importing Assets/Asset/Standard Assets/CrossPlatformInput/Sprites/SliderBackgroundSprite.png using Guid(ea5873cfd9158664f89459f0c9e1d853) Importer(2089858483,d624ce77472d68a35037170ec1d2d27e) (ScriptedImporter) -> (artifact id: '3461b193c63a4e8e00f32b5dd00782f5') in 0.0149643 seconds
Number of updated asset objects reloaded before import = 0Number of asset objects unloaded after import = 3

========================================================================
Received Import Request.
  Time since last request: 0.000013 seconds.
  path: Assets/Asset/Cartoon Temple Building Kit/Fbx/Decorative/FloorBlocks Corners Walls/Corner Blocks 1.fbx
  artifactKey: Guid(7949a82943382cd4ca5da53bcd000a23) Importer(2089858483,d624ce77472d68a35037170ec1d2d27e)
Start importing Assets/Asset/Cartoon Temple Building Kit/Fbx/Decorative/FloorBlocks Corners Walls/Corner Blocks 1.fbx using Guid(7949a82943382cd4ca5da53bcd000a23) Importer(2089858483,d624ce77472d68a35037170ec1d2d27e) (ScriptedImporter) -> (artifact id: 'e1b9046b5cfe4106cc2b4dc05ec34180') in 0.0140302 seconds
Number of updated asset objects reloaded before import = 0Number of asset objects unloaded after import = 8

========================================================================
Received Import Request.
  Time since last request: 0.000012 seconds.
  path: Assets/Asset/Simple UI/Simple Vector Icons/128px/UI_Icon_BtnXboxX.png
  artifactKey: Guid(86a0c7607900244de993dcfb05f8d462) Importer(2089858483,d624ce77472d68a35037170ec1d2d27e)
Start importing Assets/Asset/Simple UI/Simple Vector Icons/128px/UI_Icon_BtnXboxX.png using Guid(86a0c7607900244de993dcfb05f8d462) Importer(2089858483,d624ce77472d68a35037170ec1d2d27e) (ScriptedImporter) -> (artifact id: '3f4d79e4b7673f9eae31a0089bed486f') in 0.0135045 seconds
Number of updated asset objects reloaded before import = 0Number of asset objects unloaded after import = 3

========================================================================
Received Import Request.
  Time since last request: 0.000015 seconds.
  path: Assets/Asset/Simple UI/Simple Vector Icons/128px/UI_Icon_Water.png
  artifactKey: Guid(13bcbf5c51749461585b2fe7f96e77f7) Importer(2089858483,d624ce77472d68a35037170ec1d2d27e)
Start importing Assets/Asset/Simple UI/Simple Vector Icons/128px/UI_Icon_Water.png using Guid(13bcbf5c51749461585b2fe7f96e77f7) Importer(2089858483,d624ce77472d68a35037170ec1d2d27e) (ScriptedImporter) -> (artifact id: '8702b84b6b523f953b3b61b63009ddd8') in 0.014987 seconds
Number of updated asset objects reloaded before import = 0Number of asset objects unloaded after import = 3

========================================================================
Received Import Request.
  Time since last request: 0.000013 seconds.
  path: Assets/Asset/Cartoon Temple Building Kit/Fbx/Decorative/FloorBlocks Corners Walls/Floor Blocks 18.fbx
  artifactKey: Guid(4eb3d126442c14747ae735552e307fbb) Importer(2089858483,d624ce77472d68a35037170ec1d2d27e)
Start importing Assets/Asset/Cartoon Temple Building Kit/Fbx/Decorative/FloorBlocks Corners Walls/Floor Blocks 18.fbx using Guid(4eb3d126442c14747ae735552e307fbb) Importer(2089858483,d624ce77472d68a35037170ec1d2d27e) (ScriptedImporter) -> (artifact id: '72a73bca209228ba569fdb2ff40fd19e') in 0.0127444 seconds
Number of updated asset objects reloaded before import = 0Number of asset objects unloaded after import = 8

========================================================================
Received Import Request.
  Time since last request: 0.000012 seconds.
  path: Assets/Asset/Simple UI/Simple Vector Icons/128px/UI_Icon_WifiProblem.png
  artifactKey: Guid(93662905ea39f4590b5fe31ce1c09068) Importer(2089858483,d624ce77472d68a35037170ec1d2d27e)
Start importing Assets/Asset/Simple UI/Simple Vector Icons/128px/UI_Icon_WifiProblem.png using Guid(93662905ea39f4590b5fe31ce1c09068) Importer(2089858483,d624ce77472d68a35037170ec1d2d27e) (ScriptedImporter) -> (artifact id: 'b287d50fa6344ac6ba90f8556836231a') in 0.0111199 seconds
Number of updated asset objects reloaded before import = 0Number of asset objects unloaded after import = 3

========================================================================
Received Import Request.
  Time since last request: 0.000013 seconds.
  path: Assets/Asset/Cartoon Temple Building Kit/Fbx/Ground +/Ground + Bright/Ground + Bright 2x2.fbx
  artifactKey: Guid(14f1c1d9d83eb594ba24e62ac1eb3cc9) Importer(2089858483,d624ce77472d68a35037170ec1d2d27e)
Start importing Assets/Asset/Cartoon Temple Building Kit/Fbx/Ground +/Ground + Bright/Ground + Bright 2x2.fbx using Guid(14f1c1d9d83eb594ba24e62ac1eb3cc9) Importer(2089858483,d624ce77472d68a35037170ec1d2d27e) (ScriptedImporter) -> (artifact id: 'cdb592bf873b482214b28135cf6fbeca') in 0.0125273 seconds
Number of updated asset objects reloaded before import = 0Number of asset objects unloaded after import = 8

========================================================================
Received Import Request.
  Time since last request: 0.000013 seconds.
  path: Assets/Asset/Simple UI/Simple Vector Icons/128px/UI_Icon_Film.png
  artifactKey: Guid(c78d95d19711b4468a6f3ce582536116) Importer(2089858483,d624ce77472d68a35037170ec1d2d27e)
Start importing Assets/Asset/Simple UI/Simple Vector Icons/128px/UI_Icon_Film.png using Guid(c78d95d19711b4468a6f3ce582536116) Importer(2089858483,d624ce77472d68a35037170ec1d2d27e) (ScriptedImporter) -> (artifact id: '1578dc61ed03c5682f11f40626d64741') in 0.0135138 seconds
Number of updated asset objects reloaded before import = 0Number of asset objects unloaded after import = 3

========================================================================
Received Import Request.
  Time since last request: 0.000012 seconds.
  path: Assets/Asset/Cartoon Temple Building Kit/Fbx/Platforms Stairs Fences/Platforms/Platform 2x7x13.fbx
  artifactKey: Guid(92651ed7b6fe46c43a53d4eb0fed142e) Importer(2089858483,d624ce77472d68a35037170ec1d2d27e)
Start importing Assets/Asset/Cartoon Temple Building Kit/Fbx/Platforms Stairs Fences/Platforms/Platform 2x7x13.fbx using Guid(92651ed7b6fe46c43a53d4eb0fed142e) Importer(2089858483,d624ce77472d68a35037170ec1d2d27e) (ScriptedImporter) -> (artifact id: 'a6124902c8fa616b2ca0457d3880a343') in 0.0130021 seconds
Number of updated asset objects reloaded before import = 0Number of asset objects unloaded after import = 8

========================================================================
Received Import Request.
  Time since last request: 0.000013 seconds.
  path: Assets/Asset/Cartoon Temple Building Kit/Fbx/Ground X/Ground X Dark/Ground X Dark 2x1.fbx
  artifactKey: Guid(9bd2851a7a35db44fb67d5fe1c2f33b9) Importer(2089858483,d624ce77472d68a35037170ec1d2d27e)
Start importing Assets/Asset/Cartoon Temple Building Kit/Fbx/Ground X/Ground X Dark/Ground X Dark 2x1.fbx using Guid(9bd2851a7a35db44fb67d5fe1c2f33b9) Importer(2089858483,d624ce77472d68a35037170ec1d2d27e) (ScriptedImporter) -> (artifact id: '70f3c7db961252baa3307207366752fd') in 0.0128164 seconds
Number of updated asset objects reloaded before import = 0Number of asset objects unloaded after import = 8

========================================================================
Received Import Request.
  Time since last request: 0.000013 seconds.
  path: Assets/Asset/Cartoon Temple Building Kit/Prefabs/Decorative Prefabs/FloorBlocks Corners Walls Prefabs/Floor Blocks 17.prefab
  artifactKey: Guid(b1fd5a6066c768a478b7e2644e327784) Importer(2089858483,d624ce77472d68a35037170ec1d2d27e)
Start importing Assets/Asset/Cartoon Temple Building Kit/Prefabs/Decorative Prefabs/FloorBlocks Corners Walls Prefabs/Floor Blocks 17.prefab using Guid(b1fd5a6066c768a478b7e2644e327784) Importer(2089858483,d624ce77472d68a35037170ec1d2d27e) (ScriptedImporter) -> (artifact id: '5b04fa441be7be277dea63f8ff7df853') in 0.009185 seconds
Number of updated asset objects reloaded before import = 0Number of asset objects unloaded after import = 8

========================================================================
Received Import Request.
  Time since last request: 0.000012 seconds.
  path: Assets/Asset/Cartoon Temple Building Kit/Fbx/Platforms Stairs Fences/Platforms/Platform 2x5x13.fbx
  artifactKey: Guid(337f2e2530e670b46ba04aa43d4c172f) Importer(2089858483,d624ce77472d68a35037170ec1d2d27e)
Start importing Assets/Asset/Cartoon Temple Building Kit/Fbx/Platforms Stairs Fences/Platforms/Platform 2x5x13.fbx using Guid(337f2e2530e670b46ba04aa43d4c172f) Importer(2089858483,d624ce77472d68a35037170ec1d2d27e) (ScriptedImporter) -> (artifact id: '69c19449d64f4af0ac98488c08752e2d') in 0.0135392 seconds
Number of updated asset objects reloaded before import = 0Number of asset objects unloaded after import = 8

========================================================================
Received Import Request.
  Time since last request: 0.000013 seconds.
  path: Assets/Asset/Cartoon Temple Building Kit/Prefabs/Decorative Prefabs/Idol/Idol 6.prefab
  artifactKey: Guid(422535b6a130b0743bc1ca47febfd435) Importer(2089858483,d624ce77472d68a35037170ec1d2d27e)
Start importing Assets/Asset/Cartoon Temple Building Kit/Prefabs/Decorative Prefabs/Idol/Idol 6.prefab using Guid(422535b6a130b0743bc1ca47febfd435) Importer(2089858483,d624ce77472d68a35037170ec1d2d27e) (ScriptedImporter) -> (artifact id: 'b4e6dcc0f128766561c1346ebfcc8231') in 0.0104325 seconds
Number of updated asset objects reloaded before import = 0Number of asset objects unloaded after import = 8

========================================================================
Received Import Request.
  Time since last request: 0.000012 seconds.
  path: Assets/Asset/Cartoon Temple Building Kit/Fbx/Square Holes/Materials/Cartoon Temple Builder Kit.mat
  artifactKey: Guid(c281b88aa342f8f4bad95f4a5aa17b11) Importer(2089858483,d624ce77472d68a35037170ec1d2d27e)
Start importing Assets/Asset/Cartoon Temple Building Kit/Fbx/Square Holes/Materials/Cartoon Temple Builder Kit.mat using Guid(c281b88aa342f8f4bad95f4a5aa17b11) Importer(2089858483,d624ce77472d68a35037170ec1d2d27e) (ScriptedImporter) -> (artifact id: 'a297362b8780e9f4d8ccbdd00288a23e') in 0.0057125 seconds
Number of updated asset objects reloaded before import = 0Number of asset objects unloaded after import = 2

========================================================================
Received Import Request.
  Time since last request: 0.000015 seconds.
  path: Assets/Asset/Cartoon Temple Building Kit/Fbx/Platforms Stairs Fences/Stairs/Stairs 8.fbx
  artifactKey: Guid(66f1f71612070fc4981aba2d9b2ae8df) Importer(2089858483,d624ce77472d68a35037170ec1d2d27e)
Start importing Assets/Asset/Cartoon Temple Building Kit/Fbx/Platforms Stairs Fences/Stairs/Stairs 8.fbx using Guid(66f1f71612070fc4981aba2d9b2ae8df) Importer(2089858483,d624ce77472d68a35037170ec1d2d27e) (ScriptedImporter) -> (artifact id: '718817c99cf4e06e9493252230f9336c') in 0.0147305 seconds
Number of updated asset objects reloaded before import = 0Number of asset objects unloaded after import = 8

========================================================================
Received Import Request.
  Time since last request: 0.000013 seconds.
  path: Assets/Asset/Cartoon Temple Building Kit/Fbx/Platforms Stairs Fences/Platforms With Fence/Platform Fence 1x7x13.fbx
  artifactKey: Guid(6e8f7eea92333a04e9f433d3ae4dd760) Importer(2089858483,d624ce77472d68a35037170ec1d2d27e)
Start importing Assets/Asset/Cartoon Temple Building Kit/Fbx/Platforms Stairs Fences/Platforms With Fence/Platform Fence 1x7x13.fbx using Guid(6e8f7eea92333a04e9f433d3ae4dd760) Importer(2089858483,d624ce77472d68a35037170ec1d2d27e) (ScriptedImporter) -> (artifact id: 'c931255ba7f8649ac54460c303066a76') in 0.0125561 seconds
Number of updated asset objects reloaded before import = 0Number of asset objects unloaded after import = 8

========================================================================
Received Import Request.
  Time since last request: 0.000013 seconds.
  path: Assets/Asset/Cartoon Temple Building Kit/Fbx/Platforms Stairs Fences/Fences/Fence Bright Corner Block.fbx
  artifactKey: Guid(a85c9d7b1d1127548b1339e19cc43906) Importer(2089858483,d624ce77472d68a35037170ec1d2d27e)
Start importing Assets/Asset/Cartoon Temple Building Kit/Fbx/Platforms Stairs Fences/Fences/Fence Bright Corner Block.fbx using Guid(a85c9d7b1d1127548b1339e19cc43906) Importer(2089858483,d624ce77472d68a35037170ec1d2d27e) (ScriptedImporter) -> (artifact id: '03cc8335ffa0857ba4b3efd1deff5d6b') in 0.0122661 seconds
Number of updated asset objects reloaded before import = 0Number of asset objects unloaded after import = 8

========================================================================
Received Import Request.
  Time since last request: 0.000015 seconds.
  path: Assets/Asset/Cartoon Temple Building Kit/Prefabs/Decorative Prefabs/FloorBlocks Corners Walls Prefabs/Block Ruin Wall 8.prefab
  artifactKey: Guid(aff5ccdc58e8fa444883fb69cec2e8b6) Importer(2089858483,d624ce77472d68a35037170ec1d2d27e)
Start importing Assets/Asset/Cartoon Temple Building Kit/Prefabs/Decorative Prefabs/FloorBlocks Corners Walls Prefabs/Block Ruin Wall 8.prefab using Guid(aff5ccdc58e8fa444883fb69cec2e8b6) Importer(2089858483,d624ce77472d68a35037170ec1d2d27e) (ScriptedImporter) -> (artifact id: 'a7e5c16a7f93aaee2623d799671d210c') in 0.008929 seconds
Number of updated asset objects reloaded before import = 0Number of asset objects unloaded after import = 8

========================================================================
Received Import Request.
  Time since last request: 0.000020 seconds.
  path: Assets/Asset/Cartoon Temple Building Kit/Prefabs/Decorative Prefabs/FloorBlocks Corners Walls Prefabs/Floor Blocks 6.prefab
  artifactKey: Guid(a4d9fb49a4eed164f903b81e5d554af2) Importer(2089858483,d624ce77472d68a35037170ec1d2d27e)
Start importing Assets/Asset/Cartoon Temple Building Kit/Prefabs/Decorative Prefabs/FloorBlocks Corners Walls Prefabs/Floor Blocks 6.prefab using Guid(a4d9fb49a4eed164f903b81e5d554af2) Importer(2089858483,d624ce77472d68a35037170ec1d2d27e) (ScriptedImporter) -> (artifact id: 'f35df2a8adf105af52de49063dd42259') in 0.0070931 seconds
Number of updated asset objects reloaded before import = 0Number of asset objects unloaded after import = 8

========================================================================
Received Import Request.
  Time since last request: 0.000012 seconds.
  path: Assets/Asset/Cartoon Temple Building Kit/Fbx/Platforms Stairs Fences/Stairs/Stairs 3.fbx
  artifactKey: Guid(cf7ef8ca8166946459bea23e0cb6552d) Importer(2089858483,d624ce77472d68a35037170ec1d2d27e)
Start importing Assets/Asset/Cartoon Temple Building Kit/Fbx/Platforms Stairs Fences/Stairs/Stairs 3.fbx using Guid(cf7ef8ca8166946459bea23e0cb6552d) Importer(2089858483,d624ce77472d68a35037170ec1d2d27e) (ScriptedImporter) -> (artifact id: 'f864187d14d5fed73c0f5eb451d7205d') in 0.0166047 seconds
Number of updated asset objects reloaded before import = 0Number of asset objects unloaded after import = 8

========================================================================
Received Import Request.
  Time since last request: 0.000013 seconds.
  path: Assets/Asset/Cartoon Temple Building Kit/Fbx/Platforms Stairs Fences/Fences/Fence 1 Dark.fbx
  artifactKey: Guid(885b38c3ab0eaba4b9d37e20502161e8) Importer(2089858483,d624ce77472d68a35037170ec1d2d27e)
Start importing Assets/Asset/Cartoon Temple Building Kit/Fbx/Platforms Stairs Fences/Fences/Fence 1 Dark.fbx using Guid(885b38c3ab0eaba4b9d37e20502161e8) Importer(2089858483,d624ce77472d68a35037170ec1d2d27e) (ScriptedImporter) -> (artifact id: 'ad96fd13af5ebc783b4201c8cdb51746') in 0.0174678 seconds
Number of updated asset objects reloaded before import = 0Number of asset objects unloaded after import = 8

========================================================================
Received Import Request.
  Time since last request: 0.000013 seconds.
  path: Assets/Asset/Cartoon Temple Building Kit/Fbx/Platforms Stairs Fences/Fences/Fence 4 Dark.fbx
  artifactKey: Guid(f113fdf35b07bda4a8569509d72f4599) Importer(2089858483,d624ce77472d68a35037170ec1d2d27e)
Start importing Assets/Asset/Cartoon Temple Building Kit/Fbx/Platforms Stairs Fences/Fences/Fence 4 Dark.fbx using Guid(f113fdf35b07bda4a8569509d72f4599) Importer(2089858483,d624ce77472d68a35037170ec1d2d27e) (ScriptedImporter) -> (artifact id: '2150e406715e5ab5378efdc526d88633') in 0.0127941 seconds
Number of updated asset objects reloaded before import = 0Number of asset objects unloaded after import = 8

========================================================================
Received Import Request.
  Time since last request: 0.000015 seconds.
  path: Assets/Asset/Cartoon Temple Building Kit/Prefabs/Decorative Prefabs/Vegetation Prefabs/Plants Hanging 1.prefab
  artifactKey: Guid(d515a93a5b4c1d44f838a8669ec9c8d0) Importer(2089858483,d624ce77472d68a35037170ec1d2d27e)
Start importing Assets/Asset/Cartoon Temple Building Kit/Prefabs/Decorative Prefabs/Vegetation Prefabs/Plants Hanging 1.prefab using Guid(d515a93a5b4c1d44f838a8669ec9c8d0) Importer(2089858483,d624ce77472d68a35037170ec1d2d27e) (ScriptedImporter) -> (artifact id: '44fb0cb6af1818691e0c02cf807fb521') in 0.0105575 seconds
Number of updated asset objects reloaded before import = 0Number of asset objects unloaded after import = 26

========================================================================
Received Import Request.
  Time since last request: 0.000013 seconds.
  path: Assets/Asset/Cartoon Temple Building Kit/Fbx/Platforms Stairs Fences/Stairs/Stairs 2.fbx
  artifactKey: Guid(a3ad31a1d09c4064ca4b8044cb9f4018) Importer(2089858483,d624ce77472d68a35037170ec1d2d27e)
Start importing Assets/Asset/Cartoon Temple Building Kit/Fbx/Platforms Stairs Fences/Stairs/Stairs 2.fbx using Guid(a3ad31a1d09c4064ca4b8044cb9f4018) Importer(2089858483,d624ce77472d68a35037170ec1d2d27e) (ScriptedImporter) -> (artifact id: 'b4b3ff85e350320ee7280a6aa26940cc') in 0.013468 seconds
Number of updated asset objects reloaded before import = 0Number of asset objects unloaded after import = 8

========================================================================
Received Import Request.
  Time since last request: 0.000012 seconds.
  path: Assets/Asset/Cartoon Temple Building Kit/Prefabs/Decorative Prefabs/FloorBlocks Corners Walls Prefabs/Block Ruin Wall 4.prefab
  artifactKey: Guid(cba05de665b1d034e9679867b1c4480e) Importer(2089858483,d624ce77472d68a35037170ec1d2d27e)
Start importing Assets/Asset/Cartoon Temple Building Kit/Prefabs/Decorative Prefabs/FloorBlocks Corners Walls Prefabs/Block Ruin Wall 4.prefab using Guid(cba05de665b1d034e9679867b1c4480e) Importer(2089858483,d624ce77472d68a35037170ec1d2d27e) (ScriptedImporter) -> (artifact id: 'e21113fa4bb9cf542507495c6792a237') in 0.0082347 seconds
Number of updated asset objects reloaded before import = 0Number of asset objects unloaded after import = 8

========================================================================
Received Import Request.
  Time since last request: 0.000013 seconds.
  path: Assets/Asset/Cartoon Temple Building Kit/Fbx/Ground X/Ground X Dark Flat/Ground X Dark Flat 2x1.fbx
  artifactKey: Guid(b0559969efbb7c44096958c4126adf81) Importer(2089858483,d624ce77472d68a35037170ec1d2d27e)
Start importing Assets/Asset/Cartoon Temple Building Kit/Fbx/Ground X/Ground X Dark Flat/Ground X Dark Flat 2x1.fbx using Guid(b0559969efbb7c44096958c4126adf81) Importer(2089858483,d624ce77472d68a35037170ec1d2d27e) (ScriptedImporter) -> (artifact id: '8a6b58e207c3e833eb7a3e9df8ef8296') in 0.0117008 seconds
Number of updated asset objects reloaded before import = 0Number of asset objects unloaded after import = 8

========================================================================
Received Import Request.
  Time since last request: 0.000012 seconds.
  path: Assets/Asset/Cartoon Temple Building Kit/Prefabs/Decorative Prefabs/Vegetation Prefabs/Plant 2.prefab
  artifactKey: Guid(9aa6cb674f8bd7e42b9b2e2858c650ee) Importer(2089858483,d624ce77472d68a35037170ec1d2d27e)
Start importing Assets/Asset/Cartoon Temple Building Kit/Prefabs/Decorative Prefabs/Vegetation Prefabs/Plant 2.prefab using Guid(9aa6cb674f8bd7e42b9b2e2858c650ee) Importer(2089858483,d624ce77472d68a35037170ec1d2d27e) (ScriptedImporter) -> (artifact id: 'acee8220646058097bd150696d2009f2') in 0.0072689 seconds
Number of updated asset objects reloaded before import = 0Number of asset objects unloaded after import = 8

========================================================================
Received Import Request.
  Time since last request: 0.000012 seconds.
  path: Assets/Asset/Cartoon Temple Building Kit/Prefabs/Decorative Prefabs/FloorBlocks Corners Walls Prefabs/Floor Blocks 3.prefab
  artifactKey: Guid(988cb30493725cf43b468a8ba18d0d09) Importer(2089858483,d624ce77472d68a35037170ec1d2d27e)
Start importing Assets/Asset/Cartoon Temple Building Kit/Prefabs/Decorative Prefabs/FloorBlocks Corners Walls Prefabs/Floor Blocks 3.prefab using Guid(988cb30493725cf43b468a8ba18d0d09) Importer(2089858483,d624ce77472d68a35037170ec1d2d27e) (ScriptedImporter) -> (artifact id: '2dda2d0a2e4db3002b1a2f0af21a0420') in 0.0080287 seconds
Number of updated asset objects reloaded before import = 0Number of asset objects unloaded after import = 8

========================================================================
Received Import Request.
  Time since last request: 0.000012 seconds.
  path: Assets/Asset/Cartoon Temple Building Kit/Fbx/Ground X/Ground X Dark Flat/Ground X Dark Flat 1x4.fbx
  artifactKey: Guid(b8e12cb300f70064bb2a9baaf8808476) Importer(2089858483,d624ce77472d68a35037170ec1d2d27e)
Start importing Assets/Asset/Cartoon Temple Building Kit/Fbx/Ground X/Ground X Dark Flat/Ground X Dark Flat 1x4.fbx using Guid(b8e12cb300f70064bb2a9baaf8808476) Importer(2089858483,d624ce77472d68a35037170ec1d2d27e) (ScriptedImporter) -> (artifact id: '9ca250fffcae696a18d4ea574bf20397') in 0.0130865 seconds
Number of updated asset objects reloaded before import = 0Number of asset objects unloaded after import = 8

========================================================================
Received Import Request.
  Time since last request: 0.000012 seconds.
  path: Assets/Asset/Cartoon Temple Building Kit/Fbx/Ground X/Ground X Dark/Ground X Dark 1x8.fbx
  artifactKey: Guid(9731e9b06c7d7434494907cca34b5307) Importer(2089858483,d624ce77472d68a35037170ec1d2d27e)
Start importing Assets/Asset/Cartoon Temple Building Kit/Fbx/Ground X/Ground X Dark/Ground X Dark 1x8.fbx using Guid(9731e9b06c7d7434494907cca34b5307) Importer(2089858483,d624ce77472d68a35037170ec1d2d27e) (ScriptedImporter) -> (artifact id: '2c84531ec509063cc541a31e8b275895') in 0.0175273 seconds
Number of updated asset objects reloaded before import = 0Number of asset objects unloaded after import = 8

========================================================================
Received Import Request.
  Time since last request: 0.000014 seconds.
  path: Assets/Asset/Cartoon Temple Building Kit/Prefabs/Ground + Prefabs/Ground + Bright Flat Prefabs/Ground + Flat Bright 4x8.prefab
  artifactKey: Guid(012bd6fe016b0d142b71507a333d6b2e) Importer(2089858483,d624ce77472d68a35037170ec1d2d27e)
Start importing Assets/Asset/Cartoon Temple Building Kit/Prefabs/Ground + Prefabs/Ground + Bright Flat Prefabs/Ground + Flat Bright 4x8.prefab using Guid(012bd6fe016b0d142b71507a333d6b2e) Importer(2089858483,d624ce77472d68a35037170ec1d2d27e) (ScriptedImporter) -> (artifact id: 'cbf95249df8d6875021999670c04a12f') in 0.0094991 seconds
Number of updated asset objects reloaded before import = 0Number of asset objects unloaded after import = 8

========================================================================
Received Import Request.
  Time since last request: 0.000018 seconds.
  path: Assets/Asset/Cartoon Temple Building Kit/Prefabs/Decorative Prefabs/Vegetation Prefabs/Plant 3.prefab
  artifactKey: Guid(f93d4ac05e888d74995965bf814bc3d1) Importer(2089858483,d624ce77472d68a35037170ec1d2d27e)
Start importing Assets/Asset/Cartoon Temple Building Kit/Prefabs/Decorative Prefabs/Vegetation Prefabs/Plant 3.prefab using Guid(f93d4ac05e888d74995965bf814bc3d1) Importer(2089858483,d624ce77472d68a35037170ec1d2d27e) (ScriptedImporter) -> (artifact id: '6e8bb8642d3fba0394e6861c4760ad5c') in 0.0092824 seconds
Number of updated asset objects reloaded before import = 0Number of asset objects unloaded after import = 8

========================================================================
Received Import Request.
  Time since last request: 0.000012 seconds.
  path: Assets/Asset/Cartoon Temple Building Kit/Prefabs/Decorative Prefabs/Misc/Light Orb.prefab
  artifactKey: Guid(e19241b9a3453e740be235c892acf28d) Importer(2089858483,d624ce77472d68a35037170ec1d2d27e)
Start importing Assets/Asset/Cartoon Temple Building Kit/Prefabs/Decorative Prefabs/Misc/Light Orb.prefab using Guid(e19241b9a3453e740be235c892acf28d) Importer(2089858483,d624ce77472d68a35037170ec1d2d27e) (ScriptedImporter) -> (artifact id: '03726ccd8246f7babc527580c01bb1d6') in 0.0069497 seconds
Number of updated asset objects reloaded before import = 0Number of asset objects unloaded after import = 8

========================================================================
Received Import Request.
  Time since last request: 0.000011 seconds.
  path: Assets/Asset/Cartoon Temple Building Kit/Prefabs/Decorative Prefabs/FloorBlocks Corners Walls Prefabs/Floor Blocks 16.prefab
  artifactKey: Guid(29724fdeb982b0144bf9db1cc6d22464) Importer(2089858483,d624ce77472d68a35037170ec1d2d27e)
Start importing Assets/Asset/Cartoon Temple Building Kit/Prefabs/Decorative Prefabs/FloorBlocks Corners Walls Prefabs/Floor Blocks 16.prefab using Guid(29724fdeb982b0144bf9db1cc6d22464) Importer(2089858483,d624ce77472d68a35037170ec1d2d27e) (ScriptedImporter) -> (artifact id: 'a5367072d7bba01df21d12b0d504ad45') in 0.0081154 seconds
Number of updated asset objects reloaded before import = 0Number of asset objects unloaded after import = 8

========================================================================
Received Import Request.
  Time since last request: 0.000011 seconds.
  path: Assets/Asset/Cartoon Temple Building Kit/Prefabs/Decorative Prefabs/Misc/Cross.prefab
  artifactKey: Guid(b38ee9e7d5f46784eafbaadf147c7a33) Importer(2089858483,d624ce77472d68a35037170ec1d2d27e)
Start importing Assets/Asset/Cartoon Temple Building Kit/Prefabs/Decorative Prefabs/Misc/Cross.prefab using Guid(b38ee9e7d5f46784eafbaadf147c7a33) Importer(2089858483,d624ce77472d68a35037170ec1d2d27e) (ScriptedImporter) -> (artifact id: '400e62615ec1b74c52514e2c1fac4af7') in 0.0072601 seconds
Number of updated asset objects reloaded before import = 0Number of asset objects unloaded after import = 8

========================================================================
Received Import Request.
  Time since last request: 0.000011 seconds.
  path: Assets/Asset/Cartoon Temple Building Kit/Fbx/Ground X/Ground X Bright Flat/Ground X Bright Flat 2x4.fbx
  artifactKey: Guid(931d264dbcb92b742955e7c3834c7126) Importer(2089858483,d624ce77472d68a35037170ec1d2d27e)
Start importing Assets/Asset/Cartoon Temple Building Kit/Fbx/Ground X/Ground X Bright Flat/Ground X Bright Flat 2x4.fbx using Guid(931d264dbcb92b742955e7c3834c7126) Importer(2089858483,d624ce77472d68a35037170ec1d2d27e) (ScriptedImporter) -> (artifact id: '8befdeda7d24e869dff5f97e94b7f1b6') in 0.0120116 seconds
Number of updated asset objects reloaded before import = 0Number of asset objects unloaded after import = 8

========================================================================
Received Import Request.
  Time since last request: 0.000011 seconds.
  path: Assets/Asset/Cartoon Temple Building Kit/Fbx/Ground X/Ground X Bright Flat/Ground X Bright Flat 4x8.fbx
  artifactKey: Guid(93351a52e63c3684eabc0cf4cd1c98cf) Importer(2089858483,d624ce77472d68a35037170ec1d2d27e)
Start importing Assets/Asset/Cartoon Temple Building Kit/Fbx/Ground X/Ground X Bright Flat/Ground X Bright Flat 4x8.fbx using Guid(93351a52e63c3684eabc0cf4cd1c98cf) Importer(2089858483,d624ce77472d68a35037170ec1d2d27e) (ScriptedImporter) -> (artifact id: 'ae0ce45dba02939d5b9a804ca3730e05') in 0.0128311 seconds
Number of updated asset objects reloaded before import = 0Number of asset objects unloaded after import = 8

========================================================================
Received Import Request.
  Time since last request: 0.000014 seconds.
  path: Assets/Asset/Cartoon Temple Building Kit/Fbx/Ground X/Ground X Mix/Ground X Mix 4x4.fbx
  artifactKey: Guid(a4550533bc686b94ebfbbea449a38678) Importer(2089858483,d624ce77472d68a35037170ec1d2d27e)
Start importing Assets/Asset/Cartoon Temple Building Kit/Fbx/Ground X/Ground X Mix/Ground X Mix 4x4.fbx using Guid(a4550533bc686b94ebfbbea449a38678) Importer(2089858483,d624ce77472d68a35037170ec1d2d27e) (ScriptedImporter) -> (artifact id: '146d4b431327aadea097d3b852ebceb3') in 0.0128879 seconds
Number of updated asset objects reloaded before import = 0Number of asset objects unloaded after import = 8

========================================================================
Received Import Request.
  Time since last request: 0.000019 seconds.
  path: Assets/Asset/Cartoon Temple Building Kit/Fbx/Platforms Stairs Fences/Platforms/Platform 1x7x7.fbx
  artifactKey: Guid(d7af30de4eca02e4482f299d6969a552) Importer(2089858483,d624ce77472d68a35037170ec1d2d27e)
Start importing Assets/Asset/Cartoon Temple Building Kit/Fbx/Platforms Stairs Fences/Platforms/Platform 1x7x7.fbx using Guid(d7af30de4eca02e4482f299d6969a552) Importer(2089858483,d624ce77472d68a35037170ec1d2d27e) (ScriptedImporter) -> (artifact id: 'a79727c9f629f647795d8f789d8e6614') in 0.0135723 seconds
Number of updated asset objects reloaded before import = 0Number of asset objects unloaded after import = 8

========================================================================
Received Import Request.
  Time since last request: 0.000012 seconds.
  path: Assets/Asset/Cartoon Temple Building Kit/Prefabs/Decorative Prefabs/FloorBlocks Corners Walls Prefabs/Floor Blocks 19.prefab
  artifactKey: Guid(8aa17267dd333254495dea71dcf42ece) Importer(2089858483,d624ce77472d68a35037170ec1d2d27e)
Start importing Assets/Asset/Cartoon Temple Building Kit/Prefabs/Decorative Prefabs/FloorBlocks Corners Walls Prefabs/Floor Blocks 19.prefab using Guid(8aa17267dd333254495dea71dcf42ece) Importer(2089858483,d624ce77472d68a35037170ec1d2d27e) (ScriptedImporter) -> (artifact id: 'f878a47b50770e1d1811945c9f5dda13') in 0.0077307 seconds
Number of updated asset objects reloaded before import = 0Number of asset objects unloaded after import = 8

========================================================================
Received Import Request.
  Time since last request: 0.000011 seconds.
  path: Assets/Asset/Cartoon Temple Building Kit/Fbx/Ground +/Ground + Mix Flat/Ground + Mix 8x1 Flat.fbx
  artifactKey: Guid(1194321956b744a46a2f3f3ac8bd33d9) Importer(2089858483,d624ce77472d68a35037170ec1d2d27e)
Start importing Assets/Asset/Cartoon Temple Building Kit/Fbx/Ground +/Ground + Mix Flat/Ground + Mix 8x1 Flat.fbx using Guid(1194321956b744a46a2f3f3ac8bd33d9) Importer(2089858483,d624ce77472d68a35037170ec1d2d27e) (ScriptedImporter) -> (artifact id: 'fda1c1af92e7e72daba5144e0464fc79') in 0.0171779 seconds
Number of updated asset objects reloaded before import = 0Number of asset objects unloaded after import = 8

========================================================================
Received Import Request.
  Time since last request: 0.000015 seconds.
  path: Assets/Asset/Simple UI/Simple Vector Icons/128px/UI_Icon_GenderFemale2.png
  artifactKey: Guid(6d7cd2d71d93940f8a24717682b0923f) Importer(2089858483,d624ce77472d68a35037170ec1d2d27e)
Start importing Assets/Asset/Simple UI/Simple Vector Icons/128px/UI_Icon_GenderFemale2.png using Guid(6d7cd2d71d93940f8a24717682b0923f) Importer(2089858483,d624ce77472d68a35037170ec1d2d27e) (ScriptedImporter) -> (artifact id: '699846c3763b9c80da3b5e3c4395358c') in 0.0115601 seconds
Number of updated asset objects reloaded before import = 0Number of asset objects unloaded after import = 3

========================================================================
Received Import Request.
  Time since last request: 0.000012 seconds.
  path: Assets/Asset/Cartoon Temple Building Kit/Fbx/Decorative/FloorBlocks Corners Walls/Floor Blocks 20.fbx
  artifactKey: Guid(e8c6e53f9de091049aa09e8a42d824ed) Importer(2089858483,d624ce77472d68a35037170ec1d2d27e)
Start importing Assets/Asset/Cartoon Temple Building Kit/Fbx/Decorative/FloorBlocks Corners Walls/Floor Blocks 20.fbx using Guid(e8c6e53f9de091049aa09e8a42d824ed) Importer(2089858483,d624ce77472d68a35037170ec1d2d27e) (ScriptedImporter) -> (artifact id: 'c2ed7aefa65105151dc11731667036d4') in 0.0141553 seconds
Number of updated asset objects reloaded before import = 0Number of asset objects unloaded after import = 8

========================================================================
Received Import Request.
  Time since last request: 0.000012 seconds.
  path: Assets/Asset/Simple UI/Simple Vector Icons/128px/UI_Icon_Leaf.png
  artifactKey: Guid(2f848c5befa8f4a90aeb87349ef8d8fd) Importer(2089858483,d624ce77472d68a35037170ec1d2d27e)
Start importing Assets/Asset/Simple UI/Simple Vector Icons/128px/UI_Icon_Leaf.png using Guid(2f848c5befa8f4a90aeb87349ef8d8fd) Importer(2089858483,d624ce77472d68a35037170ec1d2d27e) (ScriptedImporter) -> (artifact id: '2b4b28c77592beb4e2aae18efbed69da') in 0.0133717 seconds
Number of updated asset objects reloaded before import = 0Number of asset objects unloaded after import = 3

========================================================================
Received Import Request.
  Time since last request: 0.000014 seconds.
  path: Assets/Asset/Simple UI/Simple Vector Icons/128px/UI_Icon_InputKeyboard.png
  artifactKey: Guid(7f9619ea3fe994e228f57b0861f47fa2) Importer(2089858483,d624ce77472d68a35037170ec1d2d27e)
Start importing Assets/Asset/Simple UI/Simple Vector Icons/128px/UI_Icon_InputKeyboard.png using Guid(7f9619ea3fe994e228f57b0861f47fa2) Importer(2089858483,d624ce77472d68a35037170ec1d2d27e) (ScriptedImporter) -> (artifact id: '00c14f894bc685c246b13124ed3fcb6b') in 0.0129193 seconds
Number of updated asset objects reloaded before import = 0Number of asset objects unloaded after import = 3

========================================================================
Received Import Request.
  Time since last request: 0.000013 seconds.
  path: Assets/Asset/Cartoon Temple Building Kit/Prefabs/Decorative Prefabs/FloorBlocks Corners Walls Prefabs/Floor Blocks 14.prefab
  artifactKey: Guid(583638754d3257d4e87508751ab75e3c) Importer(2089858483,d624ce77472d68a35037170ec1d2d27e)
Start importing Assets/Asset/Cartoon Temple Building Kit/Prefabs/Decorative Prefabs/FloorBlocks Corners Walls Prefabs/Floor Blocks 14.prefab using Guid(583638754d3257d4e87508751ab75e3c) Importer(2089858483,d624ce77472d68a35037170ec1d2d27e) (ScriptedImporter) -> (artifact id: '80d045bf57c1d6d266e7d5dae22909f8') in 0.0082251 seconds
Number of updated asset objects reloaded before import = 0Number of asset objects unloaded after import = 8

========================================================================
Received Import Request.
  Time since last request: 0.000014 seconds.
  path: Assets/GoogleMobileAds/Editor/Resources/Ump/ConsentForm.png
  artifactKey: Guid(cb0d255b8cd434556a80e3ae50b24b9c) Importer(2089858483,d624ce77472d68a35037170ec1d2d27e)
Start importing Assets/GoogleMobileAds/Editor/Resources/Ump/ConsentForm.png using Guid(cb0d255b8cd434556a80e3ae50b24b9c) Importer(2089858483,d624ce77472d68a35037170ec1d2d27e) (ScriptedImporter) -> (artifact id: '7245495e33258c70f69ce1bdaae93cd8') in 0.038836 seconds
Number of updated asset objects reloaded before import = 0Number of asset objects unloaded after import = 3

========================================================================
Received Import Request.
  Time since last request: 0.000013 seconds.
  path: Assets/Asset/Cartoon Temple Building Kit/Fbx/Ground X/Ground X Mix Flat/Ground X Mix Flat 4x8.fbx
  artifactKey: Guid(c193107eb0268b84682c8a548de01c55) Importer(2089858483,d624ce77472d68a35037170ec1d2d27e)
Start importing Assets/Asset/Cartoon Temple Building Kit/Fbx/Ground X/Ground X Mix Flat/Ground X Mix Flat 4x8.fbx using Guid(c193107eb0268b84682c8a548de01c55) Importer(2089858483,d624ce77472d68a35037170ec1d2d27e) (ScriptedImporter) -> (artifact id: '3794ed4615fb464165f89f2444fe056d') in 0.0160028 seconds
Number of updated asset objects reloaded before import = 0Number of asset objects unloaded after import = 8

========================================================================
Received Import Request.
  Time since last request: 0.000014 seconds.
  path: Assets/Asset/Cartoon Temple Building Kit/Fbx/Ground Path/Ground Path/Ground Path Crossing.fbx
  artifactKey: Guid(d640bf553c5bf354eb09f65114a3f5bf) Importer(2089858483,d624ce77472d68a35037170ec1d2d27e)
Start importing Assets/Asset/Cartoon Temple Building Kit/Fbx/Ground Path/Ground Path/Ground Path Crossing.fbx using Guid(d640bf553c5bf354eb09f65114a3f5bf) Importer(2089858483,d624ce77472d68a35037170ec1d2d27e) (ScriptedImporter) -> (artifact id: 'add3f1ca75181ae5e617397810998d9f') in 0.0141572 seconds
Number of updated asset objects reloaded before import = 0Number of asset objects unloaded after import = 8

========================================================================
Received Import Request.
  Time since last request: 0.000014 seconds.
  path: Assets/Asset/Cartoon Temple Building Kit/Prefabs/Decorative Prefabs/Vegetation Prefabs/Plant 6.prefab
  artifactKey: Guid(09cd6fa57baf40045bb06c15669e4c60) Importer(2089858483,d624ce77472d68a35037170ec1d2d27e)
Start importing Assets/Asset/Cartoon Temple Building Kit/Prefabs/Decorative Prefabs/Vegetation Prefabs/Plant 6.prefab using Guid(09cd6fa57baf40045bb06c15669e4c60) Importer(2089858483,d624ce77472d68a35037170ec1d2d27e) (ScriptedImporter) -> (artifact id: 'f93e9c893ff7f56de65e6856eaca99d5') in 0.008111 seconds
Number of updated asset objects reloaded before import = 0Number of asset objects unloaded after import = 8

========================================================================
Received Import Request.
  Time since last request: 0.000014 seconds.
  path: Assets/Asset/Standard Assets/CrossPlatformInput/Scripts/VirtualInput.cs
  artifactKey: Guid(0f57aeb1b8dce3342bea5c28ac17db24) Importer(2089858483,d624ce77472d68a35037170ec1d2d27e)
Start importing Assets/Asset/Standard Assets/CrossPlatformInput/Scripts/VirtualInput.cs using Guid(0f57aeb1b8dce3342bea5c28ac17db24) Importer(2089858483,d624ce77472d68a35037170ec1d2d27e) (ScriptedImporter) -> (artifact id: '0c9434bac7140d866471e8be44c9d836') in 0.0031645 seconds
Number of updated asset objects reloaded before import = 0Number of asset objects unloaded after import = 0

========================================================================
Received Import Request.
  Time since last request: 0.000079 seconds.
  path: Assets/Asset/Standard Assets/CrossPlatformInput/Prefabs/MobileAircraftControls.prefab
  artifactKey: Guid(3369231b1ed7ad34e84d9240a571db81) Importer(2089858483,d624ce77472d68a35037170ec1d2d27e)
Start importing Assets/Asset/Standard Assets/CrossPlatformInput/Prefabs/MobileAircraftControls.prefab using Guid(3369231b1ed7ad34e84d9240a571db81) Importer(2089858483,d624ce77472d68a35037170ec1d2d27e) (ScriptedImporter) -> (artifact id: '494637cb9f1796fa40aad7a74b64f0fb') in 0.0192529 seconds
Number of updated asset objects reloaded before import = 0Number of asset objects unloaded after import = 56

========================================================================
Received Import Request.
  Time since last request: 0.000012 seconds.
  path: Assets/Asset/Cartoon Temple Building Kit/Fbx/Ground X/Ground X Dark Flat/Ground X Dark Flat 4x1.fbx
  artifactKey: Guid(67c4493cd00af1242b71bc66908fb652) Importer(2089858483,d624ce77472d68a35037170ec1d2d27e)
Start importing Assets/Asset/Cartoon Temple Building Kit/Fbx/Ground X/Ground X Dark Flat/Ground X Dark Flat 4x1.fbx using Guid(67c4493cd00af1242b71bc66908fb652) Importer(2089858483,d624ce77472d68a35037170ec1d2d27e) (ScriptedImporter) -> (artifact id: '9ef09ecffc58447d81189aa806882315') in 0.0142984 seconds
Number of updated asset objects reloaded before import = 0Number of asset objects unloaded after import = 8

========================================================================
Received Import Request.
  Time since last request: 0.000015 seconds.
  path: Assets/Asset/Simple UI/Simple Vector Icons/128px/UI_Icon_InvGloves.png
  artifactKey: Guid(e25d65ac4e22b477daba2a878670c45e) Importer(2089858483,d624ce77472d68a35037170ec1d2d27e)
Start importing Assets/Asset/Simple UI/Simple Vector Icons/128px/UI_Icon_InvGloves.png using Guid(e25d65ac4e22b477daba2a878670c45e) Importer(2089858483,d624ce77472d68a35037170ec1d2d27e) (ScriptedImporter) -> (artifact id: 'a9790ed67b5e407f8d372c4770153f99') in 0.0114454 seconds
Number of updated asset objects reloaded before import = 0Number of asset objects unloaded after import = 3

========================================================================
Received Import Request.
  Time since last request: 0.000019 seconds.
  path: Assets/Asset/Cartoon Temple Building Kit/Fbx/Decorative/Misc/Cross.fbx
  artifactKey: Guid(01b161d6564a93748a1a03ed24cdf1c3) Importer(2089858483,d624ce77472d68a35037170ec1d2d27e)
Start importing Assets/Asset/Cartoon Temple Building Kit/Fbx/Decorative/Misc/Cross.fbx using Guid(01b161d6564a93748a1a03ed24cdf1c3) Importer(2089858483,d624ce77472d68a35037170ec1d2d27e) (ScriptedImporter) -> (artifact id: 'f5849a438b3fbe38f961cb22b86f257b') in 0.0127275 seconds
Number of updated asset objects reloaded before import = 0Number of asset objects unloaded after import = 8

========================================================================
Received Import Request.
  Time since last request: 0.000016 seconds.
  path: Assets/Asset/Simple UI/Simple Vector Icons/128px/UI_Icon_TurnRight.png
  artifactKey: Guid(5733a0c62d35a424c935b3e7323c26f8) Importer(2089858483,d624ce77472d68a35037170ec1d2d27e)
Start importing Assets/Asset/Simple UI/Simple Vector Icons/128px/UI_Icon_TurnRight.png using Guid(5733a0c62d35a424c935b3e7323c26f8) Importer(2089858483,d624ce77472d68a35037170ec1d2d27e) (ScriptedImporter) -> (artifact id: '269b21910f02e5caafb2096db955eb05') in 0.0129053 seconds
Number of updated asset objects reloaded before import = 0Number of asset objects unloaded after import = 3

========================================================================
Received Import Request.
  Time since last request: 0.000012 seconds.
  path: Assets/Asset/Simple UI/Simple Vector Icons/128px/UI_Icon_Target.png
  artifactKey: Guid(87f376a736cea4550ad1466f64a2f432) Importer(2089858483,d624ce77472d68a35037170ec1d2d27e)
Start importing Assets/Asset/Simple UI/Simple Vector Icons/128px/UI_Icon_Target.png using Guid(87f376a736cea4550ad1466f64a2f432) Importer(2089858483,d624ce77472d68a35037170ec1d2d27e) (ScriptedImporter) -> (artifact id: '725830d6defbbd6f1692ab7aa15b30fa') in 0.0125838 seconds
Number of updated asset objects reloaded before import = 0Number of asset objects unloaded after import = 3

========================================================================
Received Import Request.
  Time since last request: 0.000012 seconds.
  path: Assets/Asset/Cartoon Temple Building Kit/Prefabs/Ground X Prefabs/Ground X Mix Prefabs/Ground X Mix 2x2.prefab
  artifactKey: Guid(bf1e0d5646527fb44acb8c92cc637f8a) Importer(2089858483,d624ce77472d68a35037170ec1d2d27e)
Start importing Assets/Asset/Cartoon Temple Building Kit/Prefabs/Ground X Prefabs/Ground X Mix Prefabs/Ground X Mix 2x2.prefab using Guid(bf1e0d5646527fb44acb8c92cc637f8a) Importer(2089858483,d624ce77472d68a35037170ec1d2d27e) (ScriptedImporter) -> (artifact id: '599a66c0ba8adaa5317f0cc6323b5eb2') in 0.0094349 seconds
Number of updated asset objects reloaded before import = 0Number of asset objects unloaded after import = 8

========================================================================
Received Import Request.
  Time since last request: 0.000013 seconds.
  path: Assets/Asset/Cartoon Temple Building Kit/Prefabs/Ground X Prefabs/Ground X Bright Flat Prefabs/Ground X Bright Flat 1x2.prefab
  artifactKey: Guid(abe3ad823c43d5541a41138467cf41df) Importer(2089858483,d624ce77472d68a35037170ec1d2d27e)
Start importing Assets/Asset/Cartoon Temple Building Kit/Prefabs/Ground X Prefabs/Ground X Bright Flat Prefabs/Ground X Bright Flat 1x2.prefab using Guid(abe3ad823c43d5541a41138467cf41df) Importer(2089858483,d624ce77472d68a35037170ec1d2d27e) (ScriptedImporter) -> (artifact id: '2cafec151b9597c2293ab6d46d5647ba') in 0.0077692 seconds
Number of updated asset objects reloaded before import = 0Number of asset objects unloaded after import = 8

========================================================================
Received Import Request.
  Time since last request: 0.000015 seconds.
  path: Assets/Asset/Cartoon Temple Building Kit/Prefabs/Ground X Prefabs/Ground X Mix Prefabs/Ground X Mix 2x1.prefab
  artifactKey: Guid(86f0df283c09cc24ebdcf2dfb652b007) Importer(2089858483,d624ce77472d68a35037170ec1d2d27e)
Start importing Assets/Asset/Cartoon Temple Building Kit/Prefabs/Ground X Prefabs/Ground X Mix Prefabs/Ground X Mix 2x1.prefab using Guid(86f0df283c09cc24ebdcf2dfb652b007) Importer(2089858483,d624ce77472d68a35037170ec1d2d27e) (ScriptedImporter) -> (artifact id: '939b4232caca2e0098ec2a5b66ab65b3') in 0.0088188 seconds
Number of updated asset objects reloaded before import = 0Number of asset objects unloaded after import = 8

========================================================================
Received Import Request.
  Time since last request: 0.000012 seconds.
  path: Assets/Asset/Cartoon Temple Building Kit/Prefabs/Ground + Prefabs/Ground + Dark Prefabs/Ground + Dark 8x8.prefab
  artifactKey: Guid(62b4600e7f5dabd44abe5f628fdadb63) Importer(2089858483,d624ce77472d68a35037170ec1d2d27e)
Start importing Assets/Asset/Cartoon Temple Building Kit/Prefabs/Ground + Prefabs/Ground + Dark Prefabs/Ground + Dark 8x8.prefab using Guid(62b4600e7f5dabd44abe5f628fdadb63) Importer(2089858483,d624ce77472d68a35037170ec1d2d27e) (ScriptedImporter) -> (artifact id: '56c38af3368f2f21dc51892614f93943') in 0.0101556 seconds
Number of updated asset objects reloaded before import = 0Number of asset objects unloaded after import = 8

========================================================================
Received Import Request.
  Time since last request: 0.000014 seconds.
  path: Assets/Asset/Cartoon Temple Building Kit/Prefabs/Ground + Prefabs/Ground + Mix Flat Prefabs/Ground + Mix 2x1 Flat.prefab
  artifactKey: Guid(c76ce995c915455478502f0ba1460880) Importer(2089858483,d624ce77472d68a35037170ec1d2d27e)
Start importing Assets/Asset/Cartoon Temple Building Kit/Prefabs/Ground + Prefabs/Ground + Mix Flat Prefabs/Ground + Mix 2x1 Flat.prefab using Guid(c76ce995c915455478502f0ba1460880) Importer(2089858483,d624ce77472d68a35037170ec1d2d27e) (ScriptedImporter) -> (artifact id: '752252a1798746f9c084f599c9a8125e') in 0.0082186 seconds
Number of updated asset objects reloaded before import = 0Number of asset objects unloaded after import = 8

========================================================================
Received Import Request.
  Time since last request: 0.000016 seconds.
  path: Assets/Asset/Cartoon Temple Building Kit/Prefabs/Ground X Prefabs/Ground X Bright Flat Prefabs/Ground X Bright Flat 2x4.prefab
  artifactKey: Guid(df8dd67e4ffef504684b8a6367544872) Importer(2089858483,d624ce77472d68a35037170ec1d2d27e)
Start importing Assets/Asset/Cartoon Temple Building Kit/Prefabs/Ground X Prefabs/Ground X Bright Flat Prefabs/Ground X Bright Flat 2x4.prefab using Guid(df8dd67e4ffef504684b8a6367544872) Importer(2089858483,d624ce77472d68a35037170ec1d2d27e) (ScriptedImporter) -> (artifact id: '706692e134cfef97aaeb53adbd9708d5') in 0.0092445 seconds
Number of updated asset objects reloaded before import = 0Number of asset objects unloaded after import = 8

========================================================================
Received Import Request.
  Time since last request: 0.000015 seconds.
  path: Assets/Asset/Cartoon Temple Building Kit/Prefabs/Ground + Prefabs/Ground + Bright Prefabs/Ground + Bright 8x8.prefab
  artifactKey: Guid(91208c66245501846b020d736ff40d00) Importer(2089858483,d624ce77472d68a35037170ec1d2d27e)
Start importing Assets/Asset/Cartoon Temple Building Kit/Prefabs/Ground + Prefabs/Ground + Bright Prefabs/Ground + Bright 8x8.prefab using Guid(91208c66245501846b020d736ff40d00) Importer(2089858483,d624ce77472d68a35037170ec1d2d27e) (ScriptedImporter) -> (artifact id: '190aed1f7723c4a04c9fe511134de177') in 0.0098739 seconds
Number of updated asset objects reloaded before import = 0Number of asset objects unloaded after import = 8

========================================================================
Received Import Request.
  Time since last request: 0.000013 seconds.
  path: Assets/Asset/Cartoon Temple Building Kit/Prefabs/Ground + Prefabs/Ground + Bright Prefabs/Ground + Bright 4x8.prefab
  artifactKey: Guid(f6b1e59b3ae85764684d95c6a6bb1483) Importer(2089858483,d624ce77472d68a35037170ec1d2d27e)
Start importing Assets/Asset/Cartoon Temple Building Kit/Prefabs/Ground + Prefabs/Ground + Bright Prefabs/Ground + Bright 4x8.prefab using Guid(f6b1e59b3ae85764684d95c6a6bb1483) Importer(2089858483,d624ce77472d68a35037170ec1d2d27e) (ScriptedImporter) -> (artifact id: 'ac0fe33b9eb85bbd694fe87daa7af898') in 0.0100737 seconds
Number of updated asset objects reloaded before import = 0Number of asset objects unloaded after import = 8

========================================================================
Received Import Request.
  Time since last request: 0.000015 seconds.
  path: Assets/Asset/Cartoon Temple Building Kit/Prefabs/Ground + Prefabs/Ground + Dark Prefabs/Ground + Dark 4x4.prefab
  artifactKey: Guid(c45683f58af3e3d469eed2591cc8dcec) Importer(2089858483,d624ce77472d68a35037170ec1d2d27e)
Start importing Assets/Asset/Cartoon Temple Building Kit/Prefabs/Ground + Prefabs/Ground + Dark Prefabs/Ground + Dark 4x4.prefab using Guid(c45683f58af3e3d469eed2591cc8dcec) Importer(2089858483,d624ce77472d68a35037170ec1d2d27e) (ScriptedImporter) -> (artifact id: 'e489f9db7367c31a1f92b48148b3c677') in 0.008174 seconds
Number of updated asset objects reloaded before import = 0Number of asset objects unloaded after import = 8

========================================================================
Received Import Request.
  Time since last request: 0.000015 seconds.
  path: Assets/Asset/Cartoon Temple Building Kit/Prefabs/Ground + Prefabs/Ground + Dark Flat Prefabs/Ground + Dark 8x8 Flat.prefab
  artifactKey: Guid(7d583a3620b3d934cb5df87c52069f6f) Importer(2089858483,d624ce77472d68a35037170ec1d2d27e)
Start importing Assets/Asset/Cartoon Temple Building Kit/Prefabs/Ground + Prefabs/Ground + Dark Flat Prefabs/Ground + Dark 8x8 Flat.prefab using Guid(7d583a3620b3d934cb5df87c52069f6f) Importer(2089858483,d624ce77472d68a35037170ec1d2d27e) (ScriptedImporter) -> (artifact id: '30ed47711bb255d46cdb54abdcc0a43c') in 0.0098606 seconds
Number of updated asset objects reloaded before import = 0Number of asset objects unloaded after import = 8

========================================================================
Received Import Request.
  Time since last request: 0.000013 seconds.
  path: Assets/Asset/Cartoon Temple Building Kit/Prefabs/Ground X Prefabs/Ground X Bright Prefabs/Ground X Bright 2x4.prefab
  artifactKey: Guid(2dc5364075054eb47a437e5c9c0ccca6) Importer(2089858483,d624ce77472d68a35037170ec1d2d27e)
Start importing Assets/Asset/Cartoon Temple Building Kit/Prefabs/Ground X Prefabs/Ground X Bright Prefabs/Ground X Bright 2x4.prefab using Guid(2dc5364075054eb47a437e5c9c0ccca6) Importer(2089858483,d624ce77472d68a35037170ec1d2d27e) (ScriptedImporter) -> (artifact id: 'ced3afe56603f761733b45a39c6cea82') in 0.0098923 seconds
Number of updated asset objects reloaded before import = 0Number of asset objects unloaded after import = 8

========================================================================
Received Import Request.
  Time since last request: 0.000017 seconds.
  path: Assets/Asset/Cartoon Temple Building Kit/Prefabs/Ground X Prefabs/Ground X Dark Prefabs/Ground X Dark 4x4.prefab
  artifactKey: Guid(61a3dad148f8ccf499ef5accd5df4a07) Importer(2089858483,d624ce77472d68a35037170ec1d2d27e)
Start importing Assets/Asset/Cartoon Temple Building Kit/Prefabs/Ground X Prefabs/Ground X Dark Prefabs/Ground X Dark 4x4.prefab using Guid(61a3dad148f8ccf499ef5accd5df4a07) Importer(2089858483,d624ce77472d68a35037170ec1d2d27e) (ScriptedImporter) -> (artifact id: 'eb364d2b705fbae470d9d3a1c5a942cc') in 0.0108319 seconds
Number of updated asset objects reloaded before import = 0Number of asset objects unloaded after import = 8

========================================================================
Received Import Request.
  Time since last request: 0.000013 seconds.
  path: Assets/Asset/Cartoon Temple Building Kit/Prefabs/Ground X Prefabs/Ground X Dark Prefabs/Ground X Dark 8x8.prefab
  artifactKey: Guid(fcad28398c1238644b39b95aee534faa) Importer(2089858483,d624ce77472d68a35037170ec1d2d27e)
Start importing Assets/Asset/Cartoon Temple Building Kit/Prefabs/Ground X Prefabs/Ground X Dark Prefabs/Ground X Dark 8x8.prefab using Guid(fcad28398c1238644b39b95aee534faa) Importer(2089858483,d624ce77472d68a35037170ec1d2d27e) (ScriptedImporter) -> (artifact id: '1a736a9e87635fef3bb2e365ac30007e') in 0.009625 seconds
Number of updated asset objects reloaded before import = 0Number of asset objects unloaded after import = 8

========================================================================
Received Import Request.
  Time since last request: 0.000018 seconds.
  path: Assets/Asset/Cartoon Temple Building Kit/Prefabs/Platforms Stairs Fences Prefabs/Fences Prefabs/Fence 4 Bright.prefab
  artifactKey: Guid(39366e69275e3cd458a55db2618e791f) Importer(2089858483,d624ce77472d68a35037170ec1d2d27e)
Start importing Assets/Asset/Cartoon Temple Building Kit/Prefabs/Platforms Stairs Fences Prefabs/Fences Prefabs/Fence 4 Bright.prefab using Guid(39366e69275e3cd458a55db2618e791f) Importer(2089858483,d624ce77472d68a35037170ec1d2d27e) (ScriptedImporter) -> (artifact id: '1544885223d6f4d1e25e933330e8a30c') in 0.0087186 seconds
Number of updated asset objects reloaded before import = 0Number of asset objects unloaded after import = 8

========================================================================
Received Import Request.
  Time since last request: 0.000016 seconds.
  path: Assets/Asset/Cartoon Temple Building Kit/Prefabs/Ground X Prefabs/Ground X Mix Flat Prefabs/Ground X Mix Flat 8x8.prefab
  artifactKey: Guid(08f59b05c23f4324f89f00e8014f5640) Importer(2089858483,d624ce77472d68a35037170ec1d2d27e)
Start importing Assets/Asset/Cartoon Temple Building Kit/Prefabs/Ground X Prefabs/Ground X Mix Flat Prefabs/Ground X Mix Flat 8x8.prefab using Guid(08f59b05c23f4324f89f00e8014f5640) Importer(2089858483,d624ce77472d68a35037170ec1d2d27e) (ScriptedImporter) -> (artifact id: 'f4bc0446c2327d26d23c3f5e955bb04a') in 0.0106603 seconds
Number of updated asset objects reloaded before import = 0Number of asset objects unloaded after import = 8

========================================================================
Received Import Request.
  Time since last request: 0.000013 seconds.
  path: Assets/Asset/Cartoon Temple Building Kit/Prefabs/Ground X Prefabs/Ground X Bright Prefabs/Ground X Bright 4x4.prefab
  artifactKey: Guid(27cd8ff730f49d94f8e452217fabf065) Importer(2089858483,d624ce77472d68a35037170ec1d2d27e)
Start importing Assets/Asset/Cartoon Temple Building Kit/Prefabs/Ground X Prefabs/Ground X Bright Prefabs/Ground X Bright 4x4.prefab using Guid(27cd8ff730f49d94f8e452217fabf065) Importer(2089858483,d624ce77472d68a35037170ec1d2d27e) (ScriptedImporter) -> (artifact id: 'e744c33ad6659393526b37aec8b8ac7f') in 0.0111782 seconds
Number of updated asset objects reloaded before import = 0Number of asset objects unloaded after import = 8

========================================================================
Received Import Request.
  Time since last request: 0.000015 seconds.
  path: Assets/Asset/Cartoon Temple Building Kit/Prefabs/Ground X Prefabs/Ground X Mix Flat Prefabs/Ground X Mix Flat 1x2.prefab
  artifactKey: Guid(ae7d4c5e8b484ec458295ceaa9bff969) Importer(2089858483,d624ce77472d68a35037170ec1d2d27e)
Start importing Assets/Asset/Cartoon Temple Building Kit/Prefabs/Ground X Prefabs/Ground X Mix Flat Prefabs/Ground X Mix Flat 1x2.prefab using Guid(ae7d4c5e8b484ec458295ceaa9bff969) Importer(2089858483,d624ce77472d68a35037170ec1d2d27e) (ScriptedImporter) -> (artifact id: 'd8a7a48a17876d6ea3caea37222e6306') in 0.0110798 seconds
Number of updated asset objects reloaded before import = 0Number of asset objects unloaded after import = 8

========================================================================
Received Import Request.
  Time since last request: 0.000021 seconds.
  path: Assets/Asset/Cartoon Temple Building Kit/Prefabs/Ground + Prefabs/Ground + Bright Prefabs/Ground + Bright 1x2.prefab
  artifactKey: Guid(66fcef3b170ab2e46aa8d8464bb5c01c) Importer(2089858483,d624ce77472d68a35037170ec1d2d27e)
Start importing Assets/Asset/Cartoon Temple Building Kit/Prefabs/Ground + Prefabs/Ground + Bright Prefabs/Ground + Bright 1x2.prefab using Guid(66fcef3b170ab2e46aa8d8464bb5c01c) Importer(2089858483,d624ce77472d68a35037170ec1d2d27e) (ScriptedImporter) -> (artifact id: '3dcf69867a858a1613d2ad85207cd966') in 0.0094334 seconds
Number of updated asset objects reloaded before import = 0Number of asset objects unloaded after import = 8

========================================================================
Received Import Request.
  Time since last request: 0.000022 seconds.
  path: Assets/Asset/Cartoon Temple Building Kit/Prefabs/Ground X Prefabs/Ground X Bright Prefabs/Ground X Bright 2x2.prefab
  artifactKey: Guid(4a1b2590bb3d52044a081f76686ab150) Importer(2089858483,d624ce77472d68a35037170ec1d2d27e)
Start importing Assets/Asset/Cartoon Temple Building Kit/Prefabs/Ground X Prefabs/Ground X Bright Prefabs/Ground X Bright 2x2.prefab using Guid(4a1b2590bb3d52044a081f76686ab150) Importer(2089858483,d624ce77472d68a35037170ec1d2d27e) (ScriptedImporter) -> (artifact id: 'ba20011a4f9bd80fa4f5bbf96d64b884') in 0.0117057 seconds
Number of updated asset objects reloaded before import = 0Number of asset objects unloaded after import = 8

========================================================================
Received Import Request.
  Time since last request: 0.000017 seconds.
  path: Assets/Asset/Cartoon Temple Building Kit/Prefabs/Platforms Stairs Fences Prefabs/Fences Prefabs/Fence Bright Corner.prefab
  artifactKey: Guid(3057ad96505c12f409bfe1180f5c0ff2) Importer(2089858483,d624ce77472d68a35037170ec1d2d27e)
Start importing Assets/Asset/Cartoon Temple Building Kit/Prefabs/Platforms Stairs Fences Prefabs/Fences Prefabs/Fence Bright Corner.prefab using Guid(3057ad96505c12f409bfe1180f5c0ff2) Importer(2089858483,d624ce77472d68a35037170ec1d2d27e) (ScriptedImporter) -> (artifact id: 'f74641a55e518c75808c24b4f1f13739') in 0.0102731 seconds
Number of updated asset objects reloaded before import = 0Number of asset objects unloaded after import = 8

========================================================================
Received Import Request.
  Time since last request: 0.000017 seconds.
  path: Assets/Asset/Cartoon Temple Building Kit/Prefabs/Ground X Prefabs/Ground X Bright Flat Prefabs/Ground X Bright Flat 1x4.prefab
  artifactKey: Guid(7f048641d73f8204785938860e42c2a6) Importer(2089858483,d624ce77472d68a35037170ec1d2d27e)
Start importing Assets/Asset/Cartoon Temple Building Kit/Prefabs/Ground X Prefabs/Ground X Bright Flat Prefabs/Ground X Bright Flat 1x4.prefab using Guid(7f048641d73f8204785938860e42c2a6) Importer(2089858483,d624ce77472d68a35037170ec1d2d27e) (ScriptedImporter) -> (artifact id: '55694922ffe466c7c9a54decde2d7964') in 0.0105144 seconds
Number of updated asset objects reloaded before import = 0Number of asset objects unloaded after import = 8

========================================================================
Received Import Request.
  Time since last request: 0.000021 seconds.
  path: Assets/Asset/Cartoon Temple Building Kit/Prefabs/Ground + Prefabs/Ground + Dark Flat Prefabs/Ground + Dark 2x4 Flat.prefab
  artifactKey: Guid(3088dc7534eb0f64c8692cc10960f2af) Importer(2089858483,d624ce77472d68a35037170ec1d2d27e)
Start importing Assets/Asset/Cartoon Temple Building Kit/Prefabs/Ground + Prefabs/Ground + Dark Flat Prefabs/Ground + Dark 2x4 Flat.prefab using Guid(3088dc7534eb0f64c8692cc10960f2af) Importer(2089858483,d624ce77472d68a35037170ec1d2d27e) (ScriptedImporter) -> (artifact id: '63836f1abf6a5c123322341f978c8b6c') in 0.0084267 seconds
Number of updated asset objects reloaded before import = 0Number of asset objects unloaded after import = 8

========================================================================
Received Import Request.
  Time since last request: 0.000016 seconds.
  path: Assets/Asset/Cartoon Temple Building Kit/Prefabs/Ground + Prefabs/Ground + Bright Prefabs/Ground + Bright 2x4.prefab
  artifactKey: Guid(92dc7227765be0e49846936b21b0c51a) Importer(2089858483,d624ce77472d68a35037170ec1d2d27e)
Start importing Assets/Asset/Cartoon Temple Building Kit/Prefabs/Ground + Prefabs/Ground + Bright Prefabs/Ground + Bright 2x4.prefab using Guid(92dc7227765be0e49846936b21b0c51a) Importer(2089858483,d624ce77472d68a35037170ec1d2d27e) (ScriptedImporter) -> (artifact id: '2b6b1e8c96295bed75e5cd72f5897931') in 0.0100271 seconds
Number of updated asset objects reloaded before import = 0Number of asset objects unloaded after import = 8

========================================================================
Received Import Request.
  Time since last request: 0.000014 seconds.
  path: Assets/Asset/Cartoon Temple Building Kit/Prefabs/Ground X Prefabs/Ground X Dark Prefabs/Ground X Dark 2x4.prefab
  artifactKey: Guid(0070f555de4c8a846af1079a5484402e) Importer(2089858483,d624ce77472d68a35037170ec1d2d27e)
Start importing Assets/Asset/Cartoon Temple Building Kit/Prefabs/Ground X Prefabs/Ground X Dark Prefabs/Ground X Dark 2x4.prefab using Guid(0070f555de4c8a846af1079a5484402e) Importer(2089858483,d624ce77472d68a35037170ec1d2d27e) (ScriptedImporter) -> (artifact id: 'ee13924731247d1916e301267359f131') in 0.0126733 seconds
Number of updated asset objects reloaded before import = 0Number of asset objects unloaded after import = 8

========================================================================
Received Import Request.
  Time since last request: 0.000015 seconds.
  path: Assets/Asset/Cartoon Temple Building Kit/Prefabs/Ground + Prefabs/Ground + Dark Prefabs/Ground + Dark 4x8.prefab
  artifactKey: Guid(aa731b3efbe0e5e4ca562e911ca3d1af) Importer(2089858483,d624ce77472d68a35037170ec1d2d27e)
Start importing Assets/Asset/Cartoon Temple Building Kit/Prefabs/Ground + Prefabs/Ground + Dark Prefabs/Ground + Dark 4x8.prefab using Guid(aa731b3efbe0e5e4ca562e911ca3d1af) Importer(2089858483,d624ce77472d68a35037170ec1d2d27e) (ScriptedImporter) -> (artifact id: '856a18cb489f37fec11ab79ae46a9afd') in 0.0100848 seconds
Number of updated asset objects reloaded before import = 0Number of asset objects unloaded after import = 8

========================================================================
Received Import Request.
  Time since last request: 0.000014 seconds.
  path: Assets/Asset/Cartoon Temple Building Kit/Prefabs/Ground + Prefabs/Ground + Mix Flat Prefabs/Ground + Mix 2x2 Flat.prefab
  artifactKey: Guid(8ea6b09f9c153cc448391b07fdc3494d) Importer(2089858483,d624ce77472d68a35037170ec1d2d27e)
Start importing Assets/Asset/Cartoon Temple Building Kit/Prefabs/Ground + Prefabs/Ground + Mix Flat Prefabs/Ground + Mix 2x2 Flat.prefab using Guid(8ea6b09f9c153cc448391b07fdc3494d) Importer(2089858483,d624ce77472d68a35037170ec1d2d27e) (ScriptedImporter) -> (artifact id: '9925373b39a717fabfa0c2b2f5b155b2') in 0.0096874 seconds
Number of updated asset objects reloaded before import = 0Number of asset objects unloaded after import = 8

========================================================================
Received Import Request.
  Time since last request: 0.000012 seconds.
  path: Assets/Asset/Cartoon Temple Building Kit/Prefabs/Ground Path Prefabs/Ground Path Flat Prefabs/Ground Path One Flat.prefab
  artifactKey: Guid(af89977bacc5c754c889a7c1af04ae7c) Importer(2089858483,d624ce77472d68a35037170ec1d2d27e)
Start importing Assets/Asset/Cartoon Temple Building Kit/Prefabs/Ground Path Prefabs/Ground Path Flat Prefabs/Ground Path One Flat.prefab using Guid(af89977bacc5c754c889a7c1af04ae7c) Importer(2089858483,d624ce77472d68a35037170ec1d2d27e) (ScriptedImporter) -> (artifact id: '1105b6decea7e53606bfac19ca00f9c5') in 0.0103817 seconds
Number of updated asset objects reloaded before import = 0Number of asset objects unloaded after import = 8

========================================================================
Received Import Request.
  Time since last request: 0.000014 seconds.
  path: Assets/Asset/Cartoon Temple Building Kit/Prefabs/Ground + Prefabs/Ground + Dark Flat Prefabs/Ground + Dark 1x2 Flat.prefab
  artifactKey: Guid(7a33615e922a5f448af0d9e28b903087) Importer(2089858483,d624ce77472d68a35037170ec1d2d27e)
Start importing Assets/Asset/Cartoon Temple Building Kit/Prefabs/Ground + Prefabs/Ground + Dark Flat Prefabs/Ground + Dark 1x2 Flat.prefab using Guid(7a33615e922a5f448af0d9e28b903087) Importer(2089858483,d624ce77472d68a35037170ec1d2d27e) (ScriptedImporter) -> (artifact id: 'dbe056203f2d095b155e89bf4c2cb92b') in 0.0104597 seconds
Number of updated asset objects reloaded before import = 0Number of asset objects unloaded after import = 8

========================================================================
Received Import Request.
  Time since last request: 0.000044 seconds.
  path: Assets/Asset/Cartoon Temple Building Kit/Prefabs/Ground Path Prefabs/Ground Path Prefabs/Ground Path Two.prefab
  artifactKey: Guid(0e2068a5c7772c940b8250627261894e) Importer(2089858483,d624ce77472d68a35037170ec1d2d27e)
Start importing Assets/Asset/Cartoon Temple Building Kit/Prefabs/Ground Path Prefabs/Ground Path Prefabs/Ground Path Two.prefab using Guid(0e2068a5c7772c940b8250627261894e) Importer(2089858483,d624ce77472d68a35037170ec1d2d27e) (ScriptedImporter) -> (artifact id: '8167d7887910a457b82ad35e0f7fa748') in 0.0100329 seconds
Number of updated asset objects reloaded before import = 0Number of asset objects unloaded after import = 8

========================================================================
Received Import Request.
  Time since last request: 0.000016 seconds.
  path: Assets/Asset/Cartoon Temple Building Kit/Prefabs/Ground + Prefabs/Ground + Dark Prefabs/Ground + Dark 1x4.prefab
  artifactKey: Guid(21cbbaf24da902240b5f1b69c5285f19) Importer(2089858483,d624ce77472d68a35037170ec1d2d27e)
Start importing Assets/Asset/Cartoon Temple Building Kit/Prefabs/Ground + Prefabs/Ground + Dark Prefabs/Ground + Dark 1x4.prefab using Guid(21cbbaf24da902240b5f1b69c5285f19) Importer(2089858483,d624ce77472d68a35037170ec1d2d27e) (ScriptedImporter) -> (artifact id: 'eed76b1428e4638a656c994c3a3c27af') in 0.009063 seconds
Number of updated asset objects reloaded before import = 0Number of asset objects unloaded after import = 8

========================================================================
Received Import Request.
  Time since last request: 0.000015 seconds.
  path: Assets/Asset/Cartoon Temple Building Kit/Fbx/Decorative/FloorBlocks Corners Walls/Block Ruin Wall 10.fbx
  artifactKey: Guid(117ecbb40733cb14e9dc21eb4af6bdd8) Importer(2089858483,d624ce77472d68a35037170ec1d2d27e)
Start importing Assets/Asset/Cartoon Temple Building Kit/Fbx/Decorative/FloorBlocks Corners Walls/Block Ruin Wall 10.fbx using Guid(117ecbb40733cb14e9dc21eb4af6bdd8) Importer(2089858483,d624ce77472d68a35037170ec1d2d27e) (ScriptedImporter) -> (artifact id: '1fdcf8976a0ed3727f0159550cc4e9bb') in 0.0177124 seconds
Number of updated asset objects reloaded before import = 0Number of asset objects unloaded after import = 8

========================================================================
Received Import Request.
  Time since last request: 0.000016 seconds.
  path: Assets/Asset/Cartoon Temple Building Kit/Prefabs/Decorative Prefabs/FloorBlocks Corners Walls Prefabs/Floor Blocks 13.prefab
  artifactKey: Guid(8be8bc3ae617a0e4890fefa92a9c2cfc) Importer(2089858483,d624ce77472d68a35037170ec1d2d27e)
Start importing Assets/Asset/Cartoon Temple Building Kit/Prefabs/Decorative Prefabs/FloorBlocks Corners Walls Prefabs/Floor Blocks 13.prefab using Guid(8be8bc3ae617a0e4890fefa92a9c2cfc) Importer(2089858483,d624ce77472d68a35037170ec1d2d27e) (ScriptedImporter) -> (artifact id: '51a31d72904322f5330ed872b52c73dc') in 0.0094566 seconds
Number of updated asset objects reloaded before import = 0Number of asset objects unloaded after import = 8

========================================================================
Received Import Request.
  Time since last request: 0.000015 seconds.
  path: Assets/Asset/Simple UI/Simple Vector Icons/128px/UI_Icon_TogglePrevious.png
  artifactKey: Guid(e29e398c6bfa34294a3c94667db60d53) Importer(2089858483,d624ce77472d68a35037170ec1d2d27e)
Start importing Assets/Asset/Simple UI/Simple Vector Icons/128px/UI_Icon_TogglePrevious.png using Guid(e29e398c6bfa34294a3c94667db60d53) Importer(2089858483,d624ce77472d68a35037170ec1d2d27e) (ScriptedImporter) -> (artifact id: '8ae8c371aaf58981868c5273673d547e') in 0.0152929 seconds
Number of updated asset objects reloaded before import = 0Number of asset objects unloaded after import = 3

========================================================================
Received Import Request.
  Time since last request: 0.000013 seconds.
  path: Assets/Asset/Cartoon Temple Building Kit/Fbx/Ground +/Ground + Bright/Ground + Bright 2x4.fbx
  artifactKey: Guid(372503dd319ea3f459cf6ea8f88cf046) Importer(2089858483,d624ce77472d68a35037170ec1d2d27e)
Start importing Assets/Asset/Cartoon Temple Building Kit/Fbx/Ground +/Ground + Bright/Ground + Bright 2x4.fbx using Guid(372503dd319ea3f459cf6ea8f88cf046) Importer(2089858483,d624ce77472d68a35037170ec1d2d27e) (ScriptedImporter) -> (artifact id: '7ea8c822f76482933468024bbc1180ea') in 0.015243 seconds
Number of updated asset objects reloaded before import = 0Number of asset objects unloaded after import = 8

========================================================================
Received Import Request.
  Time since last request: 0.000013 seconds.
  path: Assets/Asset/Simple UI/Simple Vector Icons/128px/UI_Icon_Exit.png
  artifactKey: Guid(9c0317cc400ad4528a83748fbe57026b) Importer(2089858483,d624ce77472d68a35037170ec1d2d27e)
Start importing Assets/Asset/Simple UI/Simple Vector Icons/128px/UI_Icon_Exit.png using Guid(9c0317cc400ad4528a83748fbe57026b) Importer(2089858483,d624ce77472d68a35037170ec1d2d27e) (ScriptedImporter) -> (artifact id: '545cff065318f46ec6fb6be1148c7484') in 0.0155118 seconds
Number of updated asset objects reloaded before import = 0Number of asset objects unloaded after import = 3

========================================================================
Received Import Request.
  Time since last request: 0.000015 seconds.
  path: Assets/Asset/Simple UI/Simple Vector Icons/128px/UI_Icon_Sale.png
  artifactKey: Guid(3e5a8768cc0ba406d9e7c4b4f372407b) Importer(2089858483,d624ce77472d68a35037170ec1d2d27e)
Start importing Assets/Asset/Simple UI/Simple Vector Icons/128px/UI_Icon_Sale.png using Guid(3e5a8768cc0ba406d9e7c4b4f372407b) Importer(2089858483,d624ce77472d68a35037170ec1d2d27e) (ScriptedImporter) -> (artifact id: 'cc0581bd1d069f7532a71b7556aebd5d') in 0.020709 seconds
Number of updated asset objects reloaded before import = 0Number of asset objects unloaded after import = 3

========================================================================
Received Import Request.
  Time since last request: 0.000019 seconds.
  path: Assets/Asset/Cartoon Temple Building Kit/Prefabs/Ground X Prefabs/Ground X Bright Flat Prefabs/Ground X Bright Flat 2x8.prefab
  artifactKey: Guid(e74ea09a774d1c346a24fad0174287a4) Importer(2089858483,d624ce77472d68a35037170ec1d2d27e)
Start importing Assets/Asset/Cartoon Temple Building Kit/Prefabs/Ground X Prefabs/Ground X Bright Flat Prefabs/Ground X Bright Flat 2x8.prefab using Guid(e74ea09a774d1c346a24fad0174287a4) Importer(2089858483,d624ce77472d68a35037170ec1d2d27e) (ScriptedImporter) -> (artifact id: 'c824f885889b5d95995b67b59a69ae13') in 0.0139047 seconds
Number of updated asset objects reloaded before import = 0Number of asset objects unloaded after import = 8

========================================================================
Received Import Request.
  Time since last request: 0.000017 seconds.
  path: Assets/Asset/Cartoon Temple Building Kit/Prefabs/Decorative Prefabs/FloorBlocks Corners Walls Prefabs/Floor Blocks 15.prefab
  artifactKey: Guid(c4bf14239f041ac4491b4bc1d5422d43) Importer(2089858483,d624ce77472d68a35037170ec1d2d27e)
Start importing Assets/Asset/Cartoon Temple Building Kit/Prefabs/Decorative Prefabs/FloorBlocks Corners Walls Prefabs/Floor Blocks 15.prefab using Guid(c4bf14239f041ac4491b4bc1d5422d43) Importer(2089858483,d624ce77472d68a35037170ec1d2d27e) (ScriptedImporter) -> (artifact id: '6099a38ebbfeaee1bda623c4c21bbd92') in 0.0101584 seconds
Number of updated asset objects reloaded before import = 0Number of asset objects unloaded after import = 8

========================================================================
Received Import Request.
  Time since last request: 0.000018 seconds.
  path: Assets/Asset/Cartoon Temple Building Kit/Fbx/Ground X/Ground X Bright/Ground X Bright 2x1.fbx
  artifactKey: Guid(bae7408427b901d4cb86856e8f7f5feb) Importer(2089858483,d624ce77472d68a35037170ec1d2d27e)
Start importing Assets/Asset/Cartoon Temple Building Kit/Fbx/Ground X/Ground X Bright/Ground X Bright 2x1.fbx using Guid(bae7408427b901d4cb86856e8f7f5feb) Importer(2089858483,d624ce77472d68a35037170ec1d2d27e) (ScriptedImporter) -> (artifact id: '828c497a05ab350c2c9f927a00576e2b') in 0.0184995 seconds
Number of updated asset objects reloaded before import = 0Number of asset objects unloaded after import = 8

========================================================================
Received Import Request.
  Time since last request: 0.000017 seconds.
  path: Assets/Asset/Simple UI/Simple Vector Icons/128px/UI_Icon_Crown.png
  artifactKey: Guid(b53f3d7b9eb7b43af97f4fbfa685a115) Importer(2089858483,d624ce77472d68a35037170ec1d2d27e)
Start importing Assets/Asset/Simple UI/Simple Vector Icons/128px/UI_Icon_Crown.png using Guid(b53f3d7b9eb7b43af97f4fbfa685a115) Importer(2089858483,d624ce77472d68a35037170ec1d2d27e) (ScriptedImporter) -> (artifact id: '46f5a7a0e22149fce5e1342a56d8a2cf') in 0.0132755 seconds
Number of updated asset objects reloaded before import = 0Number of asset objects unloaded after import = 3

========================================================================
Received Import Request.
  Time since last request: 0.000017 seconds.
  path: Assets/Asset/Simple UI/Simple Vector Icons/128px/UI_Icon_SocialTwitter2.png
  artifactKey: Guid(4d9dc85fcbf9946fdb6d19d1fca7f9c0) Importer(2089858483,d624ce77472d68a35037170ec1d2d27e)
Start importing Assets/Asset/Simple UI/Simple Vector Icons/128px/UI_Icon_SocialTwitter2.png using Guid(4d9dc85fcbf9946fdb6d19d1fca7f9c0) Importer(2089858483,d624ce77472d68a35037170ec1d2d27e) (ScriptedImporter) -> (artifact id: 'd7ed98865b6fd3c95318e8177b4900e3') in 0.0143459 seconds
Number of updated asset objects reloaded before import = 0Number of asset objects unloaded after import = 3

========================================================================
Received Import Request.
  Time since last request: 0.000017 seconds.
  path: Assets/Asset/Cartoon Temple Building Kit/Prefabs/Decorative Prefabs/FloorBlocks Corners Walls Prefabs/Floor Blocks 2.prefab
  artifactKey: Guid(c0629ec7492d192449701967ef3c3894) Importer(2089858483,d624ce77472d68a35037170ec1d2d27e)
Start importing Assets/Asset/Cartoon Temple Building Kit/Prefabs/Decorative Prefabs/FloorBlocks Corners Walls Prefabs/Floor Blocks 2.prefab using Guid(c0629ec7492d192449701967ef3c3894) Importer(2089858483,d624ce77472d68a35037170ec1d2d27e) (ScriptedImporter) -> (artifact id: '8cf03b9b6a4f49e9ef6f6120cee2802b') in 0.0110594 seconds
Number of updated asset objects reloaded before import = 0Number of asset objects unloaded after import = 8

========================================================================
Received Import Request.
  Time since last request: 0.000013 seconds.
  path: Assets/Asset/Cartoon Temple Building Kit/Prefabs/Ground Path Prefabs/Ground Path Flat Prefabs/Ground Path T Flat.prefab
  artifactKey: Guid(34639bf9984a4c24fb702cbbbe2cb85a) Importer(2089858483,d624ce77472d68a35037170ec1d2d27e)
Start importing Assets/Asset/Cartoon Temple Building Kit/Prefabs/Ground Path Prefabs/Ground Path Flat Prefabs/Ground Path T Flat.prefab using Guid(34639bf9984a4c24fb702cbbbe2cb85a) Importer(2089858483,d624ce77472d68a35037170ec1d2d27e) (ScriptedImporter) -> (artifact id: '78109f7497e934de8ff1cb2a1b644396') in 0.0076298 seconds
Number of updated asset objects reloaded before import = 0Number of asset objects unloaded after import = 8

========================================================================
Received Import Request.
  Time since last request: 0.000012 seconds.
  path: Assets/Asset/Cartoon Temple Building Kit/Prefabs/Platforms Stairs Fences Prefabs/Platforms Prefabs/Platform 1x5x13.prefab
  artifactKey: Guid(7bd61b5c3d150484fa9a39ddafeebe90) Importer(2089858483,d624ce77472d68a35037170ec1d2d27e)
Start importing Assets/Asset/Cartoon Temple Building Kit/Prefabs/Platforms Stairs Fences Prefabs/Platforms Prefabs/Platform 1x5x13.prefab using Guid(7bd61b5c3d150484fa9a39ddafeebe90) Importer(2089858483,d624ce77472d68a35037170ec1d2d27e) (ScriptedImporter) -> (artifact id: '94b8152c526da4aad06a358d23f5157e') in 0.0085922 seconds
Number of updated asset objects reloaded before import = 0Number of asset objects unloaded after import = 8

========================================================================
Received Import Request.
  Time since last request: 0.000012 seconds.
  path: Assets/Asset/Cartoon Temple Building Kit/Prefabs/Platforms Stairs Fences Prefabs/Stairs Prefabs/Stairs 1.prefab
  artifactKey: Guid(c78107076ebd98c47a45887e83d188c9) Importer(2089858483,d624ce77472d68a35037170ec1d2d27e)
Start importing Assets/Asset/Cartoon Temple Building Kit/Prefabs/Platforms Stairs Fences Prefabs/Stairs Prefabs/Stairs 1.prefab using Guid(c78107076ebd98c47a45887e83d188c9) Importer(2089858483,d624ce77472d68a35037170ec1d2d27e) (ScriptedImporter) -> (artifact id: '24561aa20fb274e7722f1b565b4c8e76') in 0.0085336 seconds
Number of updated asset objects reloaded before import = 0Number of asset objects unloaded after import = 8

========================================================================
Received Import Request.
  Time since last request: 0.000013 seconds.
  path: Assets/Asset/FarlandSkies/Skyboxes/CloudyCrown_03_Midnight/Textures/CloudyCrown_Midnight_Left.png
  artifactKey: Guid(d349eb2db22ec0746a14ade881ac087f) Importer(2089858483,d624ce77472d68a35037170ec1d2d27e)
Start importing Assets/Asset/FarlandSkies/Skyboxes/CloudyCrown_03_Midnight/Textures/CloudyCrown_Midnight_Left.png using Guid(d349eb2db22ec0746a14ade881ac087f) Importer(2089858483,d624ce77472d68a35037170ec1d2d27e) (ScriptedImporter) -> (artifact id: 'f841433affb407dd1494f7cb33c92593') in 0.0113774 seconds
Number of updated asset objects reloaded before import = 0Number of asset objects unloaded after import = 1

========================================================================
Received Import Request.
  Time since last request: 0.000013 seconds.
  path: Assets/Asset/FarlandSkies/Skyboxes/CloudyCrown_05_Daybreak/Textures/CloudyCrown_Daybreak_Right.png
  artifactKey: Guid(a233316cd5c3fd84bbad0597bd05102f) Importer(2089858483,d624ce77472d68a35037170ec1d2d27e)
Start importing Assets/Asset/FarlandSkies/Skyboxes/CloudyCrown_05_Daybreak/Textures/CloudyCrown_Daybreak_Right.png using Guid(a233316cd5c3fd84bbad0597bd05102f) Importer(2089858483,d624ce77472d68a35037170ec1d2d27e) (ScriptedImporter) -> (artifact id: 'c06ff633716ffe7d548c312a4ba9c81e') in 0.0150447 seconds
Number of updated asset objects reloaded before import = 0Number of asset objects unloaded after import = 1

========================================================================
Received Import Request.
  Time since last request: 0.000012 seconds.
  path: Assets/Asset/Pipes/Pipes/Mesh/obj/pipe_col_5.obj
  artifactKey: Guid(c21f0ba96fdb5c242be9dc49a2d834a7) Importer(2089858483,d624ce77472d68a35037170ec1d2d27e)
Start importing Assets/Asset/Pipes/Pipes/Mesh/obj/pipe_col_5.obj using Guid(c21f0ba96fdb5c242be9dc49a2d834a7) Importer(2089858483,d624ce77472d68a35037170ec1d2d27e) (ScriptedImporter) -> (artifact id: '2653e28716d777691b23be17102d37cd') in 0.0133551 seconds
Number of updated asset objects reloaded before import = 0Number of asset objects unloaded after import = 9

========================================================================
Received Import Request.
  Time since last request: 0.000012 seconds.
  path: Assets/Asset/Cartoon Temple Building Kit/Fbx/Ground X/Ground X Dark/Materials/Cartoon Temple Builder Kit.mat
  artifactKey: Guid(b9be077c475beae40a8992a8ec6a1a3f) Importer(2089858483,d624ce77472d68a35037170ec1d2d27e)
Start importing Assets/Asset/Cartoon Temple Building Kit/Fbx/Ground X/Ground X Dark/Materials/Cartoon Temple Builder Kit.mat using Guid(b9be077c475beae40a8992a8ec6a1a3f) Importer(2089858483,d624ce77472d68a35037170ec1d2d27e) (ScriptedImporter) -> (artifact id: 'f6276ea92fb128b0c1a035e16fcd932b') in 0.0066043 seconds
Number of updated asset objects reloaded before import = 0Number of asset objects unloaded after import = 2

========================================================================
Received Import Request.
  Time since last request: 0.000017 seconds.
  path: Assets/Asset/FarlandSkies/Skyboxes/CloudyCrown_01_Midday/Textures/backg.png
  artifactKey: Guid(fd76a3d85fa584e42834036916a79b6b) Importer(2089858483,d624ce77472d68a35037170ec1d2d27e)
Start importing Assets/Asset/FarlandSkies/Skyboxes/CloudyCrown_01_Midday/Textures/backg.png using Guid(fd76a3d85fa584e42834036916a79b6b) Importer(2089858483,d624ce77472d68a35037170ec1d2d27e) (ScriptedImporter) -> (artifact id: '8d4e86c08f7ba51dc61a5e4ad10a2031') in 0.0111543 seconds
Number of updated asset objects reloaded before import = 0Number of asset objects unloaded after import = 1

========================================================================
Received Import Request.
  Time since last request: 0.000015 seconds.
  path: Assets/Asset/FarlandSkies/Skyboxes/CloudyCrown_01_Midday/Textures/CloudyCrown_Midday_Front.png
  artifactKey: Guid(dffdb4378818bc5469033648c57bd0b1) Importer(2089858483,d624ce77472d68a35037170ec1d2d27e)
Start importing Assets/Asset/FarlandSkies/Skyboxes/CloudyCrown_01_Midday/Textures/CloudyCrown_Midday_Front.png using Guid(dffdb4378818bc5469033648c57bd0b1) Importer(2089858483,d624ce77472d68a35037170ec1d2d27e) (ScriptedImporter) -> (artifact id: 'e4136418162a3d078c7f9ff05f597225') in 0.0106951 seconds
Number of updated asset objects reloaded before import = 0Number of asset objects unloaded after import = 1

========================================================================
Received Import Request.
  Time since last request: 0.000014 seconds.
  path: Assets/GoogleMobileAds/Editor/Resources/PlaceholderAds/Rewarded/768x1024.prefab
  artifactKey: Guid(4e3dd9a9607da46da8125b4b59a18db2) Importer(2089858483,d624ce77472d68a35037170ec1d2d27e)
Start importing Assets/GoogleMobileAds/Editor/Resources/PlaceholderAds/Rewarded/768x1024.prefab using Guid(4e3dd9a9607da46da8125b4b59a18db2) Importer(2089858483,d624ce77472d68a35037170ec1d2d27e) (ScriptedImporter) -> (artifact id: '27f030a086fc43b4326b201f0ef4b72e') in 0.0133665 seconds
Number of updated asset objects reloaded before import = 0Number of asset objects unloaded after import = 30

========================================================================
Received Import Request.
  Time since last request: 0.000012 seconds.
  path: Assets/Asset/FarlandSkies/Skyboxes/CloudyCrown_02_Evening/Textures/CloudyCrown_Evening_Up.png
  artifactKey: Guid(3157d3aa6a8bd694e9cc4c05e3303c06) Importer(2089858483,d624ce77472d68a35037170ec1d2d27e)
Start importing Assets/Asset/FarlandSkies/Skyboxes/CloudyCrown_02_Evening/Textures/CloudyCrown_Evening_Up.png using Guid(3157d3aa6a8bd694e9cc4c05e3303c06) Importer(2089858483,d624ce77472d68a35037170ec1d2d27e) (ScriptedImporter) -> (artifact id: '65a74bb2f4c85fa5584d4cf3fcb75332') in 0.0107016 seconds
Number of updated asset objects reloaded before import = 0Number of asset objects unloaded after import = 1

========================================================================
Received Import Request.
  Time since last request: 0.000061 seconds.
  path: Assets/Asset/FarlandSkies/Skyboxes/CloudyCrown_05_Daybreak/Textures/CloudyCrown_Daybreak_Down.png
  artifactKey: Guid(bf4af9078f5bbcc42911f76a84aaa1e9) Importer(2089858483,d624ce77472d68a35037170ec1d2d27e)
Start importing Assets/Asset/FarlandSkies/Skyboxes/CloudyCrown_05_Daybreak/Textures/CloudyCrown_Daybreak_Down.png using Guid(bf4af9078f5bbcc42911f76a84aaa1e9) Importer(2089858483,d624ce77472d68a35037170ec1d2d27e) (ScriptedImporter) -> (artifact id: 'a652cc3cb324a5a6e233152ef25adda3') in 0.0127731 seconds
Number of updated asset objects reloaded before import = 0Number of asset objects unloaded after import = 1

========================================================================
Received Import Request.
  Time since last request: 0.000049 seconds.
  path: Assets/Asset/FarlandSkies/Skyboxes/CloudyCrown_01_Midday/Textures/CloudyCrown_Midday_Down.png
  artifactKey: Guid(b064041c87bd8fb4ba2c21aa4863127e) Importer(2089858483,d624ce77472d68a35037170ec1d2d27e)
Start importing Assets/Asset/FarlandSkies/Skyboxes/CloudyCrown_01_Midday/Textures/CloudyCrown_Midday_Down.png using Guid(b064041c87bd8fb4ba2c21aa4863127e) Importer(2089858483,d624ce77472d68a35037170ec1d2d27e) (ScriptedImporter) -> (artifact id: 'b70892fc9f1b6ad35e29198d7bc16163') in 0.012168 seconds
Number of updated asset objects reloaded before import = 0Number of asset objects unloaded after import = 1

========================================================================
Received Import Request.
  Time since last request: 0.000011 seconds.
  path: Assets/Asset/Pipes/Pipes/Materials/Textures/Pipes-1_DefaultMaterial_Normal.png
  artifactKey: Guid(8596ed7d2c1fd6a42a5152b8ebe99bf2) Importer(2089858483,d624ce77472d68a35037170ec1d2d27e)
Start importing Assets/Asset/Pipes/Pipes/Materials/Textures/Pipes-1_DefaultMaterial_Normal.png using Guid(8596ed7d2c1fd6a42a5152b8ebe99bf2) Importer(2089858483,d624ce77472d68a35037170ec1d2d27e) (ScriptedImporter) -> (artifact id: '0f185917c5ad3535f620e16d287bc526') in 0.0115383 seconds
Number of updated asset objects reloaded before import = 0Number of asset objects unloaded after import = 1

========================================================================
Received Import Request.
  Time since last request: 0.000023 seconds.
  path: Assets/Asset/FarlandSkies/Skyboxes/CloudyCrown_05_Daybreak/Textures/CloudyCrown_Daybreak_Front.png
  artifactKey: Guid(32dd115bed46a474ab32a88684606180) Importer(2089858483,d624ce77472d68a35037170ec1d2d27e)
Start importing Assets/Asset/FarlandSkies/Skyboxes/CloudyCrown_05_Daybreak/Textures/CloudyCrown_Daybreak_Front.png using Guid(32dd115bed46a474ab32a88684606180) Importer(2089858483,d624ce77472d68a35037170ec1d2d27e) (ScriptedImporter) -> (artifact id: '9fb5d5611d0a1005835b88eeeab06e5f') in 0.0106867 seconds
Number of updated asset objects reloaded before import = 0Number of asset objects unloaded after import = 1

========================================================================
Received Import Request.
  Time since last request: 0.000012 seconds.
  path: Assets/GoogleMobileAds/Editor/Resources/PlaceholderAds/Banners/ADAPTIVE.prefab
  artifactKey: Guid(b2a3ea2f1837847d9981501e0eeca085) Importer(2089858483,d624ce77472d68a35037170ec1d2d27e)
Start importing Assets/GoogleMobileAds/Editor/Resources/PlaceholderAds/Banners/ADAPTIVE.prefab using Guid(b2a3ea2f1837847d9981501e0eeca085) Importer(2089858483,d624ce77472d68a35037170ec1d2d27e) (ScriptedImporter) -> (artifact id: '13184d1ab63ad056fd744c7b075453fb') in 0.009174 seconds
Number of updated asset objects reloaded before import = 0Number of asset objects unloaded after import = 16

========================================================================
Received Import Request.
  Time since last request: 0.000013 seconds.
  path: Assets/Asset/FarlandSkies/Skyboxes/CloudyCrown_04_Sunset/Textures/CloudyCrown_Sunset_Front.png
  artifactKey: Guid(438f35e5e8d7c0c42aee582a2e2ec8e8) Importer(2089858483,d624ce77472d68a35037170ec1d2d27e)
Start importing Assets/Asset/FarlandSkies/Skyboxes/CloudyCrown_04_Sunset/Textures/CloudyCrown_Sunset_Front.png using Guid(438f35e5e8d7c0c42aee582a2e2ec8e8) Importer(2089858483,d624ce77472d68a35037170ec1d2d27e) (ScriptedImporter) -> (artifact id: 'b06bf96b9a276c8fd5e4b3c241f4fa5c') in 0.0119882 seconds
Number of updated asset objects reloaded before import = 0Number of asset objects unloaded after import = 1

========================================================================
Received Import Request.
  Time since last request: 0.000016 seconds.
  path: Assets/Asset/FarlandSkies/Skyboxes/CloudyCrown_02_Evening/Textures/CloudyCrown_Evening_Left.png
  artifactKey: Guid(90494e0797812be488f2fbe703461966) Importer(2089858483,d624ce77472d68a35037170ec1d2d27e)
Start importing Assets/Asset/FarlandSkies/Skyboxes/CloudyCrown_02_Evening/Textures/CloudyCrown_Evening_Left.png using Guid(90494e0797812be488f2fbe703461966) Importer(2089858483,d624ce77472d68a35037170ec1d2d27e) (ScriptedImporter) -> (artifact id: '5134fdb57c4ef8e3e492b3ac2f50cd1f') in 0.0112015 seconds
Number of updated asset objects reloaded before import = 0Number of asset objects unloaded after import = 1

========================================================================
Received Import Request.
  Time since last request: 0.000016 seconds.
  path: Assets/Asset/Cartoon Temple Building Kit/Prefabs/Platforms Stairs Fences Prefabs/Platforms With Fence Prefabs/Platform Fence 1x7x7.prefab
  artifactKey: Guid(3e4c519ec20a9904baa58dfb954256e3) Importer(2089858483,d624ce77472d68a35037170ec1d2d27e)
Start importing Assets/Asset/Cartoon Temple Building Kit/Prefabs/Platforms Stairs Fences Prefabs/Platforms With Fence Prefabs/Platform Fence 1x7x7.prefab using Guid(3e4c519ec20a9904baa58dfb954256e3) Importer(2089858483,d624ce77472d68a35037170ec1d2d27e) (ScriptedImporter) -> (artifact id: 'eabe0247ca50179141724822d8a54a21') in 0.0071426 seconds
Number of updated asset objects reloaded before import = 0Number of asset objects unloaded after import = 8

========================================================================
Received Import Request.
  Time since last request: 0.000011 seconds.
  path: Assets/GoogleMobileAds/Editor/Resources/PlaceholderAds/AdImages/300x250.png
  artifactKey: Guid(898f886a39d714db5b90d2c36676c894) Importer(2089858483,d624ce77472d68a35037170ec1d2d27e)
Start importing Assets/GoogleMobileAds/Editor/Resources/PlaceholderAds/AdImages/300x250.png using Guid(898f886a39d714db5b90d2c36676c894) Importer(2089858483,d624ce77472d68a35037170ec1d2d27e) (ScriptedImporter) -> (artifact id: 'c27230f8c2387e446a80e774dde1f68c') in 0.0121779 seconds
Number of updated asset objects reloaded before import = 0Number of asset objects unloaded after import = 3

========================================================================
Received Import Request.
  Time since last request: 0.000018 seconds.
  path: Assets/GoogleMobileAds/Editor/Resources/PlaceholderAds/Banners/LEADERBOARD.prefab
  artifactKey: Guid(60a76727b740d485fa446352e56931c5) Importer(2089858483,d624ce77472d68a35037170ec1d2d27e)
Start importing Assets/GoogleMobileAds/Editor/Resources/PlaceholderAds/Banners/LEADERBOARD.prefab using Guid(60a76727b740d485fa446352e56931c5) Importer(2089858483,d624ce77472d68a35037170ec1d2d27e) (ScriptedImporter) -> (artifact id: '6ab72892936563f1f2bdea46c8c38535') in 0.0114416 seconds
Number of updated asset objects reloaded before import = 0Number of asset objects unloaded after import = 13

========================================================================
Received Import Request.
  Time since last request: 0.000015 seconds.
  path: Assets/Asset/Pipes/Pipes/Mesh/obj/pipe_col_6.obj
  artifactKey: Guid(c6cd1c9251b4a004aac827b094925b0c) Importer(2089858483,d624ce77472d68a35037170ec1d2d27e)
Start importing Assets/Asset/Pipes/Pipes/Mesh/obj/pipe_col_6.obj using Guid(c6cd1c9251b4a004aac827b094925b0c) Importer(2089858483,d624ce77472d68a35037170ec1d2d27e) (ScriptedImporter) -> (artifact id: 'b99dd070f47ec84beaec4c865b81f336') in 0.0114647 seconds
Number of updated asset objects reloaded before import = 0Number of asset objects unloaded after import = 9

========================================================================
Received Import Request.
  Time since last request: 0.000014 seconds.
  path: Assets/Asset/Pipes/Pipes/Materials/Textures/Pipes-1_DefaultMaterial_MetallicSmoothness.png
  artifactKey: Guid(67d958934cb97d14a8cbddef2e4c71dc) Importer(2089858483,d624ce77472d68a35037170ec1d2d27e)
Start importing Assets/Asset/Pipes/Pipes/Materials/Textures/Pipes-1_DefaultMaterial_MetallicSmoothness.png using Guid(67d958934cb97d14a8cbddef2e4c71dc) Importer(2089858483,d624ce77472d68a35037170ec1d2d27e) (ScriptedImporter) -> (artifact id: '837782e55e154ba515e36315082ed848') in 0.0119997 seconds
Number of updated asset objects reloaded before import = 0Number of asset objects unloaded after import = 1

========================================================================
Received Import Request.
  Time since last request: 0.000030 seconds.
  path: Assets/GoogleMobileAds/Editor/Resources/PlaceholderAds/AdImages/320x100.png
  artifactKey: Guid(1a2723ddf964e4565a408007ab387283) Importer(2089858483,d624ce77472d68a35037170ec1d2d27e)
Start importing Assets/GoogleMobileAds/Editor/Resources/PlaceholderAds/AdImages/320x100.png using Guid(1a2723ddf964e4565a408007ab387283) Importer(2089858483,d624ce77472d68a35037170ec1d2d27e) (ScriptedImporter) -> (artifact id: '77edf3bad544a5e614486d6534fcbcd8') in 0.0113152 seconds
Number of updated asset objects reloaded before import = 0Number of asset objects unloaded after import = 3

========================================================================
Received Import Request.
  Time since last request: 0.000015 seconds.
  path: Assets/Asset/Cartoon Temple Building Kit/Fbx/Decorative/Vegetation/Materials/Cartoon Temple Builder Kit.mat
  artifactKey: Guid(0a84fbc25be6061499415d4dea6f79ef) Importer(2089858483,d624ce77472d68a35037170ec1d2d27e)
Start importing Assets/Asset/Cartoon Temple Building Kit/Fbx/Decorative/Vegetation/Materials/Cartoon Temple Builder Kit.mat using Guid(0a84fbc25be6061499415d4dea6f79ef) Importer(2089858483,d624ce77472d68a35037170ec1d2d27e) (ScriptedImporter) -> (artifact id: '9c270be98bc004c9098a389b689a247a') in 0.0071432 seconds
Number of updated asset objects reloaded before import = 0Number of asset objects unloaded after import = 2

========================================================================
Received Import Request.
  Time since last request: 0.000013 seconds.
  path: Assets/Asset/Cartoon Temple Building Kit/Prefabs/Platforms Stairs Fences Prefabs/Platforms Prefabs/Platform 2x9x13.prefab
  artifactKey: Guid(0134b9b48b7872c4abb2c5dcb03051b1) Importer(2089858483,d624ce77472d68a35037170ec1d2d27e)
Start importing Assets/Asset/Cartoon Temple Building Kit/Prefabs/Platforms Stairs Fences Prefabs/Platforms Prefabs/Platform 2x9x13.prefab using Guid(0134b9b48b7872c4abb2c5dcb03051b1) Importer(2089858483,d624ce77472d68a35037170ec1d2d27e) (ScriptedImporter) -> (artifact id: 'b498bded9a5268a1170b607e838a3d11') in 0.0075024 seconds
Number of updated asset objects reloaded before import = 0Number of asset objects unloaded after import = 8

========================================================================
Received Import Request.
  Time since last request: 0.000016 seconds.
  path: Assets/Asset/Pipes/Pipes/Mesh/obj/pipe-bending-5.obj
  artifactKey: Guid(749f47d187ba8d64c90b769683cbd020) Importer(2089858483,d624ce77472d68a35037170ec1d2d27e)
Start importing Assets/Asset/Pipes/Pipes/Mesh/obj/pipe-bending-5.obj using Guid(749f47d187ba8d64c90b769683cbd020) Importer(2089858483,d624ce77472d68a35037170ec1d2d27e) (ScriptedImporter) -> (artifact id: 'ba2823d0f62746f5f59c4dbcf2d3dde9') in 0.0099625 seconds
Number of updated asset objects reloaded before import = 0Number of asset objects unloaded after import = 9

========================================================================
Received Import Request.
  Time since last request: 0.000015 seconds.
  path: Assets/Asset/Cartoon Temple Building Kit/Prefabs/Platforms Stairs Fences Prefabs/Platforms With Fence Prefabs/Platform Fernce 1x5x13.prefab
  artifactKey: Guid(d039f8c1576e19e45a0d0814bad16fbe) Importer(2089858483,d624ce77472d68a35037170ec1d2d27e)
Start importing Assets/Asset/Cartoon Temple Building Kit/Prefabs/Platforms Stairs Fences Prefabs/Platforms With Fence Prefabs/Platform Fernce 1x5x13.prefab using Guid(d039f8c1576e19e45a0d0814bad16fbe) Importer(2089858483,d624ce77472d68a35037170ec1d2d27e) (ScriptedImporter) -> (artifact id: 'e1feb581f900fe66ef88f81de55506c5') in 0.0097111 seconds
Number of updated asset objects reloaded before import = 0Number of asset objects unloaded after import = 8

========================================================================
Received Import Request.
  Time since last request: 0.000012 seconds.
  path: Assets/GoogleMobileAds/Editor/Resources/PlaceholderAds/AdInspector/768x1024.prefab
  artifactKey: Guid(d09dfea4c722a4e239e771200d3639cc) Importer(2089858483,d624ce77472d68a35037170ec1d2d27e)
Start importing Assets/GoogleMobileAds/Editor/Resources/PlaceholderAds/AdInspector/768x1024.prefab using Guid(d09dfea4c722a4e239e771200d3639cc) Importer(2089858483,d624ce77472d68a35037170ec1d2d27e) (ScriptedImporter) -> (artifact id: '56a3f7e80eac9c9c81ecbe3219f5ca1d') in 0.0115661 seconds
Number of updated asset objects reloaded before import = 0Number of asset objects unloaded after import = 26

========================================================================
Received Import Request.
  Time since last request: 0.000012 seconds.
  path: Assets/Asset/Cartoon Temple Building Kit/Fbx/Ground +/Ground + Dark/Materials/Cartoon Temple Builder Kit.mat
  artifactKey: Guid(90a1ee89d23f7cd47a453e7a4d36e95e) Importer(2089858483,d624ce77472d68a35037170ec1d2d27e)
Start importing Assets/Asset/Cartoon Temple Building Kit/Fbx/Ground +/Ground + Dark/Materials/Cartoon Temple Builder Kit.mat using Guid(90a1ee89d23f7cd47a453e7a4d36e95e) Importer(2089858483,d624ce77472d68a35037170ec1d2d27e) (ScriptedImporter) -> (artifact id: '422f53cf960db10805e4dab07bded02e') in 0.0062283 seconds
Number of updated asset objects reloaded before import = 0Number of asset objects unloaded after import = 2

========================================================================
Received Import Request.
  Time since last request: 0.000012 seconds.
  path: Assets/Asset/Cartoon Temple Building Kit/Prefabs/Decorative Prefabs/FloorBlocks Corners Walls Prefabs/Block Ruin Wall 2.prefab
  artifactKey: Guid(518bfedf2f3d1c447a71e7833b37add0) Importer(2089858483,d624ce77472d68a35037170ec1d2d27e)
Start importing Assets/Asset/Cartoon Temple Building Kit/Prefabs/Decorative Prefabs/FloorBlocks Corners Walls Prefabs/Block Ruin Wall 2.prefab using Guid(518bfedf2f3d1c447a71e7833b37add0) Importer(2089858483,d624ce77472d68a35037170ec1d2d27e) (ScriptedImporter) -> (artifact id: '5f1f8d52b7118bbf1bbbef9bdad4946b') in 0.0093003 seconds
Number of updated asset objects reloaded before import = 0Number of asset objects unloaded after import = 8

========================================================================
Received Import Request.
  Time since last request: 0.000015 seconds.
  path: Assets/Asset/Cartoon Temple Building Kit/Fbx/Ground +/Ground + Bright Flat/Ground + Flat Bright 4x4.fbx
  artifactKey: Guid(b94cf35124e78844f913362c3054f0c0) Importer(2089858483,d624ce77472d68a35037170ec1d2d27e)
Start importing Assets/Asset/Cartoon Temple Building Kit/Fbx/Ground +/Ground + Bright Flat/Ground + Flat Bright 4x4.fbx using Guid(b94cf35124e78844f913362c3054f0c0) Importer(2089858483,d624ce77472d68a35037170ec1d2d27e) (ScriptedImporter) -> (artifact id: 'f4a19be91779912d7687b9547538e32f') in 0.0120271 seconds
Number of updated asset objects reloaded before import = 0Number of asset objects unloaded after import = 8

========================================================================
Received Import Request.
  Time since last request: 0.000024 seconds.
  path: Assets/Asset/Cartoon Temple Building Kit/Fbx/Ground +/Ground + Bright/Ground + Bright 1x2.fbx
  artifactKey: Guid(e530194820939554f8a56ed3d22f9a54) Importer(2089858483,d624ce77472d68a35037170ec1d2d27e)
Start importing Assets/Asset/Cartoon Temple Building Kit/Fbx/Ground +/Ground + Bright/Ground + Bright 1x2.fbx using Guid(e530194820939554f8a56ed3d22f9a54) Importer(2089858483,d624ce77472d68a35037170ec1d2d27e) (ScriptedImporter) -> (artifact id: 'f7acc145833203cd94942dcf6fdbdce1') in 0.0181942 seconds
Number of updated asset objects reloaded before import = 0Number of asset objects unloaded after import = 8

========================================================================
Received Import Request.
  Time since last request: 0.000013 seconds.
  path: Assets/Asset/Cartoon Temple Building Kit/Prefabs/Platforms Stairs Fences Prefabs/Platforms Prefabs/Platform 1x13x13.prefab
  artifactKey: Guid(dc9a88e3f03aaf94f8a4d6934eb239c6) Importer(2089858483,d624ce77472d68a35037170ec1d2d27e)
Start importing Assets/Asset/Cartoon Temple Building Kit/Prefabs/Platforms Stairs Fences Prefabs/Platforms Prefabs/Platform 1x13x13.prefab using Guid(dc9a88e3f03aaf94f8a4d6934eb239c6) Importer(2089858483,d624ce77472d68a35037170ec1d2d27e) (ScriptedImporter) -> (artifact id: '16e34988932de8c432b26535e7aea6a5') in 0.0081796 seconds
Number of updated asset objects reloaded before import = 0Number of asset objects unloaded after import = 8

========================================================================
Received Import Request.
  Time since last request: 0.000011 seconds.
  path: Assets/Asset/Simple UI/Simple Vector Icons/128px/UI_Icon_Question.png
  artifactKey: Guid(a02c0074ca471416d9a79fd5a0cc2b02) Importer(2089858483,d624ce77472d68a35037170ec1d2d27e)
Start importing Assets/Asset/Simple UI/Simple Vector Icons/128px/UI_Icon_Question.png using Guid(a02c0074ca471416d9a79fd5a0cc2b02) Importer(2089858483,d624ce77472d68a35037170ec1d2d27e) (ScriptedImporter) -> (artifact id: '80387f6b149285894927baf3eedfcf5a') in 0.0113088 seconds
Number of updated asset objects reloaded before import = 0Number of asset objects unloaded after import = 3

========================================================================
Received Import Request.
  Time since last request: 0.000012 seconds.
  path: Assets/Asset/Cartoon Temple Building Kit/Fbx/Decorative/FloorBlocks Corners Walls/Corner Blocks 4.fbx
  artifactKey: Guid(79fda544a7815ff43b3b61ff0acfe9c1) Importer(2089858483,d624ce77472d68a35037170ec1d2d27e)
Start importing Assets/Asset/Cartoon Temple Building Kit/Fbx/Decorative/FloorBlocks Corners Walls/Corner Blocks 4.fbx using Guid(79fda544a7815ff43b3b61ff0acfe9c1) Importer(2089858483,d624ce77472d68a35037170ec1d2d27e) (ScriptedImporter) -> (artifact id: '58b791a904b2b015bab24f6396ba3fde') in 0.0127446 seconds
Number of updated asset objects reloaded before import = 0Number of asset objects unloaded after import = 8

========================================================================
Received Import Request.
  Time since last request: 0.000013 seconds.
  path: Assets/Asset/FarlandSkies/Skyboxes/CloudyCrown_03_Midnight/Textures/CloudyCrown_Midnight_Back.png
  artifactKey: Guid(da973bcda49f771409235bfe5c155ce0) Importer(2089858483,d624ce77472d68a35037170ec1d2d27e)
Start importing Assets/Asset/FarlandSkies/Skyboxes/CloudyCrown_03_Midnight/Textures/CloudyCrown_Midnight_Back.png using Guid(da973bcda49f771409235bfe5c155ce0) Importer(2089858483,d624ce77472d68a35037170ec1d2d27e) (ScriptedImporter) -> (artifact id: '567df8e6a00e190cd44051cd222aed25') in 0.0107017 seconds
Number of updated asset objects reloaded before import = 0Number of asset objects unloaded after import = 1

========================================================================
Received Import Request.
  Time since last request: 0.000029 seconds.
  path: Assets/Asset/Standard Assets/CrossPlatformInput/Sprites/ButtonAcceleratorOverSprite.png
  artifactKey: Guid(eb5f6e2757c821940b69cf1456f7865a) Importer(2089858483,d624ce77472d68a35037170ec1d2d27e)
Start importing Assets/Asset/Standard Assets/CrossPlatformInput/Sprites/ButtonAcceleratorOverSprite.png using Guid(eb5f6e2757c821940b69cf1456f7865a) Importer(2089858483,d624ce77472d68a35037170ec1d2d27e) (ScriptedImporter) -> (artifact id: '2daef92b37cea1e5c4d4fa0cf86a95ca') in 0.0140001 seconds
Number of updated asset objects reloaded before import = 0Number of asset objects unloaded after import = 3

========================================================================
Received Import Request.
  Time since last request: 0.000012 seconds.
  path: Assets/Asset/Cartoon Temple Building Kit/Prefabs/Decorative Prefabs/FloorBlocks Corners Walls Prefabs/Block Ruin Wall 7.prefab
  artifactKey: Guid(6f7a26bd385920c42bfe5c2565896d44) Importer(2089858483,d624ce77472d68a35037170ec1d2d27e)
Start importing Assets/Asset/Cartoon Temple Building Kit/Prefabs/Decorative Prefabs/FloorBlocks Corners Walls Prefabs/Block Ruin Wall 7.prefab using Guid(6f7a26bd385920c42bfe5c2565896d44) Importer(2089858483,d624ce77472d68a35037170ec1d2d27e) (ScriptedImporter) -> (artifact id: '2af65d4b5efbe89afff8792f75a06c0f') in 0.0079358 seconds
Number of updated asset objects reloaded before import = 0Number of asset objects unloaded after import = 8

========================================================================
Received Import Request.
  Time since last request: 0.000012 seconds.
  path: Assets/Asset/Cartoon Temple Building Kit/Prefabs/Decorative Prefabs/FloorBlocks Corners Walls Prefabs/Corner Blocks 2.prefab
  artifactKey: Guid(e7d2ab88c0cd3e04aa5673db5c3c3c26) Importer(2089858483,d624ce77472d68a35037170ec1d2d27e)
Start importing Assets/Asset/Cartoon Temple Building Kit/Prefabs/Decorative Prefabs/FloorBlocks Corners Walls Prefabs/Corner Blocks 2.prefab using Guid(e7d2ab88c0cd3e04aa5673db5c3c3c26) Importer(2089858483,d624ce77472d68a35037170ec1d2d27e) (ScriptedImporter) -> (artifact id: 'dcd8ea52a5a605b60a8474278584d259') in 0.0072793 seconds
Number of updated asset objects reloaded before import = 0Number of asset objects unloaded after import = 8

========================================================================
Received Import Request.
  Time since last request: 0.000013 seconds.
  path: Assets/GoogleMobileAds/Editor/Resources/PlaceholderAds/AdImages/1024x768.png
  artifactKey: Guid(4c69db43dbd474a2987be5807129b4cc) Importer(2089858483,d624ce77472d68a35037170ec1d2d27e)
Start importing Assets/GoogleMobileAds/Editor/Resources/PlaceholderAds/AdImages/1024x768.png using Guid(4c69db43dbd474a2987be5807129b4cc) Importer(2089858483,d624ce77472d68a35037170ec1d2d27e) (ScriptedImporter) -> (artifact id: '639e06e05ddd4e32c216d718c9804b4b') in 0.0137356 seconds
Number of updated asset objects reloaded before import = 0Number of asset objects unloaded after import = 3

========================================================================
Received Import Request.
  Time since last request: 0.000013 seconds.
  path: Assets/Asset/Standard Assets/CrossPlatformInput/Scripts/MobileControlRig.cs
  artifactKey: Guid(71398ce7fbc3a5b4fa50b50bd54317a7) Importer(2089858483,d624ce77472d68a35037170ec1d2d27e)
Start importing Assets/Asset/Standard Assets/CrossPlatformInput/Scripts/MobileControlRig.cs using Guid(71398ce7fbc3a5b4fa50b50bd54317a7) Importer(2089858483,d624ce77472d68a35037170ec1d2d27e) (ScriptedImporter) -> (artifact id: '3ffd80a01a4b431762b433d61dd05c55') in 0.0032648 seconds
Number of updated asset objects reloaded before import = 0Number of asset objects unloaded after import = 0

========================================================================
Received Import Request.
  Time since last request: 0.000065 seconds.
  path: Assets/Asset/Simple UI/Simple Vector Icons/128px/UI_Icon_ZoomOut.png
  artifactKey: Guid(28d5c0ad3155d4e329a6cd34bca25eef) Importer(2089858483,d624ce77472d68a35037170ec1d2d27e)
Start importing Assets/Asset/Simple UI/Simple Vector Icons/128px/UI_Icon_ZoomOut.png using Guid(28d5c0ad3155d4e329a6cd34bca25eef) Importer(2089858483,d624ce77472d68a35037170ec1d2d27e) (ScriptedImporter) -> (artifact id: '320be2b6b43cf7fe5fe014864d981d0c') in 0.0130503 seconds
Number of updated asset objects reloaded before import = 0Number of asset objects unloaded after import = 3

========================================================================
Received Import Request.
  Time since last request: 0.000012 seconds.
  path: Assets/Asset/Pipes/Pipes/Mesh/obj/pipe_col_7.obj
  artifactKey: Guid(b1eb6a9ca57736d4b81eca20ddd8266d) Importer(2089858483,d624ce77472d68a35037170ec1d2d27e)
Start importing Assets/Asset/Pipes/Pipes/Mesh/obj/pipe_col_7.obj using Guid(b1eb6a9ca57736d4b81eca20ddd8266d) Importer(2089858483,d624ce77472d68a35037170ec1d2d27e) (ScriptedImporter) -> (artifact id: '6d394351431ff101cff4fb5c71ae36d8') in 0.0132514 seconds
Number of updated asset objects reloaded before import = 0Number of asset objects unloaded after import = 9

========================================================================
Received Import Request.
  Time since last request: 0.000014 seconds.
  path: Assets/Asset/Cartoon Temple Building Kit/Prefabs/Ground Path Prefabs/Ground Path Flat Prefabs/Ground Path Crossing Flat.prefab
  artifactKey: Guid(43653b766e5efec42ab85ef4a542063d) Importer(2089858483,d624ce77472d68a35037170ec1d2d27e)
Start importing Assets/Asset/Cartoon Temple Building Kit/Prefabs/Ground Path Prefabs/Ground Path Flat Prefabs/Ground Path Crossing Flat.prefab using Guid(43653b766e5efec42ab85ef4a542063d) Importer(2089858483,d624ce77472d68a35037170ec1d2d27e) (ScriptedImporter) -> (artifact id: 'f3c0a3915572f3bb9df030e7bc5c48b5') in 0.0085343 seconds
Number of updated asset objects reloaded before import = 0Number of asset objects unloaded after import = 8

========================================================================
Received Import Request.
  Time since last request: 0.000012 seconds.
  path: Assets/Asset/Cartoon Temple Building Kit/Prefabs/Platforms Stairs Fences Prefabs/Stairs Prefabs/Stairs 2.prefab
  artifactKey: Guid(eab0075fe70674445a3927fe54cb1a6b) Importer(2089858483,d624ce77472d68a35037170ec1d2d27e)
Start importing Assets/Asset/Cartoon Temple Building Kit/Prefabs/Platforms Stairs Fences Prefabs/Stairs Prefabs/Stairs 2.prefab using Guid(eab0075fe70674445a3927fe54cb1a6b) Importer(2089858483,d624ce77472d68a35037170ec1d2d27e) (ScriptedImporter) -> (artifact id: 'e5443271dc30e1463dcec02d8d29687a') in 0.0106427 seconds
Number of updated asset objects reloaded before import = 0Number of asset objects unloaded after import = 8

========================================================================
Received Import Request.
  Time since last request: 0.000013 seconds.
  path: Assets/Asset/Simple UI/Simple Vector Icons/128px/UI_Icon_Select.png
  artifactKey: Guid(003044f3d2b2242df863f39651d72ba9) Importer(2089858483,d624ce77472d68a35037170ec1d2d27e)
Start importing Assets/Asset/Simple UI/Simple Vector Icons/128px/UI_Icon_Select.png using Guid(003044f3d2b2242df863f39651d72ba9) Importer(2089858483,d624ce77472d68a35037170ec1d2d27e) (ScriptedImporter) -> (artifact id: 'c9f8ca9deecd2db2737f29e0727210a7') in 0.0117531 seconds
Number of updated asset objects reloaded before import = 0Number of asset objects unloaded after import = 3

========================================================================
Received Import Request.
  Time since last request: 0.000012 seconds.
  path: Assets/Asset/Cartoon Temple Building Kit/Fbx/Ground X/Ground X Mix Flat/Materials/Cartoon Temple Builder Kit.mat
  artifactKey: Guid(7bf0783765186104e88eaa2ec7cb96a8) Importer(2089858483,d624ce77472d68a35037170ec1d2d27e)
Start importing Assets/Asset/Cartoon Temple Building Kit/Fbx/Ground X/Ground X Mix Flat/Materials/Cartoon Temple Builder Kit.mat using Guid(7bf0783765186104e88eaa2ec7cb96a8) Importer(2089858483,d624ce77472d68a35037170ec1d2d27e) (ScriptedImporter) -> (artifact id: 'ee88395c85787f8c1c5a13da849928aa') in 0.0068749 seconds
Number of updated asset objects reloaded before import = 0Number of asset objects unloaded after import = 2

========================================================================
Received Import Request.
  Time since last request: 0.000034 seconds.
  path: Assets/Asset/Cartoon Temple Building Kit/Fbx/Platforms Stairs Fences/Platforms With Fence/Materials/Cartoon Temple Builder Kit.mat
  artifactKey: Guid(e22d2964248f347458c7610abb198f1c) Importer(2089858483,d624ce77472d68a35037170ec1d2d27e)
Start importing Assets/Asset/Cartoon Temple Building Kit/Fbx/Platforms Stairs Fences/Platforms With Fence/Materials/Cartoon Temple Builder Kit.mat using Guid(e22d2964248f347458c7610abb198f1c) Importer(2089858483,d624ce77472d68a35037170ec1d2d27e) (ScriptedImporter) -> (artifact id: 'ec42894254823ddf026431cd5d9ff94e') in 0.0085481 seconds
Number of updated asset objects reloaded before import = 0Number of asset objects unloaded after import = 2

========================================================================
Received Import Request.
  Time since last request: 0.000017 seconds.
  path: Assets/Asset/Pipes/Pipes/Mesh/obj/Materials/MeshMat.mat
  artifactKey: Guid(45ed70bab4eb11e47bfd2d753f7dc98f) Importer(2089858483,d624ce77472d68a35037170ec1d2d27e)
Start importing Assets/Asset/Pipes/Pipes/Mesh/obj/Materials/MeshMat.mat using Guid(45ed70bab4eb11e47bfd2d753f7dc98f) Importer(2089858483,d624ce77472d68a35037170ec1d2d27e) (ScriptedImporter) -> (artifact id: 'fa9b2014ed4385d1c028d04c49965e44') in 0.0059724 seconds
Number of updated asset objects reloaded before import = 0Number of asset objects unloaded after import = 1

========================================================================
Received Import Request.
  Time since last request: 0.000021 seconds.
  path: Assets/Asset/Simple UI/Simple Vector Icons/128px/UI_Icon_MicOff.png
  artifactKey: Guid(6c65a8e92c7ce453cac224546ce0e07a) Importer(2089858483,d624ce77472d68a35037170ec1d2d27e)
Start importing Assets/Asset/Simple UI/Simple Vector Icons/128px/UI_Icon_MicOff.png using Guid(6c65a8e92c7ce453cac224546ce0e07a) Importer(2089858483,d624ce77472d68a35037170ec1d2d27e) (ScriptedImporter) -> (artifact id: 'c6f6831dc256a097042f020ae5ef1a13') in 0.0148828 seconds
Number of updated asset objects reloaded before import = 0Number of asset objects unloaded after import = 3

========================================================================
Received Import Request.
  Time since last request: 0.000015 seconds.
  path: Assets/Asset/Cartoon Temple Building Kit/Fbx/Ground Path/Ground Path Flat/Ground Path Two Flat.fbx
  artifactKey: Guid(3cc835454df41ef4cb53ce1d8161767a) Importer(2089858483,d624ce77472d68a35037170ec1d2d27e)
Start importing Assets/Asset/Cartoon Temple Building Kit/Fbx/Ground Path/Ground Path Flat/Ground Path Two Flat.fbx using Guid(3cc835454df41ef4cb53ce1d8161767a) Importer(2089858483,d624ce77472d68a35037170ec1d2d27e) (ScriptedImporter) -> (artifact id: '346d8d43d5c486ec239c93a7e2ccc30b') in 0.0181515 seconds
Number of updated asset objects reloaded before import = 0Number of asset objects unloaded after import = 8

========================================================================
Received Import Request.
  Time since last request: 0.000020 seconds.
  path: Assets/Asset/Cartoon Temple Building Kit/Fbx/Decorative/Idol/Idol Hat.fbx
  artifactKey: Guid(122089aa6f199db4e970a0a3f2d624a1) Importer(2089858483,d624ce77472d68a35037170ec1d2d27e)
Start importing Assets/Asset/Cartoon Temple Building Kit/Fbx/Decorative/Idol/Idol Hat.fbx using Guid(122089aa6f199db4e970a0a3f2d624a1) Importer(2089858483,d624ce77472d68a35037170ec1d2d27e) (ScriptedImporter) -> (artifact id: '7630e841b791b9952d1a35736970b8b3') in 0.0160166 seconds
Number of updated asset objects reloaded before import = 0Number of asset objects unloaded after import = 8

========================================================================
Received Import Request.
  Time since last request: 0.000020 seconds.
  path: Assets/Asset/Cartoon Temple Building Kit/Fbx/Ground +/Ground + Dark Flat/Ground + Dark 4x4 Flat.fbx
  artifactKey: Guid(e9c3cdd2e7858204f9863f6fb53ad300) Importer(2089858483,d624ce77472d68a35037170ec1d2d27e)
Start importing Assets/Asset/Cartoon Temple Building Kit/Fbx/Ground +/Ground + Dark Flat/Ground + Dark 4x4 Flat.fbx using Guid(e9c3cdd2e7858204f9863f6fb53ad300) Importer(2089858483,d624ce77472d68a35037170ec1d2d27e) (ScriptedImporter) -> (artifact id: '49500c370db62c3d5a25f3507c9fc482') in 0.0148754 seconds
Number of updated asset objects reloaded before import = 0Number of asset objects unloaded after import = 8

========================================================================
Received Import Request.
  Time since last request: 0.000013 seconds.
  path: Assets/Asset/Simple UI/Simple Vector Icons/128px/UI_Icon_Camera.png
  artifactKey: Guid(bbea513035dbf473c94bef464808f665) Importer(2089858483,d624ce77472d68a35037170ec1d2d27e)
Start importing Assets/Asset/Simple UI/Simple Vector Icons/128px/UI_Icon_Camera.png using Guid(bbea513035dbf473c94bef464808f665) Importer(2089858483,d624ce77472d68a35037170ec1d2d27e) (ScriptedImporter) -> (artifact id: '5ae47b96306410bdd546c13c475b4b39') in 0.0115939 seconds
Number of updated asset objects reloaded before import = 0Number of asset objects unloaded after import = 3

========================================================================
Received Import Request.
  Time since last request: 0.000017 seconds.
  path: Assets/Asset/Standard Assets/CrossPlatformInput/Prefabs/MobileTiltControlRig.prefab
  artifactKey: Guid(999388b68bb99b44099461bfbed94358) Importer(2089858483,d624ce77472d68a35037170ec1d2d27e)
Start importing Assets/Asset/Standard Assets/CrossPlatformInput/Prefabs/MobileTiltControlRig.prefab using Guid(999388b68bb99b44099461bfbed94358) Importer(2089858483,d624ce77472d68a35037170ec1d2d27e) (ScriptedImporter) -> (artifact id: 'e3492b7469d57a1b9769dcfe2e5e905f') in 0.0053591 seconds
Number of updated asset objects reloaded before import = 0Number of asset objects unloaded after import = 11

========================================================================
Received Import Request.
  Time since last request: 0.000012 seconds.
  path: Assets/Asset/Cartoon Temple Building Kit/Fbx/Ground +/Ground + Mix Flat/Ground + Mix 4x4 Flat.fbx
  artifactKey: Guid(6e99fde74354ced4aa12bdbab72669b6) Importer(2089858483,d624ce77472d68a35037170ec1d2d27e)
Start importing Assets/Asset/Cartoon Temple Building Kit/Fbx/Ground +/Ground + Mix Flat/Ground + Mix 4x4 Flat.fbx using Guid(6e99fde74354ced4aa12bdbab72669b6) Importer(2089858483,d624ce77472d68a35037170ec1d2d27e) (ScriptedImporter) -> (artifact id: '855d2ac5973332833256e51dab0009d1') in 0.0146507 seconds
Number of updated asset objects reloaded before import = 0Number of asset objects unloaded after import = 8

========================================================================
Received Import Request.
  Time since last request: 0.000011 seconds.
  path: Assets/Asset/Simple UI/Simple Vector Icons/128px/UI_Icon_Curves.png
  artifactKey: Guid(e413c39057e504cd4905222e867c3386) Importer(2089858483,d624ce77472d68a35037170ec1d2d27e)
Start importing Assets/Asset/Simple UI/Simple Vector Icons/128px/UI_Icon_Curves.png using Guid(e413c39057e504cd4905222e867c3386) Importer(2089858483,d624ce77472d68a35037170ec1d2d27e) (ScriptedImporter) -> (artifact id: '05cb43b3fa4c72dbdf07e2efb684ac32') in 0.0159412 seconds
Number of updated asset objects reloaded before import = 0Number of asset objects unloaded after import = 3

========================================================================
Received Import Request.
  Time since last request: 0.000012 seconds.
  path: Assets/Asset/Cartoon Temple Building Kit/Prefabs/Ground X Prefabs/Ground X Mix Flat Prefabs/Ground X Mix Flat 4x8.prefab
  artifactKey: Guid(91a5f0d53889d9145ab1e0d4c7f9fde5) Importer(2089858483,d624ce77472d68a35037170ec1d2d27e)
Start importing Assets/Asset/Cartoon Temple Building Kit/Prefabs/Ground X Prefabs/Ground X Mix Flat Prefabs/Ground X Mix Flat 4x8.prefab using Guid(91a5f0d53889d9145ab1e0d4c7f9fde5) Importer(2089858483,d624ce77472d68a35037170ec1d2d27e) (ScriptedImporter) -> (artifact id: 'c6cd0ce774b6622e548f7e5d6e1f9dd2') in 0.007349 seconds
Number of updated asset objects reloaded before import = 0Number of asset objects unloaded after import = 8

========================================================================
Received Import Request.
  Time since last request: 0.000012 seconds.
  path: Assets/Asset/Simple UI/Simple Vector Icons/128px/UI_Icon_Fill.png
  artifactKey: Guid(47378b401f2244ca682fc9c4874a7491) Importer(2089858483,d624ce77472d68a35037170ec1d2d27e)
Start importing Assets/Asset/Simple UI/Simple Vector Icons/128px/UI_Icon_Fill.png using Guid(47378b401f2244ca682fc9c4874a7491) Importer(2089858483,d624ce77472d68a35037170ec1d2d27e) (ScriptedImporter) -> (artifact id: 'e00fbb290eb42c982c07de9dd4d4a6c9') in 0.0145706 seconds
Number of updated asset objects reloaded before import = 0Number of asset objects unloaded after import = 3

========================================================================
Received Import Request.
  Time since last request: 0.000014 seconds.
  path: Assets/Asset/Cartoon Temple Building Kit/Prefabs/Ground X Prefabs/Ground X Bright Prefabs/Ground X Bright 1x8.prefab
  artifactKey: Guid(207abc343be9fcb4582a8a3ce9c18a60) Importer(2089858483,d624ce77472d68a35037170ec1d2d27e)
Start importing Assets/Asset/Cartoon Temple Building Kit/Prefabs/Ground X Prefabs/Ground X Bright Prefabs/Ground X Bright 1x8.prefab using Guid(207abc343be9fcb4582a8a3ce9c18a60) Importer(2089858483,d624ce77472d68a35037170ec1d2d27e) (ScriptedImporter) -> (artifact id: '462072caee3ef16cff86c14da052ba83') in 0.0098805 seconds
Number of updated asset objects reloaded before import = 0Number of asset objects unloaded after import = 8

========================================================================
Received Import Request.
  Time since last request: 0.000015 seconds.
  path: Assets/Asset/Cartoon Temple Building Kit/Prefabs/Ground + Prefabs/Ground + Bright Prefabs/Ground + Bright 4x4.prefab
  artifactKey: Guid(fd6337a6e30116f46be72ad71a1e3ab3) Importer(2089858483,d624ce77472d68a35037170ec1d2d27e)
Start importing Assets/Asset/Cartoon Temple Building Kit/Prefabs/Ground + Prefabs/Ground + Bright Prefabs/Ground + Bright 4x4.prefab using Guid(fd6337a6e30116f46be72ad71a1e3ab3) Importer(2089858483,d624ce77472d68a35037170ec1d2d27e) (ScriptedImporter) -> (artifact id: 'd68d6abb87b73d5700bdb3b8dc9d5d76') in 0.0105365 seconds
Number of updated asset objects reloaded before import = 0Number of asset objects unloaded after import = 8

========================================================================
Received Import Request.
  Time since last request: 0.000012 seconds.
  path: Assets/Asset/Simple UI/Simple Vector Icons/128px/UI_Icon_Key.png
  artifactKey: Guid(b3015ee53a01144b982f10b99cc99c4c) Importer(2089858483,d624ce77472d68a35037170ec1d2d27e)
Start importing Assets/Asset/Simple UI/Simple Vector Icons/128px/UI_Icon_Key.png using Guid(b3015ee53a01144b982f10b99cc99c4c) Importer(2089858483,d624ce77472d68a35037170ec1d2d27e) (ScriptedImporter) -> (artifact id: '5e486f081acf54b8caa4e95f82f69889') in 0.0126503 seconds
Number of updated asset objects reloaded before import = 0Number of asset objects unloaded after import = 3

========================================================================
Received Import Request.
  Time since last request: 0.000013 seconds.
  path: Assets/Asset/Cartoon Temple Building Kit/Fbx/Ground Path/Ground Path Flat/Ground Path One Flat.fbx
  artifactKey: Guid(601aceaec8e6dbe40b761dc4f395498f) Importer(2089858483,d624ce77472d68a35037170ec1d2d27e)
Start importing Assets/Asset/Cartoon Temple Building Kit/Fbx/Ground Path/Ground Path Flat/Ground Path One Flat.fbx using Guid(601aceaec8e6dbe40b761dc4f395498f) Importer(2089858483,d624ce77472d68a35037170ec1d2d27e) (ScriptedImporter) -> (artifact id: '08a4077dfeb076513e39c9151721dedf') in 0.013423 seconds
Number of updated asset objects reloaded before import = 0Number of asset objects unloaded after import = 8

========================================================================
Received Import Request.
  Time since last request: 0.000017 seconds.
  path: Assets/Asset/Cartoon Temple Building Kit/Fbx/Decorative/Vegetation/Plant 5.fbx
  artifactKey: Guid(1736b484086bdb240b41d453cc33eae6) Importer(2089858483,d624ce77472d68a35037170ec1d2d27e)
Start importing Assets/Asset/Cartoon Temple Building Kit/Fbx/Decorative/Vegetation/Plant 5.fbx using Guid(1736b484086bdb240b41d453cc33eae6) Importer(2089858483,d624ce77472d68a35037170ec1d2d27e) (ScriptedImporter) -> (artifact id: '640d6bcfd21a6b3adac8aa96c3fa45da') in 0.0126074 seconds
Number of updated asset objects reloaded before import = 0Number of asset objects unloaded after import = 8

========================================================================
Received Import Request.
  Time since last request: 0.000012 seconds.
  path: Assets/Asset/Cartoon Temple Building Kit/Prefabs/Ground + Prefabs/Ground + Dark Prefabs/Ground + Dark 1x8.prefab
  artifactKey: Guid(f5ebbe4869c6d62449223e3586df551f) Importer(2089858483,d624ce77472d68a35037170ec1d2d27e)
Start importing Assets/Asset/Cartoon Temple Building Kit/Prefabs/Ground + Prefabs/Ground + Dark Prefabs/Ground + Dark 1x8.prefab using Guid(f5ebbe4869c6d62449223e3586df551f) Importer(2089858483,d624ce77472d68a35037170ec1d2d27e) (ScriptedImporter) -> (artifact id: '4be60491ebd9603f0d31a86b82ed7a94') in 0.0082097 seconds
Number of updated asset objects reloaded before import = 0Number of asset objects unloaded after import = 8

========================================================================
Received Import Request.
  Time since last request: 0.000012 seconds.
  path: Assets/Asset/Cartoon Temple Building Kit/Prefabs/Ground + Prefabs/Ground + Mix Prefabs/Ground + Mix 4x8.prefab
  artifactKey: Guid(3994436e68bbea8479c5d1ff258faee4) Importer(2089858483,d624ce77472d68a35037170ec1d2d27e)
Start importing Assets/Asset/Cartoon Temple Building Kit/Prefabs/Ground + Prefabs/Ground + Mix Prefabs/Ground + Mix 4x8.prefab using Guid(3994436e68bbea8479c5d1ff258faee4) Importer(2089858483,d624ce77472d68a35037170ec1d2d27e) (ScriptedImporter) -> (artifact id: '64119621720007532ac44f8dbcb77543') in 0.0099976 seconds
Number of updated asset objects reloaded before import = 0Number of asset objects unloaded after import = 8

========================================================================
Received Import Request.
  Time since last request: 0.000013 seconds.
  path: Assets/Asset/Simple UI/Simple Vector Icons/128px/UI_Icon_FullscreenEnter.png
  artifactKey: Guid(7eae0dc6ee63240e392973dd6d02b8d3) Importer(2089858483,d624ce77472d68a35037170ec1d2d27e)
Start importing Assets/Asset/Simple UI/Simple Vector Icons/128px/UI_Icon_FullscreenEnter.png using Guid(7eae0dc6ee63240e392973dd6d02b8d3) Importer(2089858483,d624ce77472d68a35037170ec1d2d27e) (ScriptedImporter) -> (artifact id: '6dc0a1cedb8938c4df258dbde0621837') in 0.012974 seconds
Number of updated asset objects reloaded before import = 0Number of asset objects unloaded after import = 3

========================================================================
Received Import Request.
  Time since last request: 0.000012 seconds.
  path: Assets/Asset/Cartoon Temple Building Kit/Fbx/Ground X/Ground X Dark/Ground X Dark 8x8.fbx
  artifactKey: Guid(0e18a2424dc48c242b20abfeb7afd4b0) Importer(2089858483,d624ce77472d68a35037170ec1d2d27e)
Start importing Assets/Asset/Cartoon Temple Building Kit/Fbx/Ground X/Ground X Dark/Ground X Dark 8x8.fbx using Guid(0e18a2424dc48c242b20abfeb7afd4b0) Importer(2089858483,d624ce77472d68a35037170ec1d2d27e) (ScriptedImporter) -> (artifact id: '8008e1af1790930705b64f854ea254d6') in 0.013838 seconds
Number of updated asset objects reloaded before import = 0Number of asset objects unloaded after import = 8

========================================================================
Received Import Request.
  Time since last request: 0.000015 seconds.
  path: Assets/Asset/Cartoon Temple Building Kit/Prefabs/Ground X Prefabs/Ground X Mix Prefabs/Ground X Mix 8x8.prefab
  artifactKey: Guid(f1b87f112b4c8c445b7af49cf5c454dd) Importer(2089858483,d624ce77472d68a35037170ec1d2d27e)
Start importing Assets/Asset/Cartoon Temple Building Kit/Prefabs/Ground X Prefabs/Ground X Mix Prefabs/Ground X Mix 8x8.prefab using Guid(f1b87f112b4c8c445b7af49cf5c454dd) Importer(2089858483,d624ce77472d68a35037170ec1d2d27e) (ScriptedImporter) -> (artifact id: 'f83489200e2cc6ea932861b8cbece735') in 0.0083384 seconds
Number of updated asset objects reloaded before import = 0Number of asset objects unloaded after import = 8

========================================================================
Received Import Request.
  Time since last request: 0.000014 seconds.
  path: Assets/Asset/Cartoon Temple Building Kit/Fbx/Decorative/FloorBlocks Corners Walls/Block Ruin Wall 4.fbx
  artifactKey: Guid(67fd050c388c6d94d9fa0c55d9133572) Importer(2089858483,d624ce77472d68a35037170ec1d2d27e)
Start importing Assets/Asset/Cartoon Temple Building Kit/Fbx/Decorative/FloorBlocks Corners Walls/Block Ruin Wall 4.fbx using Guid(67fd050c388c6d94d9fa0c55d9133572) Importer(2089858483,d624ce77472d68a35037170ec1d2d27e) (ScriptedImporter) -> (artifact id: '9ff955d8ca0d1d329260c13972c8a559') in 0.0129199 seconds
Number of updated asset objects reloaded before import = 0Number of asset objects unloaded after import = 8

========================================================================
Received Import Request.
  Time since last request: 0.000018 seconds.
  path: Assets/Asset/Cartoon Temple Building Kit/Fbx/Platforms Stairs Fences/Platforms With Fence/Platform Fernce 1x5x13.fbx
  artifactKey: Guid(f1ce9397852c6c742bc5716cb0eb34be) Importer(2089858483,d624ce77472d68a35037170ec1d2d27e)
Start importing Assets/Asset/Cartoon Temple Building Kit/Fbx/Platforms Stairs Fences/Platforms With Fence/Platform Fernce 1x5x13.fbx using Guid(f1ce9397852c6c742bc5716cb0eb34be) Importer(2089858483,d624ce77472d68a35037170ec1d2d27e) (ScriptedImporter) -> (artifact id: 'c02bc94b5c6486e25576e3115659483a') in 0.0162243 seconds
Number of updated asset objects reloaded before import = 0Number of asset objects unloaded after import = 8

========================================================================
Received Import Request.
  Time since last request: 0.000019 seconds.
  path: Assets/Asset/Cartoon Temple Building Kit/Fbx/Platforms Stairs Fences/Fences/Fence 1 Bright.fbx
  artifactKey: Guid(a67e606ec2469294db81c9a852d7f818) Importer(2089858483,d624ce77472d68a35037170ec1d2d27e)
Start importing Assets/Asset/Cartoon Temple Building Kit/Fbx/Platforms Stairs Fences/Fences/Fence 1 Bright.fbx using Guid(a67e606ec2469294db81c9a852d7f818) Importer(2089858483,d624ce77472d68a35037170ec1d2d27e) (ScriptedImporter) -> (artifact id: '85ce6b9dc6a16a314bf737ffde3a1234') in 0.0131494 seconds
Number of updated asset objects reloaded before import = 0Number of asset objects unloaded after import = 8

========================================================================
Received Import Request.
  Time since last request: 0.000012 seconds.
  path: Assets/Asset/Cartoon Temple Building Kit/Fbx/Ground +/Ground + Bright Flat/Ground + Flat Bright 2x4.fbx
  artifactKey: Guid(e3a7d747d1f50a143992e3c5034e01c7) Importer(2089858483,d624ce77472d68a35037170ec1d2d27e)
Start importing Assets/Asset/Cartoon Temple Building Kit/Fbx/Ground +/Ground + Bright Flat/Ground + Flat Bright 2x4.fbx using Guid(e3a7d747d1f50a143992e3c5034e01c7) Importer(2089858483,d624ce77472d68a35037170ec1d2d27e) (ScriptedImporter) -> (artifact id: 'a318476208c7b1d94505dce7f55578bb') in 0.0129815 seconds
Number of updated asset objects reloaded before import = 0Number of asset objects unloaded after import = 8

========================================================================
Received Import Request.
  Time since last request: 0.000015 seconds.
  path: Assets/Asset/Cartoon Temple Building Kit/Fbx/Ground +/Ground + Bright Flat/Materials/Cartoon Temple Builder Kit.mat
  artifactKey: Guid(bb01da76aa42a5140b7d44b638a026f1) Importer(2089858483,d624ce77472d68a35037170ec1d2d27e)
Start importing Assets/Asset/Cartoon Temple Building Kit/Fbx/Ground +/Ground + Bright Flat/Materials/Cartoon Temple Builder Kit.mat using Guid(bb01da76aa42a5140b7d44b638a026f1) Importer(2089858483,d624ce77472d68a35037170ec1d2d27e) (ScriptedImporter) -> (artifact id: '3f9f826409b501223eeaf3deb332adec') in 0.0072845 seconds
Number of updated asset objects reloaded before import = 0Number of asset objects unloaded after import = 2

========================================================================
Received Import Request.
  Time since last request: 0.000012 seconds.
  path: Assets/Asset/Simple UI/Simple Vector Icons/128px/UI_Icon_Coin.png
  artifactKey: Guid(f1431f3676b9544289e0b4c024d4d809) Importer(2089858483,d624ce77472d68a35037170ec1d2d27e)
Start importing Assets/Asset/Simple UI/Simple Vector Icons/128px/UI_Icon_Coin.png using Guid(f1431f3676b9544289e0b4c024d4d809) Importer(2089858483,d624ce77472d68a35037170ec1d2d27e) (ScriptedImporter) -> (artifact id: '9ffd095d0c50f52e9bef09b91a562d83') in 0.0116383 seconds
Number of updated asset objects reloaded before import = 0Number of asset objects unloaded after import = 3

========================================================================
Received Import Request.
  Time since last request: 0.000013 seconds.
  path: Assets/Asset/Cartoon Temple Building Kit/Prefabs/Ground + Prefabs/Ground + Bright Flat Prefabs/Ground + Flat Bright 1x2.prefab
  artifactKey: Guid(cbbd35eacdc54864290bce69b57851c9) Importer(2089858483,d624ce77472d68a35037170ec1d2d27e)
Start importing Assets/Asset/Cartoon Temple Building Kit/Prefabs/Ground + Prefabs/Ground + Bright Flat Prefabs/Ground + Flat Bright 1x2.prefab using Guid(cbbd35eacdc54864290bce69b57851c9) Importer(2089858483,d624ce77472d68a35037170ec1d2d27e) (ScriptedImporter) -> (artifact id: '5d4e157a214ce126215c8ffeb39f3c3b') in 0.0091796 seconds
Number of updated asset objects reloaded before import = 0Number of asset objects unloaded after import = 8

========================================================================
Received Import Request.
  Time since last request: 0.000013 seconds.
  path: Assets/Asset/Cartoon Temple Building Kit/Fbx/Ground X/Ground X Dark/Ground X Dark 4x1.fbx
  artifactKey: Guid(14f86f275d4202040bf6405a045de1d5) Importer(2089858483,d624ce77472d68a35037170ec1d2d27e)
Start importing Assets/Asset/Cartoon Temple Building Kit/Fbx/Ground X/Ground X Dark/Ground X Dark 4x1.fbx using Guid(14f86f275d4202040bf6405a045de1d5) Importer(2089858483,d624ce77472d68a35037170ec1d2d27e) (ScriptedImporter) -> (artifact id: 'dbc162e27dc5a972c77249538952424f') in 0.0131076 seconds
Number of updated asset objects reloaded before import = 0Number of asset objects unloaded after import = 8

========================================================================
Received Import Request.
  Time since last request: 0.000013 seconds.
  path: Assets/Asset/Cartoon Temple Building Kit/Fbx/Ground +/Ground + Dark/Ground + Dark 8x8.fbx
  artifactKey: Guid(f120f1ec5fff0ec409f5f10c63598db9) Importer(2089858483,d624ce77472d68a35037170ec1d2d27e)
Start importing Assets/Asset/Cartoon Temple Building Kit/Fbx/Ground +/Ground + Dark/Ground + Dark 8x8.fbx using Guid(f120f1ec5fff0ec409f5f10c63598db9) Importer(2089858483,d624ce77472d68a35037170ec1d2d27e) (ScriptedImporter) -> (artifact id: '0003fd025e9bf8933826fbfc55892832') in 0.0160235 seconds
Number of updated asset objects reloaded before import = 0Number of asset objects unloaded after import = 8

========================================================================
Received Import Request.
  Time since last request: 0.000016 seconds.
  path: Assets/Asset/Simple UI/Simple Vector Icons/128px/UI_Icon_Percentage.png
  artifactKey: Guid(07d48dbff6c1644e99c6a63cac68118f) Importer(2089858483,d624ce77472d68a35037170ec1d2d27e)
Start importing Assets/Asset/Simple UI/Simple Vector Icons/128px/UI_Icon_Percentage.png using Guid(07d48dbff6c1644e99c6a63cac68118f) Importer(2089858483,d624ce77472d68a35037170ec1d2d27e) (ScriptedImporter) -> (artifact id: '19e990bac965e50985183d71a5becf2d') in 0.0172165 seconds
Number of updated asset objects reloaded before import = 0Number of asset objects unloaded after import = 3

========================================================================
Received Import Request.
  Time since last request: 0.000014 seconds.
  path: Assets/Asset/Cartoon Temple Building Kit/Fbx/Ground X/Ground X Dark Flat/Materials/Cartoon Temple Builder Kit.mat
  artifactKey: Guid(75ae6ed6cc726804da37a6d871bef4af) Importer(2089858483,d624ce77472d68a35037170ec1d2d27e)
Start importing Assets/Asset/Cartoon Temple Building Kit/Fbx/Ground X/Ground X Dark Flat/Materials/Cartoon Temple Builder Kit.mat using Guid(75ae6ed6cc726804da37a6d871bef4af) Importer(2089858483,d624ce77472d68a35037170ec1d2d27e) (ScriptedImporter) -> (artifact id: 'c865ba163c4c6f4a30855abfa6aee1d3') in 0.0065018 seconds
Number of updated asset objects reloaded before import = 0Number of asset objects unloaded after import = 2

========================================================================
Received Import Request.
  Time since last request: 0.000012 seconds.
  path: Assets/Asset/Cartoon Temple Building Kit/Prefabs/Ground X Prefabs/Ground X Mix Flat Prefabs/Ground X Mix Flat 4x1.prefab
  artifactKey: Guid(c1722b426ab5c7846bf5e68b2088fdb1) Importer(2089858483,d624ce77472d68a35037170ec1d2d27e)
Start importing Assets/Asset/Cartoon Temple Building Kit/Prefabs/Ground X Prefabs/Ground X Mix Flat Prefabs/Ground X Mix Flat 4x1.prefab using Guid(c1722b426ab5c7846bf5e68b2088fdb1) Importer(2089858483,d624ce77472d68a35037170ec1d2d27e) (ScriptedImporter) -> (artifact id: '1522e59fd8120d146bc85e99edb74edf') in 0.0096692 seconds
Number of updated asset objects reloaded before import = 0Number of asset objects unloaded after import = 8

========================================================================
Received Import Request.
  Time since last request: 0.000014 seconds.
  path: Assets/Asset/Cartoon Temple Building Kit/Fbx/Ground X/Ground X Mix/Ground X Mix 4x8.fbx
  artifactKey: Guid(65a1bee4bca36a344b83e21733da2a87) Importer(2089858483,d624ce77472d68a35037170ec1d2d27e)
Start importing Assets/Asset/Cartoon Temple Building Kit/Fbx/Ground X/Ground X Mix/Ground X Mix 4x8.fbx using Guid(65a1bee4bca36a344b83e21733da2a87) Importer(2089858483,d624ce77472d68a35037170ec1d2d27e) (ScriptedImporter) -> (artifact id: 'e2095e6ed4a2ef016d341e09647a5b49') in 0.0136417 seconds
Number of updated asset objects reloaded before import = 0Number of asset objects unloaded after import = 8

========================================================================
Received Import Request.
  Time since last request: 0.000012 seconds.
  path: Assets/Asset/Standard Assets/CrossPlatformInput/Scripts/AxisTouchButton.cs
  artifactKey: Guid(9ab98b66288df7b4fa182075f2f12bd6) Importer(2089858483,d624ce77472d68a35037170ec1d2d27e)
Start importing Assets/Asset/Standard Assets/CrossPlatformInput/Scripts/AxisTouchButton.cs using Guid(9ab98b66288df7b4fa182075f2f12bd6) Importer(2089858483,d624ce77472d68a35037170ec1d2d27e) (ScriptedImporter) -> (artifact id: 'edbe90bdcc55421bec483595f8989afc') in 0.0031693 seconds
Number of updated asset objects reloaded before import = 0Number of asset objects unloaded after import = 0

========================================================================
Received Import Request.
  Time since last request: 0.000081 seconds.
  path: Assets/Asset/Simple UI/Simple Vector Icons/128px/UI_Icon_CardHearts.png
  artifactKey: Guid(389f478ce02f240c38e504dafb3709c0) Importer(2089858483,d624ce77472d68a35037170ec1d2d27e)
Start importing Assets/Asset/Simple UI/Simple Vector Icons/128px/UI_Icon_CardHearts.png using Guid(389f478ce02f240c38e504dafb3709c0) Importer(2089858483,d624ce77472d68a35037170ec1d2d27e) (ScriptedImporter) -> (artifact id: 'b8e43e18a650d115d10ad958416f23c2') in 0.0128946 seconds
Number of updated asset objects reloaded before import = 0Number of asset objects unloaded after import = 3

========================================================================
Received Import Request.
  Time since last request: 0.000012 seconds.
  path: Assets/Asset/Simple UI/Simple Vector Icons/128px/UI_Icon_Return.png
  artifactKey: Guid(3601987d52be64dc0ba65e66b4bf67b9) Importer(2089858483,d624ce77472d68a35037170ec1d2d27e)
Start importing Assets/Asset/Simple UI/Simple Vector Icons/128px/UI_Icon_Return.png using Guid(3601987d52be64dc0ba65e66b4bf67b9) Importer(2089858483,d624ce77472d68a35037170ec1d2d27e) (ScriptedImporter) -> (artifact id: 'ecbfb6b04440c5f9c1bba5eebf9a00e0') in 0.0110178 seconds
Number of updated asset objects reloaded before import = 0Number of asset objects unloaded after import = 3

========================================================================
Received Import Request.
  Time since last request: 0.000012 seconds.
  path: Assets/Asset/Cartoon Temple Building Kit/Fbx/Walls/Materials/Cartoon Temple Builder Kit.mat
  artifactKey: Guid(04c4a2a7fe5d1bf42beed5e90ec81399) Importer(2089858483,d624ce77472d68a35037170ec1d2d27e)
Start importing Assets/Asset/Cartoon Temple Building Kit/Fbx/Walls/Materials/Cartoon Temple Builder Kit.mat using Guid(04c4a2a7fe5d1bf42beed5e90ec81399) Importer(2089858483,d624ce77472d68a35037170ec1d2d27e) (ScriptedImporter) -> (artifact id: '332fd0786a5f44cb6efdd488f8102c2b') in 0.0065975 seconds
Number of updated asset objects reloaded before import = 0Number of asset objects unloaded after import = 2

========================================================================
Received Import Request.
  Time since last request: 0.000012 seconds.
  path: Assets/Asset/Cartoon Temple Building Kit/Prefabs/Platforms Stairs Fences Prefabs/Platforms Prefabs/Platform 2x13x13.prefab
  artifactKey: Guid(bd04479849297774a9ec57ca1fa19819) Importer(2089858483,d624ce77472d68a35037170ec1d2d27e)
Start importing Assets/Asset/Cartoon Temple Building Kit/Prefabs/Platforms Stairs Fences Prefabs/Platforms Prefabs/Platform 2x13x13.prefab using Guid(bd04479849297774a9ec57ca1fa19819) Importer(2089858483,d624ce77472d68a35037170ec1d2d27e) (ScriptedImporter) -> (artifact id: '4cd6534befaf69b0c033400abb02340f') in 0.0074159 seconds
Number of updated asset objects reloaded before import = 0Number of asset objects unloaded after import = 8

========================================================================
Received Import Request.
  Time since last request: 0.000013 seconds.
  path: Assets/Asset/Cartoon Temple Building Kit/Prefabs/Ground + Prefabs/Ground + Dark Prefabs/Ground + Dark 1x2.prefab
  artifactKey: Guid(2a6f5b18a3db02f46b91979b145626f6) Importer(2089858483,d624ce77472d68a35037170ec1d2d27e)
Start importing Assets/Asset/Cartoon Temple Building Kit/Prefabs/Ground + Prefabs/Ground + Dark Prefabs/Ground + Dark 1x2.prefab using Guid(2a6f5b18a3db02f46b91979b145626f6) Importer(2089858483,d624ce77472d68a35037170ec1d2d27e) (ScriptedImporter) -> (artifact id: '400dff1f3bb1e4cf806d11721464041b') in 0.0117385 seconds
Number of updated asset objects reloaded before import = 0Number of asset objects unloaded after import = 8

========================================================================
Received Import Request.
  Time since last request: 0.000012 seconds.
  path: Assets/Asset/Cartoon Temple Building Kit/Prefabs/Platforms Stairs Fences Prefabs/Platforms With Fence Prefabs/Platform Fence 1x7x13.prefab
  artifactKey: Guid(95e776f02c863b34da231dd2254adb59) Importer(2089858483,d624ce77472d68a35037170ec1d2d27e)
Start importing Assets/Asset/Cartoon Temple Building Kit/Prefabs/Platforms Stairs Fences Prefabs/Platforms With Fence Prefabs/Platform Fence 1x7x13.prefab using Guid(95e776f02c863b34da231dd2254adb59) Importer(2089858483,d624ce77472d68a35037170ec1d2d27e) (ScriptedImporter) -> (artifact id: '992f73706b68d3e080f0ab7089143929') in 0.0091591 seconds
Number of updated asset objects reloaded before import = 0Number of asset objects unloaded after import = 8

========================================================================
Received Import Request.
  Time since last request: 0.000017 seconds.
  path: Assets/Asset/Cartoon Temple Building Kit/Prefabs/Platforms Stairs Fences Prefabs/Platforms With Fence Prefabs/Platform Fence 2x7x13.prefab
  artifactKey: Guid(ff435d2d9dbefdb43a122b683a3a3ae6) Importer(2089858483,d624ce77472d68a35037170ec1d2d27e)
Start importing Assets/Asset/Cartoon Temple Building Kit/Prefabs/Platforms Stairs Fences Prefabs/Platforms With Fence Prefabs/Platform Fence 2x7x13.prefab using Guid(ff435d2d9dbefdb43a122b683a3a3ae6) Importer(2089858483,d624ce77472d68a35037170ec1d2d27e) (ScriptedImporter) -> (artifact id: '88e8d8c944e39fd22520a6c0bea2cf93') in 0.0120746 seconds
Number of updated asset objects reloaded before import = 0Number of asset objects unloaded after import = 8

========================================================================
Received Import Request.
  Time since last request: 0.000019 seconds.
  path: Assets/Asset/Simple UI/Simple Vector Icons/128px/UI_Icon_Loop.png
  artifactKey: Guid(b6b1f04bce11e4cdb8edc1cf70708bf9) Importer(2089858483,d624ce77472d68a35037170ec1d2d27e)
Start importing Assets/Asset/Simple UI/Simple Vector Icons/128px/UI_Icon_Loop.png using Guid(b6b1f04bce11e4cdb8edc1cf70708bf9) Importer(2089858483,d624ce77472d68a35037170ec1d2d27e) (ScriptedImporter) -> (artifact id: '0111bbfebab0b4b2706f836432f1ffe2') in 0.0122051 seconds
Number of updated asset objects reloaded before import = 0Number of asset objects unloaded after import = 3

========================================================================
Received Import Request.
  Time since last request: 0.000023 seconds.
  path: Assets/Asset/Simple UI/Simple Vector Icons/128px/UI_Icon_Stats.png
  artifactKey: Guid(20961f65edf6f4660b808c3997a121b3) Importer(2089858483,d624ce77472d68a35037170ec1d2d27e)
Start importing Assets/Asset/Simple UI/Simple Vector Icons/128px/UI_Icon_Stats.png using Guid(20961f65edf6f4660b808c3997a121b3) Importer(2089858483,d624ce77472d68a35037170ec1d2d27e) (ScriptedImporter) -> (artifact id: '628e46fb667b96b62d26a0af823d3404') in 0.0128629 seconds
Number of updated asset objects reloaded before import = 0Number of asset objects unloaded after import = 3

========================================================================
Received Import Request.
  Time since last request: 0.000013 seconds.
  path: Assets/Asset/Cartoon Temple Building Kit/Fbx/Ground X/Ground X Mix Flat/Ground X Mix Flat 1x2.fbx
  artifactKey: Guid(f9349fbf8e72abc40927e724fd40d5a3) Importer(2089858483,d624ce77472d68a35037170ec1d2d27e)
Start importing Assets/Asset/Cartoon Temple Building Kit/Fbx/Ground X/Ground X Mix Flat/Ground X Mix Flat 1x2.fbx using Guid(f9349fbf8e72abc40927e724fd40d5a3) Importer(2089858483,d624ce77472d68a35037170ec1d2d27e) (ScriptedImporter) -> (artifact id: 'f87bb4d100f688590e7784678d6b523b') in 0.0170854 seconds
Number of updated asset objects reloaded before import = 0Number of asset objects unloaded after import = 8

========================================================================
Received Import Request.
  Time since last request: 0.000013 seconds.
  path: Assets/Asset/Cartoon Temple Building Kit/Prefabs/Platforms Stairs Fences Prefabs/Platforms With Fence Prefabs/Platform Fernce 2x5x13.prefab
  artifactKey: Guid(38c3020d774244147aa01a6e49b285c3) Importer(2089858483,d624ce77472d68a35037170ec1d2d27e)
Start importing Assets/Asset/Cartoon Temple Building Kit/Prefabs/Platforms Stairs Fences Prefabs/Platforms With Fence Prefabs/Platform Fernce 2x5x13.prefab using Guid(38c3020d774244147aa01a6e49b285c3) Importer(2089858483,d624ce77472d68a35037170ec1d2d27e) (ScriptedImporter) -> (artifact id: '5cc27eed10aba23e3853b77dc9fce5f1') in 0.0098015 seconds
Number of updated asset objects reloaded before import = 0Number of asset objects unloaded after import = 8

========================================================================
Received Import Request.
  Time since last request: 0.000012 seconds.
  path: Assets/Asset/Pipes/Pipes/Mesh/obj/pipe-bending-3.obj
  artifactKey: Guid(e406c2b9889982c4db9bff2d360d73ca) Importer(2089858483,d624ce77472d68a35037170ec1d2d27e)
Start importing Assets/Asset/Pipes/Pipes/Mesh/obj/pipe-bending-3.obj using Guid(e406c2b9889982c4db9bff2d360d73ca) Importer(2089858483,d624ce77472d68a35037170ec1d2d27e) (ScriptedImporter) -> (artifact id: '23e1d80cd9f55e087e33470ef97e1ebe') in 0.0099404 seconds
Number of updated asset objects reloaded before import = 0Number of asset objects unloaded after import = 9

========================================================================
Received Import Request.
  Time since last request: 0.000012 seconds.
  path: Assets/Asset/Cartoon Temple Building Kit/Prefabs/Platforms Stairs Fences Prefabs/Stairs Prefabs/Stairs 8.prefab
  artifactKey: Guid(c1048247a2d2f5a4a89307ac4af8175c) Importer(2089858483,d624ce77472d68a35037170ec1d2d27e)
Start importing Assets/Asset/Cartoon Temple Building Kit/Prefabs/Platforms Stairs Fences Prefabs/Stairs Prefabs/Stairs 8.prefab using Guid(c1048247a2d2f5a4a89307ac4af8175c) Importer(2089858483,d624ce77472d68a35037170ec1d2d27e) (ScriptedImporter) -> (artifact id: 'a8e45d093583c3b74d53ec30670262d4') in 0.0095166 seconds
Number of updated asset objects reloaded before import = 0Number of asset objects unloaded after import = 8

========================================================================
Received Import Request.
  Time since last request: 0.000015 seconds.
  path: Assets/Asset/Cartoon Temple Building Kit/Fbx/Ground Path/Ground Path Flat/Ground Path Crossing Flat.fbx
  artifactKey: Guid(c66da990c700a15468e0e0b39e8a2f77) Importer(2089858483,d624ce77472d68a35037170ec1d2d27e)
Start importing Assets/Asset/Cartoon Temple Building Kit/Fbx/Ground Path/Ground Path Flat/Ground Path Crossing Flat.fbx using Guid(c66da990c700a15468e0e0b39e8a2f77) Importer(2089858483,d624ce77472d68a35037170ec1d2d27e) (ScriptedImporter) -> (artifact id: '0c24bdf22b38b33074fa2fd77627d3c1') in 0.0199323 seconds
Number of updated asset objects reloaded before import = 0Number of asset objects unloaded after import = 8

========================================================================
Received Import Request.
  Time since last request: 0.000013 seconds.
  path: Assets/Asset/Cartoon Temple Building Kit/Prefabs/Ground + Prefabs/Ground + Mix Flat Prefabs/Ground + Mix 2x4 Flat.prefab
  artifactKey: Guid(609156cc9fcae204391ffba56759a5c6) Importer(2089858483,d624ce77472d68a35037170ec1d2d27e)
Start importing Assets/Asset/Cartoon Temple Building Kit/Prefabs/Ground + Prefabs/Ground + Mix Flat Prefabs/Ground + Mix 2x4 Flat.prefab using Guid(609156cc9fcae204391ffba56759a5c6) Importer(2089858483,d624ce77472d68a35037170ec1d2d27e) (ScriptedImporter) -> (artifact id: 'aff6b3d19d87dc35ca18fd3e312d8774') in 0.0091849 seconds
Number of updated asset objects reloaded before import = 0Number of asset objects unloaded after import = 8

========================================================================
Received Import Request.
  Time since last request: 0.000020 seconds.
  path: Assets/Asset/Cartoon Temple Building Kit/Prefabs/Platforms Stairs Fences Prefabs/Stairs Prefabs/Stairs 4.prefab
  artifactKey: Guid(d8a56293025dba544b9d8a559972c987) Importer(2089858483,d624ce77472d68a35037170ec1d2d27e)
Start importing Assets/Asset/Cartoon Temple Building Kit/Prefabs/Platforms Stairs Fences Prefabs/Stairs Prefabs/Stairs 4.prefab using Guid(d8a56293025dba544b9d8a559972c987) Importer(2089858483,d624ce77472d68a35037170ec1d2d27e) (ScriptedImporter) -> (artifact id: 'd5a2479efd08438651d4aa1b4d8ec752') in 0.0081648 seconds
Number of updated asset objects reloaded before import = 0Number of asset objects unloaded after import = 8

========================================================================
Received Import Request.
  Time since last request: 0.000014 seconds.
  path: Assets/Asset/Cartoon Temple Building Kit/Prefabs/Ground + Prefabs/Ground + Bright Flat Prefabs/Ground + Flat Bright 2x2.prefab
  artifactKey: Guid(ba8fe2f27aad3264dbe52aa953530e7f) Importer(2089858483,d624ce77472d68a35037170ec1d2d27e)
Start importing Assets/Asset/Cartoon Temple Building Kit/Prefabs/Ground + Prefabs/Ground + Bright Flat Prefabs/Ground + Flat Bright 2x2.prefab using Guid(ba8fe2f27aad3264dbe52aa953530e7f) Importer(2089858483,d624ce77472d68a35037170ec1d2d27e) (ScriptedImporter) -> (artifact id: '49adebaa5cc615b72e889b686e79cc07') in 0.012575 seconds
Number of updated asset objects reloaded before import = 0Number of asset objects unloaded after import = 8

========================================================================
Received Import Request.
  Time since last request: 0.000013 seconds.
  path: Assets/Asset/Simple UI/Simple Vector Icons/128px/UI_Icon_InvChest.png
  artifactKey: Guid(0ddb6a63b571e45aaa2a79a02320b48a) Importer(2089858483,d624ce77472d68a35037170ec1d2d27e)
Start importing Assets/Asset/Simple UI/Simple Vector Icons/128px/UI_Icon_InvChest.png using Guid(0ddb6a63b571e45aaa2a79a02320b48a) Importer(2089858483,d624ce77472d68a35037170ec1d2d27e) (ScriptedImporter) -> (artifact id: 'fc3eaeed9be78e622d87ab203d2f8f84') in 0.0138043 seconds
Number of updated asset objects reloaded before import = 0Number of asset objects unloaded after import = 3

========================================================================
Received Import Request.
  Time since last request: 0.000013 seconds.
  path: Assets/Asset/Cartoon Temple Building Kit/Prefabs/Ground X Prefabs/Ground X Bright Prefabs/Ground X Bright 4x1.prefab
  artifactKey: Guid(575f3f45c16f65846a956ac188654c97) Importer(2089858483,d624ce77472d68a35037170ec1d2d27e)
Start importing Assets/Asset/Cartoon Temple Building Kit/Prefabs/Ground X Prefabs/Ground X Bright Prefabs/Ground X Bright 4x1.prefab using Guid(575f3f45c16f65846a956ac188654c97) Importer(2089858483,d624ce77472d68a35037170ec1d2d27e) (ScriptedImporter) -> (artifact id: '265c8011db87f2cbbcee1f10473fa918') in 0.0077298 seconds
Number of updated asset objects reloaded before import = 0Number of asset objects unloaded after import = 8

========================================================================
Received Import Request.
  Time since last request: 0.000012 seconds.
  path: Assets/Asset/Cartoon Temple Building Kit/Prefabs/Ground X Prefabs/Ground X Bright Flat Prefabs/Ground X Bright Flat 2x2.prefab
  artifactKey: Guid(d68236947f4f99847824a2dfe7bc9286) Importer(2089858483,d624ce77472d68a35037170ec1d2d27e)
Start importing Assets/Asset/Cartoon Temple Building Kit/Prefabs/Ground X Prefabs/Ground X Bright Flat Prefabs/Ground X Bright Flat 2x2.prefab using Guid(d68236947f4f99847824a2dfe7bc9286) Importer(2089858483,d624ce77472d68a35037170ec1d2d27e) (ScriptedImporter) -> (artifact id: 'a5dc076779a4dad7a8793cd7f2123730') in 0.0100013 seconds
Number of updated asset objects reloaded before import = 0Number of asset objects unloaded after import = 8

========================================================================
Received Import Request.
  Time since last request: 0.000014 seconds.
  path: Assets/Asset/Cartoon Temple Building Kit/Fbx/Ground +/Ground + Bright/Ground + Bright 4x8.fbx
  artifactKey: Guid(3427c09bebc10cd46a4bdf168819ff67) Importer(2089858483,d624ce77472d68a35037170ec1d2d27e)
Start importing Assets/Asset/Cartoon Temple Building Kit/Fbx/Ground +/Ground + Bright/Ground + Bright 4x8.fbx using Guid(3427c09bebc10cd46a4bdf168819ff67) Importer(2089858483,d624ce77472d68a35037170ec1d2d27e) (ScriptedImporter) -> (artifact id: '7260a5bb04c5d973f1bb03b3ede24f5b') in 0.0160241 seconds
Number of updated asset objects reloaded before import = 0Number of asset objects unloaded after import = 8

========================================================================
Received Import Request.
  Time since last request: 0.000012 seconds.
  path: Assets/Asset/Standard Assets/CrossPlatformInput/Sprites/SliderHandleSprite.png
  artifactKey: Guid(0626b924325d1c34cafa6b22297f4e4f) Importer(2089858483,d624ce77472d68a35037170ec1d2d27e)
Start importing Assets/Asset/Standard Assets/CrossPlatformInput/Sprites/SliderHandleSprite.png using Guid(0626b924325d1c34cafa6b22297f4e4f) Importer(2089858483,d624ce77472d68a35037170ec1d2d27e) (ScriptedImporter) -> (artifact id: '859b1e77272fa9023c53f8a4c5a82c8e') in 0.0148878 seconds
Number of updated asset objects reloaded before import = 0Number of asset objects unloaded after import = 3

========================================================================
Received Import Request.
  Time since last request: 0.000015 seconds.
  path: Assets/Asset/Standard Assets/CrossPlatformInput/Prefabs/DualTouchControls.prefab
  artifactKey: Guid(2169821f0567671499a5c10104c69c24) Importer(2089858483,d624ce77472d68a35037170ec1d2d27e)
Start importing Assets/Asset/Standard Assets/CrossPlatformInput/Prefabs/DualTouchControls.prefab using Guid(2169821f0567671499a5c10104c69c24) Importer(2089858483,d624ce77472d68a35037170ec1d2d27e) (ScriptedImporter) -> (artifact id: '66c68c457f4ec174962c7895cc3d8632') in 0.0134574 seconds
Number of updated asset objects reloaded before import = 0Number of asset objects unloaded after import = 37

========================================================================
Received Import Request.
  Time since last request: 0.000013 seconds.
  path: Assets/Asset/Simple UI/Simple Vector Icons/128px/UI_Icon_SmileyLaughing.png
  artifactKey: Guid(d1018210abbd3468cbde3a19aed12fba) Importer(2089858483,d624ce77472d68a35037170ec1d2d27e)
Start importing Assets/Asset/Simple UI/Simple Vector Icons/128px/UI_Icon_SmileyLaughing.png using Guid(d1018210abbd3468cbde3a19aed12fba) Importer(2089858483,d624ce77472d68a35037170ec1d2d27e) (ScriptedImporter) -> (artifact id: 'f136570a46461c01646ae4039b517f2a') in 0.01651 seconds
Number of updated asset objects reloaded before import = 0Number of asset objects unloaded after import = 3

========================================================================
Received Import Request.
  Time since last request: 0.000015 seconds.
  path: Assets/Asset/Cartoon Temple Building Kit/Prefabs/Ground X Prefabs/Ground X Mix Flat Prefabs/Ground X Mix Flat 2x4.prefab
  artifactKey: Guid(0acade8ffde138644b23430f10d87da1) Importer(2089858483,d624ce77472d68a35037170ec1d2d27e)
Start importing Assets/Asset/Cartoon Temple Building Kit/Prefabs/Ground X Prefabs/Ground X Mix Flat Prefabs/Ground X Mix Flat 2x4.prefab using Guid(0acade8ffde138644b23430f10d87da1) Importer(2089858483,d624ce77472d68a35037170ec1d2d27e) (ScriptedImporter) -> (artifact id: 'e1a7cd5e4016af5b80f68b0a515bacf5') in 0.0081926 seconds
Number of updated asset objects reloaded before import = 0Number of asset objects unloaded after import = 8

========================================================================
Received Import Request.
  Time since last request: 0.000020 seconds.
  path: Assets/Asset/Simple UI/Simple Vector Icons/128px/UI_Icon_MusicOn.png
  artifactKey: Guid(5adfb0b2988b84ec4ae62cd5d2d0b229) Importer(2089858483,d624ce77472d68a35037170ec1d2d27e)
Start importing Assets/Asset/Simple UI/Simple Vector Icons/128px/UI_Icon_MusicOn.png using Guid(5adfb0b2988b84ec4ae62cd5d2d0b229) Importer(2089858483,d624ce77472d68a35037170ec1d2d27e) (ScriptedImporter) -> (artifact id: 'bce3696557539b8141e727a3b5225f14') in 0.0131158 seconds
Number of updated asset objects reloaded before import = 0Number of asset objects unloaded after import = 3

========================================================================
Received Import Request.
  Time since last request: 0.000016 seconds.
  path: Assets/Asset/Cartoon Temple Building Kit/Fbx/Platforms Stairs Fences/Platforms/Platform 1x7x13.fbx
  artifactKey: Guid(54c00234fbc0d2a48aa5328c59d9082b) Importer(2089858483,d624ce77472d68a35037170ec1d2d27e)
Start importing Assets/Asset/Cartoon Temple Building Kit/Fbx/Platforms Stairs Fences/Platforms/Platform 1x7x13.fbx using Guid(54c00234fbc0d2a48aa5328c59d9082b) Importer(2089858483,d624ce77472d68a35037170ec1d2d27e) (ScriptedImporter) -> (artifact id: 'ec198fd582d2b172d953ae3bd3227a69') in 0.0161493 seconds
Number of updated asset objects reloaded before import = 0Number of asset objects unloaded after import = 8

========================================================================
Received Import Request.
  Time since last request: 0.000013 seconds.
  path: Assets/Asset/Cartoon Temple Building Kit/Prefabs/Ground X Prefabs/Ground X Bright Prefabs/Ground X Bright 1x4.prefab
  artifactKey: Guid(8d20ea6d18c43bd43a31eed989c5fb8d) Importer(2089858483,d624ce77472d68a35037170ec1d2d27e)
Start importing Assets/Asset/Cartoon Temple Building Kit/Prefabs/Ground X Prefabs/Ground X Bright Prefabs/Ground X Bright 1x4.prefab using Guid(8d20ea6d18c43bd43a31eed989c5fb8d) Importer(2089858483,d624ce77472d68a35037170ec1d2d27e) (ScriptedImporter) -> (artifact id: 'ba5a81e6d7293d0593bebf000af18473') in 0.0073491 seconds
Number of updated asset objects reloaded before import = 0Number of asset objects unloaded after import = 8

========================================================================
Received Import Request.
  Time since last request: 0.000012 seconds.
  path: Assets/Asset/Cartoon Temple Building Kit/Prefabs/Decorative Prefabs/Vegetation Prefabs/Plant 1.prefab
  artifactKey: Guid(b89a9d8ad1dfa7c40a07c9af2b891774) Importer(2089858483,d624ce77472d68a35037170ec1d2d27e)
Start importing Assets/Asset/Cartoon Temple Building Kit/Prefabs/Decorative Prefabs/Vegetation Prefabs/Plant 1.prefab using Guid(b89a9d8ad1dfa7c40a07c9af2b891774) Importer(2089858483,d624ce77472d68a35037170ec1d2d27e) (ScriptedImporter) -> (artifact id: '7854b51db8545cc09e569355157efb55') in 0.0086346 seconds
Number of updated asset objects reloaded before import = 0Number of asset objects unloaded after import = 8

========================================================================
Received Import Request.
  Time since last request: 0.000014 seconds.
  path: Assets/Asset/Cartoon Temple Building Kit/Prefabs/Ground + Prefabs/Ground + Dark Prefabs/Ground + Dark 2x8.prefab
  artifactKey: Guid(e1253902aac27e24f8249ba51f072ac8) Importer(2089858483,d624ce77472d68a35037170ec1d2d27e)
Start importing Assets/Asset/Cartoon Temple Building Kit/Prefabs/Ground + Prefabs/Ground + Dark Prefabs/Ground + Dark 2x8.prefab using Guid(e1253902aac27e24f8249ba51f072ac8) Importer(2089858483,d624ce77472d68a35037170ec1d2d27e) (ScriptedImporter) -> (artifact id: '6de58d954939d2dbfab4f0ea8b6e3780') in 0.0083327 seconds
Number of updated asset objects reloaded before import = 0Number of asset objects unloaded after import = 8

========================================================================
Received Import Request.
  Time since last request: 0.000015 seconds.
  path: Assets/Asset/Simple UI/Simple Vector Icons/128px/UI_Icon_SmileyDead.png
  artifactKey: Guid(41e1dab459c764518bb7df14a984baed) Importer(2089858483,d624ce77472d68a35037170ec1d2d27e)
Start importing Assets/Asset/Simple UI/Simple Vector Icons/128px/UI_Icon_SmileyDead.png using Guid(41e1dab459c764518bb7df14a984baed) Importer(2089858483,d624ce77472d68a35037170ec1d2d27e) (ScriptedImporter) -> (artifact id: '64e5a97b05057d4a8ed4455fb96d3a66') in 0.0147617 seconds
Number of updated asset objects reloaded before import = 0Number of asset objects unloaded after import = 3

========================================================================
Received Import Request.
  Time since last request: 0.000012 seconds.
  path: Assets/Asset/Simple UI/Simple Vector Icons/128px/UI_Icon_Menu.png
  artifactKey: Guid(4628c53c55aeb4fa69f30d6526815ea5) Importer(2089858483,d624ce77472d68a35037170ec1d2d27e)
Start importing Assets/Asset/Simple UI/Simple Vector Icons/128px/UI_Icon_Menu.png using Guid(4628c53c55aeb4fa69f30d6526815ea5) Importer(2089858483,d624ce77472d68a35037170ec1d2d27e) (ScriptedImporter) -> (artifact id: '9b47ac63bbda62fb516c1a41b32d6b7f') in 0.0122702 seconds
Number of updated asset objects reloaded before import = 0Number of asset objects unloaded after import = 3

========================================================================
Received Prepare
Begin MonoManager ReloadAssembly
[Licensing::Client] Successfully resolved entitlement details
[Licensing::Module] License group:
  Id: F4-G4K8-TRJR-MNCK-3D9U-XXXX
  Product: Unity Personal
  Type: ULF
  Expiration: Unlimited
[Licensing::Module] License group:
  Id: 5920867-UnityPersXXXX
  Product: Unity Personal
  Type: Assigned
  Expiration: Unlimited
- Loaded All Assemblies, in  0.658 seconds
Refreshing native plugins compatible for Editor in 2.24 ms, found 3 plugins.
Native extension for Android target not found
Native extension for WindowsStandalone target not found
[Package Manager] Failed to launch server process. Reason: Unity was launched with the -noUpm command-line argument
[Package Manager] Unable to send message (not connected to server process).
[Package Manager] Cannot connect to Unity Package Manager local server
ScheduleIndexationOnStartup MainProcess:False IndexOnStartup:True
Mono: successfully reloaded assembly
- Finished resetting the current domain, in  0.700 seconds
Domain Reload Profiling: 1355ms
	BeginReloadAssembly (201ms)
		ExecutionOrderSort (0ms)
		DisableScriptedObjects (5ms)
		BackupInstance (0ms)
		ReleaseScriptingObjects (0ms)
		CreateAndSetChildDomain (52ms)
	RebuildCommonClasses (33ms)
	RebuildNativeTypeToScriptingClass (13ms)
	initialDomainReloadingComplete (34ms)
	LoadAllAssembliesAndSetupDomain (373ms)
		LoadAssemblies (332ms)
		RebuildTransferFunctionScriptingTraits (0ms)
		AnalyzeDomain (136ms)
			TypeCache.Refresh (5ms)
				TypeCache.ScanAssembly (0ms)
			BuildScriptInfoCaches (120ms)
			ResolveRequiredComponents (8ms)
	FinalizeReload (701ms)
		ReleaseScriptCaches (0ms)
		RebuildScriptCaches (0ms)
		SetupLoadedEditorAssemblies (588ms)
			LogAssemblyErrors (0ms)
			InitializePlatformSupportModulesInManaged (10ms)
			SetLoadedEditorAssemblies (4ms)
			BeforeProcessingInitializeOnLoad (188ms)
			ProcessInitializeOnLoadAttributes (338ms)
			ProcessInitializeOnLoadMethodAttributes (40ms)
			AfterProcessingInitializeOnLoad (7ms)
			EditorAssembliesLoaded (0ms)
		ExecutionOrderSort2 (0ms)
		AwakeInstancesAfterBackupRestoration (6ms)
Refreshing native plugins compatible for Editor in 1.58 ms, found 3 plugins.
Preloading 0 native plugins for Editor in 0.00 ms.
Unloading 0 Unused Serialized files (Serialized files now loaded: 0)
Unloading 3633 unused Assets / (0.9 MB). Loaded Objects now: 4232.
Memory consumption went from 98.1 MB to 97.3 MB.
Total: 5.229200 ms (FindLiveObjects: 0.339500 ms CreateObjectMapping: 0.161600 ms MarkObjects: 3.950700 ms  DeleteObjects: 0.776900 ms)

Prepare: number of updated asset objects reloaded= 0
========================================================================
Received Prepare
Refreshing native plugins compatible for Editor in 1.98 ms, found 3 plugins.
Preloading 0 native plugins for Editor in 0.00 ms.
Unloading 0 Unused Serialized files (Serialized files now loaded: 0)
Unloading 0 unused Assets / (0 B). Loaded Objects now: 4232.
Memory consumption went from 95.5 MB to 95.5 MB.
Total: 4.966100 ms (FindLiveObjects: 0.205500 ms CreateObjectMapping: 0.073800 ms MarkObjects: 4.680700 ms  DeleteObjects: 0.005100 ms)

Prepare: number of updated asset objects reloaded= 0
AssetImportParameters requested are different than current active one (requested -> active):
  buildTarget: platform 13, subtarget 0, extendedPlatform 0 -> platform 19, subtarget 2, extendedPlatform 0
  graphicsApiMask: 2099200 -> 262148
========================================================================
Received Prepare
Refreshing native plugins compatible for Editor in 4.24 ms, found 3 plugins.
Preloading 0 native plugins for Editor in 0.00 ms.
Unloading 0 Unused Serialized files (Serialized files now loaded: 0)
Unloading 0 unused Assets / (0 B). Loaded Objects now: 4232.
Memory consumption went from 95.5 MB to 95.5 MB.
Total: 9.776200 ms (FindLiveObjects: 0.435500 ms CreateObjectMapping: 0.166700 ms MarkObjects: 9.159100 ms  DeleteObjects: 0.013600 ms)

Prepare: number of updated asset objects reloaded= 0
AssetImportParameters requested are different than current active one (requested -> active):
  buildTarget: platform 13, subtarget 0, extendedPlatform 0 -> platform 19, subtarget 2, extendedPlatform 0
  graphicsApiMask: 2099200 -> 262148
========================================================================
Received Import Request.
  Time since last request: 766.878090 seconds.
  path: Assets/Textures/icon3.png
  artifactKey: Guid(e812436b770268543905c3f9bc2d24f3) Importer(815301076,1909f56bfc062723c751e8b465ee728b)
Start importing Assets/Textures/icon3.png using Guid(e812436b770268543905c3f9bc2d24f3) Importer(815301076,1909f56bfc062723c751e8b465ee728b) (PreviewImporter) -> (artifact id: '34ebb1d13bb4ea77beefb5bdbbf20907') in 0.2828425 seconds
Number of updated asset objects reloaded before import = 0Number of asset objects unloaded after import = 3

========================================================================
Received Prepare
Begin MonoManager ReloadAssembly
[Licensing::Client] Successfully resolved entitlement details
[Licensing::Module] License group:
  Id: F4-G4K8-TRJR-MNCK-3D9U-XXXX
  Product: Unity Personal
  Type: ULF
  Expiration: Unlimited
[Licensing::Module] License group:
  Id: 5920867-UnityPersXXXX
  Product: Unity Personal
  Type: Assigned
  Expiration: Unlimited
- Loaded All Assemblies, in  0.679 seconds
Refreshing native plugins compatible for Editor in 2.03 ms, found 3 plugins.
Native extension for Android target not found
Native extension for WindowsStandalone target not found
[Package Manager] Failed to launch server process. Reason: Unity was launched with the -noUpm command-line argument
[Package Manager] Unable to send message (not connected to server process).
[Package Manager] Cannot connect to Unity Package Manager local server
ScheduleIndexationOnStartup MainProcess:False IndexOnStartup:True
Mono: successfully reloaded assembly
- Finished resetting the current domain, in  0.665 seconds
Domain Reload Profiling: 1340ms
	BeginReloadAssembly (202ms)
		ExecutionOrderSort (0ms)
		DisableScriptedObjects (5ms)
		BackupInstance (0ms)
		ReleaseScriptingObjects (0ms)
		CreateAndSetChildDomain (49ms)
	RebuildCommonClasses (36ms)
	RebuildNativeTypeToScriptingClass (14ms)
	initialDomainReloadingComplete (29ms)
	LoadAllAssembliesAndSetupDomain (394ms)
		LoadAssemblies (334ms)
		RebuildTransferFunctionScriptingTraits (0ms)
		AnalyzeDomain (163ms)
			TypeCache.Refresh (67ms)
				TypeCache.ScanAssembly (58ms)
			BuildScriptInfoCaches (89ms)
			ResolveRequiredComponents (4ms)
	FinalizeReload (666ms)
		ReleaseScriptCaches (0ms)
		RebuildScriptCaches (0ms)
		SetupLoadedEditorAssemblies (544ms)
			LogAssemblyErrors (0ms)
			InitializePlatformSupportModulesInManaged (11ms)
			SetLoadedEditorAssemblies (5ms)
			BeforeProcessingInitializeOnLoad (179ms)
			ProcessInitializeOnLoadAttributes (305ms)
			ProcessInitializeOnLoadMethodAttributes (37ms)
			AfterProcessingInitializeOnLoad (7ms)
			EditorAssembliesLoaded (0ms)
		ExecutionOrderSort2 (0ms)
		AwakeInstancesAfterBackupRestoration (4ms)
Refreshing native plugins compatible for Editor in 1.57 ms, found 3 plugins.
Preloading 0 native plugins for Editor in 0.00 ms.
Unloading 0 Unused Serialized files (Serialized files now loaded: 0)
Unloading 3630 unused Assets / (0.8 MB). Loaded Objects now: 4238.
Memory consumption went from 98.4 MB to 97.6 MB.
Total: 5.732800 ms (FindLiveObjects: 0.322900 ms CreateObjectMapping: 0.148500 ms MarkObjects: 4.601800 ms  DeleteObjects: 0.659200 ms)

Prepare: number of updated asset objects reloaded= 0
AssetImportParameters requested are different than current active one (requested -> active):
  buildTarget: platform 13, subtarget 0, extendedPlatform 0 -> platform 19, subtarget 2, extendedPlatform 0
  graphicsApiMask: 2099200 -> 262148
