[Licensing::Module] Trying to connect to existing licensing client channel...
Built from '6000.3/respin/6000.3.6f1-732c1ec89f18' branch; Version is '6000.3.6f1 (bbb010bdb8a3) revision 12300304'; Using compiler version '194234433'; Build Type 'Release'
OS: 'Windows 10  (10.0.19045) 64bit Professional' Language: 'tr' Physical Memory: 65451 MB
[Licensing::IpcConnector] Successfully connected to: "LicenseClient-0qO4RG0smNyzMicC1YpnT" at "2026-02-26T16:04:09.9277217Z"
BatchMode: 1, IsHumanControllingUs: 0, StartBugReporterOnCrash: 0, Is64bit: 1
System  architecture: x64
Process architecture: x64
Date: 2026-02-26T16:04:09Z

COMMAND LINE ARGUMENTS:
C:\Program Files\Unity\Hub\Editor\6000.3.6f1\Editor\Unity.exe
-adb2
-batchMode
-noUpm
-name
AssetImportWorker0
-projectPath
C:/Users/SIBEL/Documents/UnityProjects/Ball Game 3D New Generation
-logFile
Logs/AssetImportWorker0.log
-srvPort
64767
-licensingIpc
LicenseClient-0qO4RG0smNyzMicC1YpnT
-job-worker-count
5
-background-job-worker-count
8
-gc-helper-count
1
-name
AssetImport
Successfully changed project path to: C:/Users/SIBEL/Documents/UnityProjects/Ball Game 3D New Generation
C:/Users/SIBEL/Documents/UnityProjects/Ball Game 3D New Generation
[UnityMemory] Configuration Parameters - Can be set up in boot.config
    "memorysetup-temp-allocator-size-nav-mesh-worker=65536"
    "memorysetup-temp-allocator-size-audio-worker=65536"
    "memorysetup-temp-allocator-size-gfx=262144"
    "memorysetup-allocator-temp-initial-block-size-main=262144"
    "memorysetup-allocator-temp-initial-block-size-worker=262144"
    "memorysetup-temp-allocator-size-background-worker=32768"
    "memorysetup-temp-allocator-size-job-worker=262144"
    "memorysetup-temp-allocator-size-preload-manager=33554432"
    "memorysetup-temp-allocator-size-gi-baking-worker=262144"
    "memorysetup-temp-allocator-size-gi-baking-worker=262144"
    "memorysetup-temp-allocator-size-gi-baking-worker=262144"
    "memorysetup-temp-allocator-size-gi-baking-worker=262144"
    "memorysetup-temp-allocator-size-gi-baking-worker=262144"
    "memorysetup-bucket-allocator-granularity=16"
    "memorysetup-bucket-allocator-bucket-count=8"
    "memorysetup-bucket-allocator-block-size=33554432"
    "memorysetup-bucket-allocator-block-count=8"
    "memorysetup-main-allocator-block-size=16777216"
    "memorysetup-thread-allocator-block-size=16777216"
    "memorysetup-gfx-main-allocator-block-size=16777216"
    "memorysetup-gfx-thread-allocator-block-size=16777216"
    "memorysetup-cache-allocator-block-size=4194304"
    "memorysetup-typetree-allocator-block-size=2097152"
    "memorysetup-profiler-bucket-allocator-granularity=16"
    "memorysetup-profiler-bucket-allocator-bucket-count=8"
    "memorysetup-profiler-bucket-allocator-block-size=33554432"
    "memorysetup-profiler-bucket-allocator-block-count=8"
    "memorysetup-profiler-allocator-block-size=16777216"
    "memorysetup-profiler-editor-allocator-block-size=1048576"
    "memorysetup-temp-allocator-size-main=16777216"
    "memorysetup-job-temp-allocator-block-size=2097152"
    "memorysetup-job-temp-allocator-block-size-background=1048576"
    "memorysetup-job-temp-allocator-reduction-small-platforms=262144"
    "memorysetup-temp-allocator-size-cloud-worker=32768"
Player connection [37820]  Target information:

Player connection [37820]  * "[IP] 192.168.1.33 [Port] 0 [Flags] 2 [Guid] 3150065648 [EditorId] 3150065648 [Version] 1048832 [Id] WindowsEditor(7,DESKTOP-BD7EVPL) [Debug] 1 [PackageName] WindowsEditor [ProjectName] Editor" 

Player connection [37820] Host joined multi-casting on [225.0.0.222:54997]...
Player connection [37820] Host joined alternative multi-casting on [225.0.0.222:34997]...
JobSystem: Creating JobQueue using job-worker-count value 5
Input System module state changed to: Initialized.
[Physics::Module] Initialized fallback backend.
[Physics::Module] Id: 0xdecafbad
Library Redirect Path: Library/
[Physics::Module] Selected backend.
[Physics::Module] Name: PhysX
[Physics::Module] Id: 0xf2b8ea05
[Physics::Module] SDK Version: 4.1.2
[Physics::Module] Integration Version: 1.0.0
[Physics::Module] Threading Mode: Multi-Threaded
Refreshing native plugins compatible for Editor in 4.30 ms, found 3 plugins.
Preloading 0 native plugins for Editor in 0.00 ms.
Initialize engine version: 6000.3.6f1 (bbb010bdb8a3)
[Subsystems] Discovering subsystems at path C:/Program Files/Unity/Hub/Editor/6000.3.6f1/Editor/Data/Resources/UnitySubsystems
[Subsystems] Discovering subsystems at path C:/Users/SIBEL/Documents/UnityProjects/Ball Game 3D New Generation/Assets
GfxDevice: creating device client; kGfxThreadingModeNonThreaded
Direct3D:
    Version:  Direct3D 11.0 [level 11.1]
    Renderer: NVIDIA GeForce RTX 3070 Ti (ID=0x2207)
    Vendor:   NVIDIA
    VRAM:     8017 MB
    Driver:   32.0.15.6094
Initialize mono
Mono path[0] = 'C:/Program Files/Unity/Hub/Editor/6000.3.6f1/Editor/Data/Managed'
Mono path[1] = 'C:/Program Files/Unity/Hub/Editor/6000.3.6f1/Editor/Data/MonoBleedingEdge/lib/mono/unityjit-win32'
Mono config path = 'C:/Program Files/Unity/Hub/Editor/6000.3.6f1/Editor/Data/MonoBleedingEdge/etc'
Using monoOptions --debugger-agent=transport=dt_socket,embedding=1,server=y,suspend=n,address=127.0.0.1:56072
Begin MonoManager ReloadAssembly
Registering precompiled unity dll's ...
Register platform support module: C:/Program Files/Unity/Hub/Editor/6000.3.6f1/Editor/Data/PlaybackEngines/WindowsStandaloneSupport/UnityEditor.WindowsStandalone.Extensions.dll
[Licensing::Module] Licensing is not yet initialized.
[Licensing::Client] Handshaking with LicensingClient:
  Version:                 1.17.4+4293ba1
  Session Id:              5c23dd5ff01a449593d218e470b717fd
  Correlation Id:          a74b6858ba237ce04b2847156c6777c9
  External correlation Id: 8320121599133873188
  Machine Id:              /6zaNv+6eGLL6qn56fjxQ807t4U=
[Licensing::Module] Successfully connected to LicensingClient on channel: "LicenseClient-0qO4RG0smNyzMicC1YpnT" (connect: 0.00s, validation: 0.00s, handshake: 0.87s)
[Licensing::IpcConnector] Successfully connected to: "LicenseClient-0qO4RG0smNyzMicC1YpnT-notifications" at "2026-02-26T16:04:10.7971354Z"
[Licensing::Module] Licensing Background thread has ended after 0.87s
[Licensing::Module] Licensing is initialized (took 0.05s).
[Licensing::Client] Successfully resolved entitlement details
[Licensing::Module] License group:
  Id: F4-G4K8-TRJR-MNCK-3D9U-XXXX
  Product: Unity Personal
  Type: ULF
  Expiration: Unlimited
[Licensing::Module] License group:
  Id: 5920867-UnityPersXXXX
  Product: Unity Personal
  Type: Assigned
  Expiration: Unlimited
Register platform support module: C:/Program Files/Unity/Hub/Editor/6000.3.6f1/Editor/Data/PlaybackEngines/AndroidPlayer/UnityEditor.Android.Extensions.dll
Registered in 0.054372 seconds.
- Loaded All Assemblies, in  0.509 seconds
Native extension for Android target not found
Android Extension - Scanning For ADB Devices 942 ms
Native extension for WindowsStandalone target not found
ScheduleIndexationOnStartup MainProcess:False IndexOnStartup:True
Mono: successfully reloaded assembly
- Finished resetting the current domain, in  1.436 seconds
Domain Reload Profiling: 1942ms
	BeginReloadAssembly (168ms)
		ExecutionOrderSort (0ms)
		DisableScriptedObjects (0ms)
		BackupInstance (0ms)
		ReleaseScriptingObjects (0ms)
		CreateAndSetChildDomain (1ms)
	RebuildCommonClasses (46ms)
	RebuildNativeTypeToScriptingClass (12ms)
	initialDomainReloadingComplete (108ms)
	LoadAllAssembliesAndSetupDomain (172ms)
		LoadAssemblies (163ms)
		RebuildTransferFunctionScriptingTraits (0ms)
		AnalyzeDomain (168ms)
			TypeCache.Refresh (167ms)
				TypeCache.ScanAssembly (155ms)
			BuildScriptInfoCaches (0ms)
			ResolveRequiredComponents (0ms)
	FinalizeReload (1436ms)
		ReleaseScriptCaches (0ms)
		RebuildScriptCaches (0ms)
		SetupLoadedEditorAssemblies (1404ms)
			LogAssemblyErrors (0ms)
			InitializePlatformSupportModulesInManaged (1032ms)
			SetLoadedEditorAssemblies (6ms)
			BeforeProcessingInitializeOnLoad (119ms)
			ProcessInitializeOnLoadAttributes (174ms)
			ProcessInitializeOnLoadMethodAttributes (74ms)
			AfterProcessingInitializeOnLoad (0ms)
			EditorAssembliesLoaded (0ms)
		ExecutionOrderSort2 (0ms)
		AwakeInstancesAfterBackupRestoration (0ms)
========================================================================
Worker process is ready to serve import requests
Import Worker Mode flag is 0x00
Begin MonoManager ReloadAssembly
[Licensing::Client] Successfully resolved entitlement details
[Licensing::Module] License group:
  Id: F4-G4K8-TRJR-MNCK-3D9U-XXXX
  Product: Unity Personal
  Type: ULF
  Expiration: Unlimited
[Licensing::Module] License group:
  Id: 5920867-UnityPersXXXX
  Product: Unity Personal
  Type: Assigned
  Expiration: Unlimited
- Loaded All Assemblies, in  0.846 seconds
Refreshing native plugins compatible for Editor in 2.09 ms, found 3 plugins.
Native extension for Android target not found
Native extension for WindowsStandalone target not found
Package Manager log level set to [2]
[Package Manager] Failed to launch server process. Reason: Unity was launched with the -noUpm command-line argument
[Package Manager] Unable to send message (not connected to server process).
[Package Manager] Cannot connect to Unity Package Manager local server
ScheduleIndexationOnStartup MainProcess:False IndexOnStartup:True
Mono: successfully reloaded assembly
- Finished resetting the current domain, in  0.796 seconds
Domain Reload Profiling: 1635ms
	BeginReloadAssembly (190ms)
		ExecutionOrderSort (0ms)
		DisableScriptedObjects (6ms)
		BackupInstance (0ms)
		ReleaseScriptingObjects (0ms)
		CreateAndSetChildDomain (34ms)
	RebuildCommonClasses (44ms)
	RebuildNativeTypeToScriptingClass (12ms)
	initialDomainReloadingComplete (46ms)
	LoadAllAssembliesAndSetupDomain (547ms)
		LoadAssemblies (421ms)
		RebuildTransferFunctionScriptingTraits (0ms)
		AnalyzeDomain (237ms)
			TypeCache.Refresh (175ms)
				TypeCache.ScanAssembly (157ms)
			BuildScriptInfoCaches (54ms)
			ResolveRequiredComponents (6ms)
	FinalizeReload (796ms)
		ReleaseScriptCaches (0ms)
		RebuildScriptCaches (0ms)
		SetupLoadedEditorAssemblies (669ms)
			LogAssemblyErrors (0ms)
			InitializePlatformSupportModulesInManaged (13ms)
			SetLoadedEditorAssemblies (7ms)
			BeforeProcessingInitializeOnLoad (224ms)
			ProcessInitializeOnLoadAttributes (376ms)
			ProcessInitializeOnLoadMethodAttributes (42ms)
			AfterProcessingInitializeOnLoad (7ms)
			EditorAssembliesLoaded (0ms)
		ExecutionOrderSort2 (0ms)
		AwakeInstancesAfterBackupRestoration (5ms)
Launched and connected shader compiler UnityShaderCompiler.exe after 0.01 seconds
Refreshing native plugins compatible for Editor in 2.62 ms, found 3 plugins.
Preloading 0 native plugins for Editor in 0.00 ms.
Unloading 0 Unused Serialized files (Serialized files now loaded: 0)
Unloading 3632 unused Assets / (1.3 MB). Loaded Objects now: 4227.
Memory consumption went from 96.3 MB to 95.0 MB.
Total: 8.300800 ms (FindLiveObjects: 0.630400 ms CreateObjectMapping: 0.278600 ms MarkObjects: 5.811200 ms  DeleteObjects: 1.579400 ms)

========================================================================
Received Import Request.
  Time since last request: 29860.538942 seconds.
  path: Assets/Asset/Joystick Pack/Examples/Ground.mat
  artifactKey: Guid(c569c280f0eb52a49a7b2a6b8b0cbcf8) Importer(2089858483,d624ce77472d68a35037170ec1d2d27e)
Start importing Assets/Asset/Joystick Pack/Examples/Ground.mat using Guid(c569c280f0eb52a49a7b2a6b8b0cbcf8) Importer(2089858483,d624ce77472d68a35037170ec1d2d27e) (ScriptedImporter) -> (artifact id: 'dd06a6d412642223474382f70de65c95') in 0.0993704 seconds
Number of updated asset objects reloaded before import = 0Number of asset objects unloaded after import = 1

========================================================================
Received Import Request.
  Time since last request: 0.000014 seconds.
  path: Assets/Scenes/Level19/LightingData.asset
  artifactKey: Guid(e49b69c2d6318c449a9dc4482785806b) Importer(2089858483,d624ce77472d68a35037170ec1d2d27e)
Start importing Assets/Scenes/Level19/LightingData.asset using Guid(e49b69c2d6318c449a9dc4482785806b) Importer(2089858483,d624ce77472d68a35037170ec1d2d27e) (ScriptedImporter) -> (artifact id: '0dd25d2778f3f2e9f59557d7434acec7') in 0.0038893 seconds
Number of updated asset objects reloaded before import = 0Number of asset objects unloaded after import = 2

========================================================================
Received Import Request.
  Time since last request: 0.000015 seconds.
  path: Assets/Asset/Simple UI/Fonts/OFL.txt
  artifactKey: Guid(4b71c2c5c5df842419113179fc527cd5) Importer(2089858483,d624ce77472d68a35037170ec1d2d27e)
Start importing Assets/Asset/Simple UI/Fonts/OFL.txt using Guid(4b71c2c5c5df842419113179fc527cd5) Importer(2089858483,d624ce77472d68a35037170ec1d2d27e) (ScriptedImporter) -> (artifact id: 'c59f3bd2528cc7252874de534bbfddee') in 0.0033326 seconds
Number of updated asset objects reloaded before import = 0Number of asset objects unloaded after import = 1

========================================================================
Received Import Request.
  Time since last request: 0.000014 seconds.
  path: Assets/Asset/Simple UI/PNG/UI_Button_Standard_Sky.png
  artifactKey: Guid(a4f28b6fb67fb4658addf98ee532a7ac) Importer(2089858483,d624ce77472d68a35037170ec1d2d27e)
Start importing Assets/Asset/Simple UI/PNG/UI_Button_Standard_Sky.png using Guid(a4f28b6fb67fb4658addf98ee532a7ac) Importer(2089858483,d624ce77472d68a35037170ec1d2d27e) (ScriptedImporter) -> (artifact id: '95139152c544fbada6f2c8e53559ea22') in 0.0687685 seconds
Number of updated asset objects reloaded before import = 0Number of asset objects unloaded after import = 3

========================================================================
Received Import Request.
  Time since last request: 0.000012 seconds.
  path: Assets/Asset/Gem/Materials/PurpleGem.mat
  artifactKey: Guid(6981dccdbd114a7011005aba44295342) Importer(2089858483,d624ce77472d68a35037170ec1d2d27e)
Start importing Assets/Asset/Gem/Materials/PurpleGem.mat using Guid(6981dccdbd114a7011005aba44295342) Importer(2089858483,d624ce77472d68a35037170ec1d2d27e) (ScriptedImporter) -> (artifact id: '5c4c1c48633eb52428e90e290c4f4fc3') in 0.0123225 seconds
Number of updated asset objects reloaded before import = 0Number of asset objects unloaded after import = 2

========================================================================
Received Import Request.
  Time since last request: 0.000014 seconds.
  path: Assets/Scenes/Level18/LightingData.asset
  artifactKey: Guid(f522a2873c0d9f6409fadd135397da0a) Importer(2089858483,d624ce77472d68a35037170ec1d2d27e)
Start importing Assets/Scenes/Level18/LightingData.asset using Guid(f522a2873c0d9f6409fadd135397da0a) Importer(2089858483,d624ce77472d68a35037170ec1d2d27e) (ScriptedImporter) -> (artifact id: '221324f56239bbedf074590a0100dc81') in 0.0030985 seconds
Number of updated asset objects reloaded before import = 0Number of asset objects unloaded after import = 2

========================================================================
Received Import Request.
  Time since last request: 0.000032 seconds.
  path: Assets/Asset/Simple UI/Fonts/FredokaOne-Regular.ttf
  artifactKey: Guid(4506bf6ca285b494ab0993e12703d5e6) Importer(2089858483,d624ce77472d68a35037170ec1d2d27e)
Start importing Assets/Asset/Simple UI/Fonts/FredokaOne-Regular.ttf using Guid(4506bf6ca285b494ab0993e12703d5e6) Importer(2089858483,d624ce77472d68a35037170ec1d2d27e) (ScriptedImporter) -> (artifact id: '2e52cccc30e1323af15ea4f17e16f629') in 0.0116616 seconds
Number of updated asset objects reloaded before import = 0Number of asset objects unloaded after import = 3

========================================================================
Received Import Request.
  Time since last request: 0.000014 seconds.
  path: Assets/Scenes/Level11/LightingData.asset
  artifactKey: Guid(d97d5bab4de746e46b8bd0a055a2d96d) Importer(2089858483,d624ce77472d68a35037170ec1d2d27e)
Start importing Assets/Scenes/Level11/LightingData.asset using Guid(d97d5bab4de746e46b8bd0a055a2d96d) Importer(2089858483,d624ce77472d68a35037170ec1d2d27e) (ScriptedImporter) -> (artifact id: '5a963ff43da5bdf04d9101120c95aea6') in 0.0032651 seconds
Number of updated asset objects reloaded before import = 0Number of asset objects unloaded after import = 2

========================================================================
Received Import Request.
  Time since last request: 0.000036 seconds.
  path: Assets/Scenes/Level06/LightingData.asset
  artifactKey: Guid(bb91b46b7800ba04abcef9b81ed54097) Importer(2089858483,d624ce77472d68a35037170ec1d2d27e)
Start importing Assets/Scenes/Level06/LightingData.asset using Guid(bb91b46b7800ba04abcef9b81ed54097) Importer(2089858483,d624ce77472d68a35037170ec1d2d27e) (ScriptedImporter) -> (artifact id: 'ff3da143bc8402e88788e41be3342ed0') in 0.0030682 seconds
Number of updated asset objects reloaded before import = 0Number of asset objects unloaded after import = 2

========================================================================
Received Import Request.
  Time since last request: 0.000019 seconds.
  path: Assets/Scenes/Level07.unity
  artifactKey: Guid(b5cf7f945df41844ba8132096f147417) Importer(2089858483,d624ce77472d68a35037170ec1d2d27e)
Start importing Assets/Scenes/Level07.unity using Guid(b5cf7f945df41844ba8132096f147417) Importer(2089858483,d624ce77472d68a35037170ec1d2d27e) (ScriptedImporter) -> (artifact id: '1600d9ea2fa1e13c7a0c83d7f5f38191') in 0.0031922 seconds
Number of updated asset objects reloaded before import = 0Number of asset objects unloaded after import = 1

========================================================================
Received Import Request.
  Time since last request: 0.000071 seconds.
  path: Assets/Asset/DungeonTraps/Effect/Eff_Fire.prefab
  artifactKey: Guid(67a85eac228b18b499329fd87f2a52c0) Importer(2089858483,d624ce77472d68a35037170ec1d2d27e)
Start importing Assets/Asset/DungeonTraps/Effect/Eff_Fire.prefab using Guid(67a85eac228b18b499329fd87f2a52c0) Importer(2089858483,d624ce77472d68a35037170ec1d2d27e) (ScriptedImporter) -> (artifact id: '9d9724715c553e8e9f057d148bd50e59') in 0.1162442 seconds
Number of updated asset objects reloaded before import = 0Number of asset objects unloaded after import = 6

========================================================================
Received Import Request.
  Time since last request: 0.000014 seconds.
  path: Assets/Scenes/Level07/ReflectionProbe-0.exr
  artifactKey: Guid(dd5e18ef4944d494ea1ef34ca487b2fb) Importer(2089858483,d624ce77472d68a35037170ec1d2d27e)
Start importing Assets/Scenes/Level07/ReflectionProbe-0.exr using Guid(dd5e18ef4944d494ea1ef34ca487b2fb) Importer(2089858483,d624ce77472d68a35037170ec1d2d27e) (ScriptedImporter) -> (artifact id: '9b339a2ebacbed69e5da60f92ff501b8') in 0.0417593 seconds
Number of updated asset objects reloaded before import = 0Number of asset objects unloaded after import = 1

========================================================================
Received Import Request.
  Time since last request: 0.000013 seconds.
  path: Assets/Scenes/Level03.unity
  artifactKey: Guid(6c80eec0a027bd54f9bfa43686be3aff) Importer(2089858483,d624ce77472d68a35037170ec1d2d27e)
Start importing Assets/Scenes/Level03.unity using Guid(6c80eec0a027bd54f9bfa43686be3aff) Importer(2089858483,d624ce77472d68a35037170ec1d2d27e) (ScriptedImporter) -> (artifact id: '2bc0d23a0acf33557ebc7e1dbec8107c') in 0.0026491 seconds
Number of updated asset objects reloaded before import = 0Number of asset objects unloaded after import = 1

========================================================================
Received Import Request.
  Time since last request: 0.000055 seconds.
  path: Assets/Asset/Cartoon Temple Building Kit/Materials/Cartoon Templ Builder Kit.mat
  artifactKey: Guid(112495ee01e1b834a89c654405f9be48) Importer(2089858483,d624ce77472d68a35037170ec1d2d27e)
Start importing Assets/Asset/Cartoon Temple Building Kit/Materials/Cartoon Templ Builder Kit.mat using Guid(112495ee01e1b834a89c654405f9be48) Importer(2089858483,d624ce77472d68a35037170ec1d2d27e) (ScriptedImporter) -> (artifact id: 'f589edad42f11a4b6ee6ef15a7ee2109') in 0.0099541 seconds
Number of updated asset objects reloaded before import = 0Number of asset objects unloaded after import = 3

========================================================================
Received Import Request.
  Time since last request: 0.000014 seconds.
  path: Assets/Scenes/Level17/ReflectionProbe-0.exr
  artifactKey: Guid(f03ccd34cff9d3b47a3a5016b3c36475) Importer(2089858483,d624ce77472d68a35037170ec1d2d27e)
Start importing Assets/Scenes/Level17/ReflectionProbe-0.exr using Guid(f03ccd34cff9d3b47a3a5016b3c36475) Importer(2089858483,d624ce77472d68a35037170ec1d2d27e) (ScriptedImporter) -> (artifact id: 'a5e2705fa9a58d527d69946d1304c70d') in 0.010293 seconds
Number of updated asset objects reloaded before import = 0Number of asset objects unloaded after import = 1

========================================================================
Received Import Request.
  Time since last request: 0.000025 seconds.
  path: Assets/Asset/Simple UI/PNG/UI_Button_Standard_Red.png
  artifactKey: Guid(01e584fc9ff6d4a969400e68b97befc4) Importer(2089858483,d624ce77472d68a35037170ec1d2d27e)
Start importing Assets/Asset/Simple UI/PNG/UI_Button_Standard_Red.png using Guid(01e584fc9ff6d4a969400e68b97befc4) Importer(2089858483,d624ce77472d68a35037170ec1d2d27e) (ScriptedImporter) -> (artifact id: '81823f80406c7c959692e94f6bb7b3b6') in 0.0155179 seconds
Number of updated asset objects reloaded before import = 0Number of asset objects unloaded after import = 3

========================================================================
Received Import Request.
  Time since last request: 0.000013 seconds.
  path: Assets/Scenes/Level16/LightingData.asset
  artifactKey: Guid(f3207ff98358a3345981cb92fbddf0c7) Importer(2089858483,d624ce77472d68a35037170ec1d2d27e)
Start importing Assets/Scenes/Level16/LightingData.asset using Guid(f3207ff98358a3345981cb92fbddf0c7) Importer(2089858483,d624ce77472d68a35037170ec1d2d27e) (ScriptedImporter) -> (artifact id: 'e1099b8de84b44ca40f779ea4bea41fc') in 0.00642 seconds
Number of updated asset objects reloaded before import = 0Number of asset objects unloaded after import = 2

========================================================================
Received Import Request.
  Time since last request: 0.000015 seconds.
  path: Assets/Scenes/Level03/LightingData.asset
  artifactKey: Guid(b574e28d2162eee40acb54c2db76298c) Importer(2089858483,d624ce77472d68a35037170ec1d2d27e)
Start importing Assets/Scenes/Level03/LightingData.asset using Guid(b574e28d2162eee40acb54c2db76298c) Importer(2089858483,d624ce77472d68a35037170ec1d2d27e) (ScriptedImporter) -> (artifact id: 'cdac5d8d4fc1eac9f327fc140644bdb7') in 0.004449 seconds
Number of updated asset objects reloaded before import = 0Number of asset objects unloaded after import = 2

========================================================================
Received Import Request.
  Time since last request: 0.000021 seconds.
  path: Assets/Asset/Gem/Materials/GrayGem.mat
  artifactKey: Guid(0f078adfbd110a7011005aba44295342) Importer(2089858483,d624ce77472d68a35037170ec1d2d27e)
Start importing Assets/Asset/Gem/Materials/GrayGem.mat using Guid(0f078adfbd110a7011005aba44295342) Importer(2089858483,d624ce77472d68a35037170ec1d2d27e) (ScriptedImporter) -> (artifact id: 'd1988e7763fb1242bba81b67cdd3a6b3') in 0.0084358 seconds
Number of updated asset objects reloaded before import = 0Number of asset objects unloaded after import = 2

========================================================================
Received Import Request.
  Time since last request: 0.000013 seconds.
  path: Assets/Scenes/Level14/ReflectionProbe-0.exr
  artifactKey: Guid(7d5edd0a4c8e39f4197381d954887b23) Importer(2089858483,d624ce77472d68a35037170ec1d2d27e)
Start importing Assets/Scenes/Level14/ReflectionProbe-0.exr using Guid(7d5edd0a4c8e39f4197381d954887b23) Importer(2089858483,d624ce77472d68a35037170ec1d2d27e) (ScriptedImporter) -> (artifact id: 'a95af50d449c6c623ab23cf65f07f334') in 0.0118433 seconds
Number of updated asset objects reloaded before import = 0Number of asset objects unloaded after import = 1

========================================================================
Received Import Request.
  Time since last request: 0.000040 seconds.
  path: Assets/Scenes/Level02/ReflectionProbe-0.exr
  artifactKey: Guid(4b8bdb572bca6ab469238b34474e8320) Importer(2089858483,d624ce77472d68a35037170ec1d2d27e)
Start importing Assets/Scenes/Level02/ReflectionProbe-0.exr using Guid(4b8bdb572bca6ab469238b34474e8320) Importer(2089858483,d624ce77472d68a35037170ec1d2d27e) (ScriptedImporter) -> (artifact id: '87b3c17d0b30d5d0fc173ef413cff562') in 0.0134397 seconds
Number of updated asset objects reloaded before import = 0Number of asset objects unloaded after import = 1

========================================================================
Received Import Request.
  Time since last request: 0.000016 seconds.
  path: Assets/Asset/DungeonTraps/Effect/Ground + Dark 4x4 (33).controller
  artifactKey: Guid(88a0ff8dd5757ac4db700fdaebde6567) Importer(2089858483,d624ce77472d68a35037170ec1d2d27e)
Start importing Assets/Asset/DungeonTraps/Effect/Ground + Dark 4x4 (33).controller using Guid(88a0ff8dd5757ac4db700fdaebde6567) Importer(2089858483,d624ce77472d68a35037170ec1d2d27e) (ScriptedImporter) -> (artifact id: '22b252dd7940ebc2d0e28a531ece6b72') in 0.0093665 seconds
Number of updated asset objects reloaded before import = 0Number of asset objects unloaded after import = 4

========================================================================
Received Import Request.
  Time since last request: 0.000013 seconds.
  path: Assets/Asset/DungeonTraps/Trap/Spoon.FBX
  artifactKey: Guid(2652aade18e3fa2459b9f3cc633dc85a) Importer(2089858483,d624ce77472d68a35037170ec1d2d27e)
Start importing Assets/Asset/DungeonTraps/Trap/Spoon.FBX using Guid(2652aade18e3fa2459b9f3cc633dc85a) Importer(2089858483,d624ce77472d68a35037170ec1d2d27e) (ScriptedImporter) -> (artifact id: '569a443d2dcf2ae6593025fb9dbff588') in 0.0436829 seconds
Number of updated asset objects reloaded before import = 0Number of asset objects unloaded after import = 8

========================================================================
Received Import Request.
  Time since last request: 0.000015 seconds.
  path: Assets/Scenes/Level05/ReflectionProbe-0.exr
  artifactKey: Guid(67ebe5e0ce8ebce42ba4b4fe83e19c40) Importer(2089858483,d624ce77472d68a35037170ec1d2d27e)
Start importing Assets/Scenes/Level05/ReflectionProbe-0.exr using Guid(67ebe5e0ce8ebce42ba4b4fe83e19c40) Importer(2089858483,d624ce77472d68a35037170ec1d2d27e) (ScriptedImporter) -> (artifact id: 'e019099f49ccd88ae696bfa918b1a5b2') in 0.0131819 seconds
Number of updated asset objects reloaded before import = 0Number of asset objects unloaded after import = 1

========================================================================
Received Import Request.
  Time since last request: 0.000015 seconds.
  path: Assets/Textures/Materials/renk.mat
  artifactKey: Guid(b2f587fb47f6088469d76eb0bcbe30ec) Importer(2089858483,d624ce77472d68a35037170ec1d2d27e)
Start importing Assets/Textures/Materials/renk.mat using Guid(b2f587fb47f6088469d76eb0bcbe30ec) Importer(2089858483,d624ce77472d68a35037170ec1d2d27e) (ScriptedImporter) -> (artifact id: '0c1d42ac4101fb010dc39f18ccfe02fe') in 0.0041329 seconds
Number of updated asset objects reloaded before import = 0Number of asset objects unloaded after import = 1

========================================================================
Received Import Request.
  Time since last request: 0.000029 seconds.
  path: Assets/Asset/DungeonTraps/Trap/Axe.FBX
  artifactKey: Guid(dd7cc768a6132134d814e304aeaaffdb) Importer(2089858483,d624ce77472d68a35037170ec1d2d27e)
Start importing Assets/Asset/DungeonTraps/Trap/Axe.FBX using Guid(dd7cc768a6132134d814e304aeaaffdb) Importer(2089858483,d624ce77472d68a35037170ec1d2d27e) (ScriptedImporter) -> (artifact id: 'b67790e4ba3182a6a909abf3ba9f44cf') in 0.0129249 seconds
Number of updated asset objects reloaded before import = 0Number of asset objects unloaded after import = 8

========================================================================
Received Import Request.
  Time since last request: 0.000016 seconds.
  path: Assets/Scenes/Level19/ReflectionProbe-0.exr
  artifactKey: Guid(8a7e55a78874e534b8806885769806b2) Importer(2089858483,d624ce77472d68a35037170ec1d2d27e)
Start importing Assets/Scenes/Level19/ReflectionProbe-0.exr using Guid(8a7e55a78874e534b8806885769806b2) Importer(2089858483,d624ce77472d68a35037170ec1d2d27e) (ScriptedImporter) -> (artifact id: '334eb5496f4be51a9e1c8ec2bbe1c046') in 0.0129038 seconds
Number of updated asset objects reloaded before import = 0Number of asset objects unloaded after import = 1

========================================================================
Received Import Request.
  Time since last request: 0.000015 seconds.
  path: Assets/Scenes/Level20/ReflectionProbe-0.exr
  artifactKey: Guid(88610ebf77443474d86ad9f64dd41594) Importer(2089858483,d624ce77472d68a35037170ec1d2d27e)
Start importing Assets/Scenes/Level20/ReflectionProbe-0.exr using Guid(88610ebf77443474d86ad9f64dd41594) Importer(2089858483,d624ce77472d68a35037170ec1d2d27e) (ScriptedImporter) -> (artifact id: 'a0fa32d93c94ecaf2a958680b69f54cc') in 0.0091538 seconds
Number of updated asset objects reloaded before import = 0Number of asset objects unloaded after import = 1

========================================================================
Received Import Request.
  Time since last request: 0.000015 seconds.
  path: Assets/Textures/Level Picture/PNG_level34.png
  artifactKey: Guid(acbe2f150034fa3449062bb8fbcbed51) Importer(2089858483,d624ce77472d68a35037170ec1d2d27e)
Start importing Assets/Textures/Level Picture/PNG_level34.png using Guid(acbe2f150034fa3449062bb8fbcbed51) Importer(2089858483,d624ce77472d68a35037170ec1d2d27e) (ScriptedImporter) -> (artifact id: '4f3ed091a4732123d3ded7087de3d7af') in 0.0129025 seconds
Number of updated asset objects reloaded before import = 0Number of asset objects unloaded after import = 3

========================================================================
Received Import Request.
  Time since last request: 0.000013 seconds.
  path: Assets/Textures/Level Picture/PNG_level6.png
  artifactKey: Guid(25c6ca0a1f5d32042a5761c74c24814b) Importer(2089858483,d624ce77472d68a35037170ec1d2d27e)
Start importing Assets/Textures/Level Picture/PNG_level6.png using Guid(25c6ca0a1f5d32042a5761c74c24814b) Importer(2089858483,d624ce77472d68a35037170ec1d2d27e) (ScriptedImporter) -> (artifact id: 'e2672f9bb0ed464b3467aae05e9c3e0b') in 0.0153636 seconds
Number of updated asset objects reloaded before import = 0Number of asset objects unloaded after import = 3

========================================================================
Received Import Request.
  Time since last request: 0.000012 seconds.
  path: Assets/Plugins/Android/AndroidManifest.xml
  artifactKey: Guid(f89faf68fd0594c44b4adde9fe9f87f7) Importer(2089858483,d624ce77472d68a35037170ec1d2d27e)
Start importing Assets/Plugins/Android/AndroidManifest.xml using Guid(f89faf68fd0594c44b4adde9fe9f87f7) Importer(2089858483,d624ce77472d68a35037170ec1d2d27e) (ScriptedImporter) -> (artifact id: '48d2459bd3d968564df49528d3164643') in 0.0027179 seconds
Number of updated asset objects reloaded before import = 0Number of asset objects unloaded after import = 1

========================================================================
Received Import Request.
  Time since last request: 0.000011 seconds.
  path: Assets/Prefabs/Trap/Pf_SawTrap02.prefab
  artifactKey: Guid(6369617601c22a747814e315513bcc5a) Importer(2089858483,d624ce77472d68a35037170ec1d2d27e)
Start importing Assets/Prefabs/Trap/Pf_SawTrap02.prefab using Guid(6369617601c22a747814e315513bcc5a) Importer(2089858483,d624ce77472d68a35037170ec1d2d27e) (ScriptedImporter) -> (artifact id: 'c8d7811d9a77b363946c502ef1f01d44') in 0.0084723 seconds
Number of updated asset objects reloaded before import = 0Number of asset objects unloaded after import = 34

========================================================================
Received Import Request.
  Time since last request: 0.000011 seconds.
  path: Assets/Scenes/ExtraLvl/ExtLevel05.unity
  artifactKey: Guid(08bc0c35de7a28644b64174973f10e23) Importer(2089858483,d624ce77472d68a35037170ec1d2d27e)
Start importing Assets/Scenes/ExtraLvl/ExtLevel05.unity using Guid(08bc0c35de7a28644b64174973f10e23) Importer(2089858483,d624ce77472d68a35037170ec1d2d27e) (ScriptedImporter) -> (artifact id: 'ec95b862e5ab0f368f176f7ab64d35e0') in 0.0022744 seconds
Number of updated asset objects reloaded before import = 0Number of asset objects unloaded after import = 1

========================================================================
Received Import Request.
  Time since last request: 0.000047 seconds.
  path: Assets/Prefabs/Pipes/uboru.prefab
  artifactKey: Guid(352c4a50971cd0e4baffc7129513a1a2) Importer(2089858483,d624ce77472d68a35037170ec1d2d27e)
Start importing Assets/Prefabs/Pipes/uboru.prefab using Guid(352c4a50971cd0e4baffc7129513a1a2) Importer(2089858483,d624ce77472d68a35037170ec1d2d27e) (ScriptedImporter) -> (artifact id: '2de7f0a7998c5c60f241f9568bdeff56') in 0.0050987 seconds
Number of updated asset objects reloaded before import = 0Number of asset objects unloaded after import = 49

========================================================================
Received Import Request.
  Time since last request: 0.000013 seconds.
  path: Assets/Scenes/Level09.unity
  artifactKey: Guid(ede49719301cc624db092be47c6b1061) Importer(2089858483,d624ce77472d68a35037170ec1d2d27e)
Start importing Assets/Scenes/Level09.unity using Guid(ede49719301cc624db092be47c6b1061) Importer(2089858483,d624ce77472d68a35037170ec1d2d27e) (ScriptedImporter) -> (artifact id: '2c8774eba5b4055604cf4514b0268801') in 0.003025 seconds
Number of updated asset objects reloaded before import = 0Number of asset objects unloaded after import = 1

========================================================================
Received Import Request.
  Time since last request: 0.000067 seconds.
  path: Assets/Scenes/Level02/LightingData.asset
  artifactKey: Guid(8fa6b210a4fb20548a6dcd60823c3e05) Importer(2089858483,d624ce77472d68a35037170ec1d2d27e)
Start importing Assets/Scenes/Level02/LightingData.asset using Guid(8fa6b210a4fb20548a6dcd60823c3e05) Importer(2089858483,d624ce77472d68a35037170ec1d2d27e) (ScriptedImporter) -> (artifact id: '8d4797ed29eedd1633e93a6c77de2e19') in 0.0045326 seconds
Number of updated asset objects reloaded before import = 0Number of asset objects unloaded after import = 2

========================================================================
Received Import Request.
  Time since last request: 0.000011 seconds.
  path: Assets/Scenes/Level15/LightingData.asset
  artifactKey: Guid(8d99dc87278dcce4dbb678225a3beec3) Importer(2089858483,d624ce77472d68a35037170ec1d2d27e)
Start importing Assets/Scenes/Level15/LightingData.asset using Guid(8d99dc87278dcce4dbb678225a3beec3) Importer(2089858483,d624ce77472d68a35037170ec1d2d27e) (ScriptedImporter) -> (artifact id: '69eaea08991e248395e5a3d9e422047b') in 0.003455 seconds
Number of updated asset objects reloaded before import = 0Number of asset objects unloaded after import = 2

========================================================================
Received Import Request.
  Time since last request: 0.000011 seconds.
  path: Assets/Scenes/Level09/ReflectionProbe-0.exr
  artifactKey: Guid(f9d19fc4a9da72b4aac0cfa0363152a4) Importer(2089858483,d624ce77472d68a35037170ec1d2d27e)
Start importing Assets/Scenes/Level09/ReflectionProbe-0.exr using Guid(f9d19fc4a9da72b4aac0cfa0363152a4) Importer(2089858483,d624ce77472d68a35037170ec1d2d27e) (ScriptedImporter) -> (artifact id: '73cea73a2e147d5a3254070cca50b3c2') in 0.0114611 seconds
Number of updated asset objects reloaded before import = 0Number of asset objects unloaded after import = 1

========================================================================
Received Import Request.
  Time since last request: 0.000036 seconds.
  path: Assets/Asset/DungeonTraps/Trap/Trap_Needle.FBX
  artifactKey: Guid(a07105af0bc77a942ac71b139b8f4c4b) Importer(2089858483,d624ce77472d68a35037170ec1d2d27e)
Start importing Assets/Asset/DungeonTraps/Trap/Trap_Needle.FBX using Guid(a07105af0bc77a942ac71b139b8f4c4b) Importer(2089858483,d624ce77472d68a35037170ec1d2d27e) (ScriptedImporter) -> (artifact id: '9ee748b8d7a96186d8fee62110aafad2') in 0.0116505 seconds
Number of updated asset objects reloaded before import = 0Number of asset objects unloaded after import = 14

========================================================================
Received Import Request.
  Time since last request: 0.000013 seconds.
  path: Assets/Scenes/Level02.unity
  artifactKey: Guid(e2cc2865e64a1e5459f1968aa01f4686) Importer(2089858483,d624ce77472d68a35037170ec1d2d27e)
Start importing Assets/Scenes/Level02.unity using Guid(e2cc2865e64a1e5459f1968aa01f4686) Importer(2089858483,d624ce77472d68a35037170ec1d2d27e) (ScriptedImporter) -> (artifact id: '4c2645b14f706a2bf35a3537190a39ba') in 0.0022686 seconds
Number of updated asset objects reloaded before import = 0Number of asset objects unloaded after import = 1

========================================================================
Received Import Request.
  Time since last request: 0.000037 seconds.
  path: Assets/Scenes/AnaMenu/ReflectionProbe-0.exr
  artifactKey: Guid(8c6f42889c9036241b1f9a55a85a30df) Importer(2089858483,d624ce77472d68a35037170ec1d2d27e)
Start importing Assets/Scenes/AnaMenu/ReflectionProbe-0.exr using Guid(8c6f42889c9036241b1f9a55a85a30df) Importer(2089858483,d624ce77472d68a35037170ec1d2d27e) (ScriptedImporter) -> (artifact id: '66212c5f6e92350b6454efc3bfd43dab') in 0.0086182 seconds
Number of updated asset objects reloaded before import = 0Number of asset objects unloaded after import = 1

========================================================================
Received Import Request.
  Time since last request: 0.000030 seconds.
  path: Assets/Scenes/ExtraLvl/ExtLevel03.unity
  artifactKey: Guid(f83547c068771a84ba75bfcd0c029a1d) Importer(2089858483,d624ce77472d68a35037170ec1d2d27e)
Start importing Assets/Scenes/ExtraLvl/ExtLevel03.unity using Guid(f83547c068771a84ba75bfcd0c029a1d) Importer(2089858483,d624ce77472d68a35037170ec1d2d27e) (ScriptedImporter) -> (artifact id: '58a0679406d4c84a6bb75bbf4d581f4c') in 0.0025545 seconds
Number of updated asset objects reloaded before import = 0Number of asset objects unloaded after import = 1

========================================================================
Received Import Request.
  Time since last request: 0.000054 seconds.
  path: Assets/Scenes/Level06/ReflectionProbe-0.exr
  artifactKey: Guid(739e5331ab35b01489ec6f6d665933a2) Importer(2089858483,d624ce77472d68a35037170ec1d2d27e)
Start importing Assets/Scenes/Level06/ReflectionProbe-0.exr using Guid(739e5331ab35b01489ec6f6d665933a2) Importer(2089858483,d624ce77472d68a35037170ec1d2d27e) (ScriptedImporter) -> (artifact id: '336c299825345cb6e56e7c6eda078288') in 0.0115628 seconds
Number of updated asset objects reloaded before import = 0Number of asset objects unloaded after import = 1

========================================================================
Received Import Request.
  Time since last request: 0.000017 seconds.
  path: Assets/Prefabs/Canvas/Camera.prefab
  artifactKey: Guid(9a8ed9e7cf60f0c4a8cab5a3d7630f66) Importer(2089858483,d624ce77472d68a35037170ec1d2d27e)
Start importing Assets/Prefabs/Canvas/Camera.prefab using Guid(9a8ed9e7cf60f0c4a8cab5a3d7630f66) Importer(2089858483,d624ce77472d68a35037170ec1d2d27e) (ScriptedImporter) -> (artifact id: '63c228c2a608b72d9866a9454105bf7b') in 0.0229675 seconds
Number of updated asset objects reloaded before import = 0Number of asset objects unloaded after import = 22

========================================================================
Received Import Request.
  Time since last request: 0.000012 seconds.
  path: Assets/Asset/DungeonTraps/Trap/BladeFrame.FBX
  artifactKey: Guid(f21a06c8e9720ef4d8c84b13183cf183) Importer(2089858483,d624ce77472d68a35037170ec1d2d27e)
Start importing Assets/Asset/DungeonTraps/Trap/BladeFrame.FBX using Guid(f21a06c8e9720ef4d8c84b13183cf183) Importer(2089858483,d624ce77472d68a35037170ec1d2d27e) (ScriptedImporter) -> (artifact id: '505ce487afec910e7287c86cc818fe63') in 0.0143503 seconds
Number of updated asset objects reloaded before import = 0Number of asset objects unloaded after import = 8

========================================================================
Received Import Request.
  Time since last request: 0.000013 seconds.
  path: Assets/Prefabs/Canvas/LevelButton_1.prefab
  artifactKey: Guid(777cd88da1e39684a9a5a6cc024f1ea5) Importer(2089858483,d624ce77472d68a35037170ec1d2d27e)
Start importing Assets/Prefabs/Canvas/LevelButton_1.prefab using Guid(777cd88da1e39684a9a5a6cc024f1ea5) Importer(2089858483,d624ce77472d68a35037170ec1d2d27e) (ScriptedImporter) -> (artifact id: 'cd63e7fe7751891165fbab2ac80d6460') in 0.0414999 seconds
Number of updated asset objects reloaded before import = 0Number of asset objects unloaded after import = 10

========================================================================
Received Import Request.
  Time since last request: 0.383518 seconds.
  path: Assets/Asset/Simple UI/PNG/UI_Fill_Orange.png
  artifactKey: Guid(4d07b2098820749219726c7524130fdf) Importer(2089858483,d624ce77472d68a35037170ec1d2d27e)
Start importing Assets/Asset/Simple UI/PNG/UI_Fill_Orange.png using Guid(4d07b2098820749219726c7524130fdf) Importer(2089858483,d624ce77472d68a35037170ec1d2d27e) (ScriptedImporter) -> (artifact id: '7def55f5dd0a8c404ded6b2640b478ee') in 0.0128566 seconds
Number of updated asset objects reloaded before import = 0Number of asset objects unloaded after import = 3

========================================================================
Received Import Request.
  Time since last request: 0.000013 seconds.
  path: Assets/Asset/Cartoon Temple Building Kit/Fbx/Round/Round Hollow 4.fbx
  artifactKey: Guid(019630ac704960d48a0180343bd8baee) Importer(2089858483,d624ce77472d68a35037170ec1d2d27e)
Start importing Assets/Asset/Cartoon Temple Building Kit/Fbx/Round/Round Hollow 4.fbx using Guid(019630ac704960d48a0180343bd8baee) Importer(2089858483,d624ce77472d68a35037170ec1d2d27e) (ScriptedImporter) -> (artifact id: 'ea634d6bdd4da395b84b470fb8eb5f67') in 0.0206884 seconds
Number of updated asset objects reloaded before import = 0Number of asset objects unloaded after import = 8

========================================================================
Received Import Request.
  Time since last request: 0.000015 seconds.
  path: Assets/Asset/Simple UI/Samples/Background.png
  artifactKey: Guid(744b884f5ab1b4aefb7838eeec4d046a) Importer(2089858483,d624ce77472d68a35037170ec1d2d27e)
Start importing Assets/Asset/Simple UI/Samples/Background.png using Guid(744b884f5ab1b4aefb7838eeec4d046a) Importer(2089858483,d624ce77472d68a35037170ec1d2d27e) (ScriptedImporter) -> (artifact id: '57a46b898ffcd871b8cd7016755ca4bd') in 0.0186978 seconds
Number of updated asset objects reloaded before import = 0Number of asset objects unloaded after import = 3

========================================================================
Received Import Request.
  Time since last request: 0.000015 seconds.
  path: Assets/Asset/Simple UI/PNG/UI_Tab_Inactive.png
  artifactKey: Guid(4858e152cf1864da293ed77efa6f4e31) Importer(2089858483,d624ce77472d68a35037170ec1d2d27e)
Start importing Assets/Asset/Simple UI/PNG/UI_Tab_Inactive.png using Guid(4858e152cf1864da293ed77efa6f4e31) Importer(2089858483,d624ce77472d68a35037170ec1d2d27e) (ScriptedImporter) -> (artifact id: '07f05e46016337e452cebc075387415a') in 0.0168117 seconds
Number of updated asset objects reloaded before import = 0Number of asset objects unloaded after import = 3

========================================================================
Received Import Request.
  Time since last request: 0.000016 seconds.
  path: Assets/Asset/Cartoon Temple Building Kit/Fbx/Blocks/Block 1x2.fbx
  artifactKey: Guid(cc109eaa82355154d817c9635aab90fc) Importer(2089858483,d624ce77472d68a35037170ec1d2d27e)
Start importing Assets/Asset/Cartoon Temple Building Kit/Fbx/Blocks/Block 1x2.fbx using Guid(cc109eaa82355154d817c9635aab90fc) Importer(2089858483,d624ce77472d68a35037170ec1d2d27e) (ScriptedImporter) -> (artifact id: 'c0045b0b0e5edd6713a311aaf80598a9') in 0.014377 seconds
Number of updated asset objects reloaded before import = 0Number of asset objects unloaded after import = 8

========================================================================
Received Import Request.
  Time since last request: 0.000013 seconds.
  path: Assets/Asset/Simple UI/PNG/UI_Frame_Dark_Transparent.png
  artifactKey: Guid(11d75de4e00bf4ca096aa248388d6a76) Importer(2089858483,d624ce77472d68a35037170ec1d2d27e)
Start importing Assets/Asset/Simple UI/PNG/UI_Frame_Dark_Transparent.png using Guid(11d75de4e00bf4ca096aa248388d6a76) Importer(2089858483,d624ce77472d68a35037170ec1d2d27e) (ScriptedImporter) -> (artifact id: '129ae06216f1bc2b875a0d2d34b1f605') in 0.0156267 seconds
Number of updated asset objects reloaded before import = 0Number of asset objects unloaded after import = 3

========================================================================
Received Import Request.
  Time since last request: 0.000013 seconds.
  path: Assets/Asset/Cartoon Temple Building Kit/Fbx/Ground Stones Tile/Ground Stones Tiles 1x5.fbx
  artifactKey: Guid(ef3a415e2b4c15941af5e74da6e162b0) Importer(2089858483,d624ce77472d68a35037170ec1d2d27e)
Start importing Assets/Asset/Cartoon Temple Building Kit/Fbx/Ground Stones Tile/Ground Stones Tiles 1x5.fbx using Guid(ef3a415e2b4c15941af5e74da6e162b0) Importer(2089858483,d624ce77472d68a35037170ec1d2d27e) (ScriptedImporter) -> (artifact id: '03d90971bd4e2a976720f4954d1f6600') in 0.0150984 seconds
Number of updated asset objects reloaded before import = 0Number of asset objects unloaded after import = 8

========================================================================
Received Import Request.
  Time since last request: 0.000015 seconds.
  path: Assets/Asset/Cartoon Temple Building Kit/Fbx/Blocks And Bricks/Blocks And Bricks 12 One Sided.fbx
  artifactKey: Guid(6bed07e103ad6dd4dbe9ac538bd7baac) Importer(2089858483,d624ce77472d68a35037170ec1d2d27e)
Start importing Assets/Asset/Cartoon Temple Building Kit/Fbx/Blocks And Bricks/Blocks And Bricks 12 One Sided.fbx using Guid(6bed07e103ad6dd4dbe9ac538bd7baac) Importer(2089858483,d624ce77472d68a35037170ec1d2d27e) (ScriptedImporter) -> (artifact id: '61eb45177a772b436dd559102e940ec2') in 0.0190215 seconds
Number of updated asset objects reloaded before import = 0Number of asset objects unloaded after import = 8

========================================================================
Received Import Request.
  Time since last request: 0.000019 seconds.
  path: Assets/Asset/Cartoon Temple Building Kit/Fbx/Blocks/Block 6x5x6.fbx
  artifactKey: Guid(7f81bf7237b48db498a73849d70b9bb3) Importer(2089858483,d624ce77472d68a35037170ec1d2d27e)
Start importing Assets/Asset/Cartoon Temple Building Kit/Fbx/Blocks/Block 6x5x6.fbx using Guid(7f81bf7237b48db498a73849d70b9bb3) Importer(2089858483,d624ce77472d68a35037170ec1d2d27e) (ScriptedImporter) -> (artifact id: '226e5c495b28287528c26752bd875f79') in 0.0147859 seconds
Number of updated asset objects reloaded before import = 0Number of asset objects unloaded after import = 8

========================================================================
Received Import Request.
  Time since last request: 0.000014 seconds.
  path: Assets/Asset/Cartoon Temple Building Kit/Fbx/Blocks/Block 6x5x7.fbx
  artifactKey: Guid(f0d93a8539ef9034799b70e8b40f655d) Importer(2089858483,d624ce77472d68a35037170ec1d2d27e)
Start importing Assets/Asset/Cartoon Temple Building Kit/Fbx/Blocks/Block 6x5x7.fbx using Guid(f0d93a8539ef9034799b70e8b40f655d) Importer(2089858483,d624ce77472d68a35037170ec1d2d27e) (ScriptedImporter) -> (artifact id: 'a024d3054161eb52e05db52df3357945') in 0.0168356 seconds
Number of updated asset objects reloaded before import = 0Number of asset objects unloaded after import = 8

========================================================================
Received Import Request.
  Time since last request: 0.000017 seconds.
  path: Assets/Asset/Cartoon Temple Building Kit/Fbx/Blocks And Bricks/Blocks And Bricks 6.fbx
  artifactKey: Guid(e5cc154f5b5d9c64e8becf7bb8076f16) Importer(2089858483,d624ce77472d68a35037170ec1d2d27e)
Start importing Assets/Asset/Cartoon Temple Building Kit/Fbx/Blocks And Bricks/Blocks And Bricks 6.fbx using Guid(e5cc154f5b5d9c64e8becf7bb8076f16) Importer(2089858483,d624ce77472d68a35037170ec1d2d27e) (ScriptedImporter) -> (artifact id: 'b61a8aa233fde14eb3c8db1298c3da77') in 0.0158647 seconds
Number of updated asset objects reloaded before import = 0Number of asset objects unloaded after import = 8

========================================================================
Received Import Request.
  Time since last request: 0.000013 seconds.
  path: Assets/Asset/Simple UI/PNG/UI_Panel_Window.png
  artifactKey: Guid(8bba60bd272ff4978982a12a88f56b11) Importer(2089858483,d624ce77472d68a35037170ec1d2d27e)
Start importing Assets/Asset/Simple UI/PNG/UI_Panel_Window.png using Guid(8bba60bd272ff4978982a12a88f56b11) Importer(2089858483,d624ce77472d68a35037170ec1d2d27e) (ScriptedImporter) -> (artifact id: 'b0a7ba897a27f01a5336aa06938b384b') in 0.0126939 seconds
Number of updated asset objects reloaded before import = 0Number of asset objects unloaded after import = 3

========================================================================
Received Import Request.
  Time since last request: 0.000011 seconds.
  path: Assets/Asset/Standard Assets/PhysicsMaterials/Wood.physicmaterial
  artifactKey: Guid(3aeb7dadc0c69d54d9e5777e9d5631f1) Importer(2089858483,d624ce77472d68a35037170ec1d2d27e)
Start importing Assets/Asset/Standard Assets/PhysicsMaterials/Wood.physicmaterial using Guid(3aeb7dadc0c69d54d9e5777e9d5631f1) Importer(2089858483,d624ce77472d68a35037170ec1d2d27e) (ScriptedImporter) -> (artifact id: 'f2ebe529405ddca0c60dc3ddeed1ce87') in 0.0040827 seconds
Number of updated asset objects reloaded before import = 0Number of asset objects unloaded after import = 1

========================================================================
Received Import Request.
  Time since last request: 0.000034 seconds.
  path: Assets/Asset/Cartoon Temple Building Kit/Fbx/Blocks And Bricks/Blocks And Bricks 3 One Sided.fbx
  artifactKey: Guid(f9ee77e7f78f9b74f877c4e1dbe3b26a) Importer(2089858483,d624ce77472d68a35037170ec1d2d27e)
Start importing Assets/Asset/Cartoon Temple Building Kit/Fbx/Blocks And Bricks/Blocks And Bricks 3 One Sided.fbx using Guid(f9ee77e7f78f9b74f877c4e1dbe3b26a) Importer(2089858483,d624ce77472d68a35037170ec1d2d27e) (ScriptedImporter) -> (artifact id: '198b20c490099891383df6f3facb7cd2') in 0.012452 seconds
Number of updated asset objects reloaded before import = 0Number of asset objects unloaded after import = 8

========================================================================
Received Import Request.
  Time since last request: 0.000012 seconds.
  path: Assets/Asset/Cartoon Temple Building Kit/Fbx/Blocks/Block 4x4x6.fbx
  artifactKey: Guid(435d89ab785e6c744af2c463896d01b2) Importer(2089858483,d624ce77472d68a35037170ec1d2d27e)
Start importing Assets/Asset/Cartoon Temple Building Kit/Fbx/Blocks/Block 4x4x6.fbx using Guid(435d89ab785e6c744af2c463896d01b2) Importer(2089858483,d624ce77472d68a35037170ec1d2d27e) (ScriptedImporter) -> (artifact id: '3d9092743e878332b8089090d63ad65b') in 0.0136725 seconds
Number of updated asset objects reloaded before import = 0Number of asset objects unloaded after import = 8

========================================================================
Received Import Request.
  Time since last request: 0.000012 seconds.
  path: Assets/Asset/Cartoon Temple Building Kit/Fbx/Blocks/Block 5x4x6.fbx
  artifactKey: Guid(aefc67f608bd31447bbb42d44fad9a4c) Importer(2089858483,d624ce77472d68a35037170ec1d2d27e)
Start importing Assets/Asset/Cartoon Temple Building Kit/Fbx/Blocks/Block 5x4x6.fbx using Guid(aefc67f608bd31447bbb42d44fad9a4c) Importer(2089858483,d624ce77472d68a35037170ec1d2d27e) (ScriptedImporter) -> (artifact id: '614551022e0f4a250e06417d60863262') in 0.0131846 seconds
Number of updated asset objects reloaded before import = 0Number of asset objects unloaded after import = 8

========================================================================
Received Import Request.
  Time since last request: 0.000012 seconds.
  path: Assets/Asset/Cartoon Temple Building Kit/Fbx/Ground Stones Tile/Ground Stones Tile 1x2.fbx
  artifactKey: Guid(92ea0953717ae904db3a307fb56a85f0) Importer(2089858483,d624ce77472d68a35037170ec1d2d27e)
Start importing Assets/Asset/Cartoon Temple Building Kit/Fbx/Ground Stones Tile/Ground Stones Tile 1x2.fbx using Guid(92ea0953717ae904db3a307fb56a85f0) Importer(2089858483,d624ce77472d68a35037170ec1d2d27e) (ScriptedImporter) -> (artifact id: 'a113ba9852520b288b180d9ef990d251') in 0.0146246 seconds
Number of updated asset objects reloaded before import = 0Number of asset objects unloaded after import = 8

========================================================================
Received Import Request.
  Time since last request: 0.000013 seconds.
  path: Assets/Asset/Cartoon Temple Building Kit/Fbx/Ground Stones Tile/Ground Stones Tile 1x3.fbx
  artifactKey: Guid(69f1057f665769a4c922520c48e0fff7) Importer(2089858483,d624ce77472d68a35037170ec1d2d27e)
Start importing Assets/Asset/Cartoon Temple Building Kit/Fbx/Ground Stones Tile/Ground Stones Tile 1x3.fbx using Guid(69f1057f665769a4c922520c48e0fff7) Importer(2089858483,d624ce77472d68a35037170ec1d2d27e) (ScriptedImporter) -> (artifact id: '84a0c1e08c2cbbdf2077b2784e39aaa1') in 0.0168006 seconds
Number of updated asset objects reloaded before import = 0Number of asset objects unloaded after import = 8

========================================================================
Received Import Request.
  Time since last request: 0.000012 seconds.
  path: Assets/Asset/Cartoon Temple Building Kit/Fbx/Blocks/Block 5x5.fbx
  artifactKey: Guid(18d97308742dc0b458d2ed6f3455ccc6) Importer(2089858483,d624ce77472d68a35037170ec1d2d27e)
Start importing Assets/Asset/Cartoon Temple Building Kit/Fbx/Blocks/Block 5x5.fbx using Guid(18d97308742dc0b458d2ed6f3455ccc6) Importer(2089858483,d624ce77472d68a35037170ec1d2d27e) (ScriptedImporter) -> (artifact id: '0d0fb4e535045f2ef46ce5e8173c474e') in 0.0137759 seconds
Number of updated asset objects reloaded before import = 0Number of asset objects unloaded after import = 8

========================================================================
Received Import Request.
  Time since last request: 0.000015 seconds.
  path: Assets/Asset/Cartoon Temple Building Kit/Fbx/Ground Stones Tile/Ground Stones Tiles 4x4.fbx
  artifactKey: Guid(f5012a2baad28264cb329a3d78c8c676) Importer(2089858483,d624ce77472d68a35037170ec1d2d27e)
Start importing Assets/Asset/Cartoon Temple Building Kit/Fbx/Ground Stones Tile/Ground Stones Tiles 4x4.fbx using Guid(f5012a2baad28264cb329a3d78c8c676) Importer(2089858483,d624ce77472d68a35037170ec1d2d27e) (ScriptedImporter) -> (artifact id: '4822006a63e34b773f0069cc6a7a3327') in 0.0177852 seconds
Number of updated asset objects reloaded before import = 0Number of asset objects unloaded after import = 8

========================================================================
Received Import Request.
  Time since last request: 0.000014 seconds.
  path: Assets/Asset/Cartoon Temple Building Kit/Fbx/Blocks/Block 3x3.fbx
  artifactKey: Guid(fe27b250dc30e89488d9cdad0ba8f8f7) Importer(2089858483,d624ce77472d68a35037170ec1d2d27e)
Start importing Assets/Asset/Cartoon Temple Building Kit/Fbx/Blocks/Block 3x3.fbx using Guid(fe27b250dc30e89488d9cdad0ba8f8f7) Importer(2089858483,d624ce77472d68a35037170ec1d2d27e) (ScriptedImporter) -> (artifact id: '44fafe594d579da54e94113da94a417c') in 0.0124465 seconds
Number of updated asset objects reloaded before import = 0Number of asset objects unloaded after import = 8

========================================================================
Received Import Request.
  Time since last request: 0.000013 seconds.
  path: Assets/Asset/Cartoon Temple Building Kit/Fbx/Round/Round Hollow 1.fbx
  artifactKey: Guid(cb8b41e414e233745b14253dac43440e) Importer(2089858483,d624ce77472d68a35037170ec1d2d27e)
Start importing Assets/Asset/Cartoon Temple Building Kit/Fbx/Round/Round Hollow 1.fbx using Guid(cb8b41e414e233745b14253dac43440e) Importer(2089858483,d624ce77472d68a35037170ec1d2d27e) (ScriptedImporter) -> (artifact id: 'f898a7fe2d74308398c58b31930029e9') in 0.0145179 seconds
Number of updated asset objects reloaded before import = 0Number of asset objects unloaded after import = 8

========================================================================
Received Import Request.
  Time since last request: 0.000015 seconds.
  path: Assets/Asset/Cartoon Temple Building Kit/Fbx/Blocks And Bricks/Blocks And Bricks 7.fbx
  artifactKey: Guid(94ddb31aff0f2944ca16797a041d80fd) Importer(2089858483,d624ce77472d68a35037170ec1d2d27e)
Start importing Assets/Asset/Cartoon Temple Building Kit/Fbx/Blocks And Bricks/Blocks And Bricks 7.fbx using Guid(94ddb31aff0f2944ca16797a041d80fd) Importer(2089858483,d624ce77472d68a35037170ec1d2d27e) (ScriptedImporter) -> (artifact id: 'c3ab1a56d66cc36a24404801321cca92') in 0.0141777 seconds
Number of updated asset objects reloaded before import = 0Number of asset objects unloaded after import = 8

========================================================================
Received Import Request.
  Time since last request: 0.000014 seconds.
  path: Assets/Asset/Cartoon Temple Building Kit/Fbx/Blocks And Bricks/Blocks And Bricks 1.fbx
  artifactKey: Guid(a5851dd92f28fb946b5992b2f74d67e7) Importer(2089858483,d624ce77472d68a35037170ec1d2d27e)
Start importing Assets/Asset/Cartoon Temple Building Kit/Fbx/Blocks And Bricks/Blocks And Bricks 1.fbx using Guid(a5851dd92f28fb946b5992b2f74d67e7) Importer(2089858483,d624ce77472d68a35037170ec1d2d27e) (ScriptedImporter) -> (artifact id: '405b92343ec46a79162240301bb61f37') in 0.0131399 seconds
Number of updated asset objects reloaded before import = 0Number of asset objects unloaded after import = 8

========================================================================
Received Import Request.
  Time since last request: 0.000022 seconds.
  path: Assets/Asset/Cartoon Temple Building Kit/Fbx/Blocks/Block 3x3x3.fbx
  artifactKey: Guid(3afba6fdfba20a848a1189a5dc165bbe) Importer(2089858483,d624ce77472d68a35037170ec1d2d27e)
Start importing Assets/Asset/Cartoon Temple Building Kit/Fbx/Blocks/Block 3x3x3.fbx using Guid(3afba6fdfba20a848a1189a5dc165bbe) Importer(2089858483,d624ce77472d68a35037170ec1d2d27e) (ScriptedImporter) -> (artifact id: '1a35b4653b0de73d952e83f26c594e13') in 0.0150317 seconds
Number of updated asset objects reloaded before import = 0Number of asset objects unloaded after import = 8

========================================================================
Received Import Request.
  Time since last request: 0.000013 seconds.
  path: Assets/Asset/Simple UI/Resource Icons/UI_Graphic_Resource_Food.png
  artifactKey: Guid(25b6b275757df4f589d23b542f236cb0) Importer(2089858483,d624ce77472d68a35037170ec1d2d27e)
Start importing Assets/Asset/Simple UI/Resource Icons/UI_Graphic_Resource_Food.png using Guid(25b6b275757df4f589d23b542f236cb0) Importer(2089858483,d624ce77472d68a35037170ec1d2d27e) (ScriptedImporter) -> (artifact id: '5cc5addeccd709e5f2d31ceb95f12541') in 0.0168018 seconds
Number of updated asset objects reloaded before import = 0Number of asset objects unloaded after import = 3

========================================================================
Received Import Request.
  Time since last request: 0.000017 seconds.
  path: Assets/Asset/Cartoon Temple Building Kit/Fbx/Blocks/Block 1x5.fbx
  artifactKey: Guid(360d04f4e30eda94f80032f4395bae8a) Importer(2089858483,d624ce77472d68a35037170ec1d2d27e)
Start importing Assets/Asset/Cartoon Temple Building Kit/Fbx/Blocks/Block 1x5.fbx using Guid(360d04f4e30eda94f80032f4395bae8a) Importer(2089858483,d624ce77472d68a35037170ec1d2d27e) (ScriptedImporter) -> (artifact id: '8e1866c24a3979900182ce6672fde809') in 0.0185809 seconds
Number of updated asset objects reloaded before import = 0Number of asset objects unloaded after import = 8

========================================================================
Received Import Request.
  Time since last request: 0.000021 seconds.
  path: Assets/Asset/Cartoon Temple Building Kit/Fbx/Ground Stones Tile/Ground Stones Tile Half 1.fbx
  artifactKey: Guid(129dd0fc5b09871458d6b2909509b4f9) Importer(2089858483,d624ce77472d68a35037170ec1d2d27e)
Start importing Assets/Asset/Cartoon Temple Building Kit/Fbx/Ground Stones Tile/Ground Stones Tile Half 1.fbx using Guid(129dd0fc5b09871458d6b2909509b4f9) Importer(2089858483,d624ce77472d68a35037170ec1d2d27e) (ScriptedImporter) -> (artifact id: 'fe876e2f7e8448d2dd348007b50edeab') in 0.0137722 seconds
Number of updated asset objects reloaded before import = 0Number of asset objects unloaded after import = 8

========================================================================
Received Import Request.
  Time since last request: 0.000015 seconds.
  path: Assets/Asset/Cartoon Temple Building Kit/Fbx/Blocks/Block 3x2x4.fbx
  artifactKey: Guid(31ff47d4c8cd4fd4eb398967afd6bc0f) Importer(2089858483,d624ce77472d68a35037170ec1d2d27e)
Start importing Assets/Asset/Cartoon Temple Building Kit/Fbx/Blocks/Block 3x2x4.fbx using Guid(31ff47d4c8cd4fd4eb398967afd6bc0f) Importer(2089858483,d624ce77472d68a35037170ec1d2d27e) (ScriptedImporter) -> (artifact id: '07306cee2e3bfb1f4803fe225fbceb33') in 0.0149071 seconds
Number of updated asset objects reloaded before import = 0Number of asset objects unloaded after import = 8

========================================================================
Received Import Request.
  Time since last request: 0.000012 seconds.
  path: Assets/Asset/Cartoon Temple Building Kit/Fbx/Blocks/Block 4x2x4.fbx
  artifactKey: Guid(1925cc2cc84589b4cbec60a869662d20) Importer(2089858483,d624ce77472d68a35037170ec1d2d27e)
Start importing Assets/Asset/Cartoon Temple Building Kit/Fbx/Blocks/Block 4x2x4.fbx using Guid(1925cc2cc84589b4cbec60a869662d20) Importer(2089858483,d624ce77472d68a35037170ec1d2d27e) (ScriptedImporter) -> (artifact id: '31329bed541aa622d0501164545bc72d') in 0.0150302 seconds
Number of updated asset objects reloaded before import = 0Number of asset objects unloaded after import = 8

========================================================================
Received Import Request.
  Time since last request: 0.000012 seconds.
  path: Assets/Asset/Cartoon Temple Building Kit/Fbx/Blocks And Bricks/Blocks And Bricks 11 One Sided.fbx
  artifactKey: Guid(d6aaf9639bf9bcf4a8f41fabf3061342) Importer(2089858483,d624ce77472d68a35037170ec1d2d27e)
Start importing Assets/Asset/Cartoon Temple Building Kit/Fbx/Blocks And Bricks/Blocks And Bricks 11 One Sided.fbx using Guid(d6aaf9639bf9bcf4a8f41fabf3061342) Importer(2089858483,d624ce77472d68a35037170ec1d2d27e) (ScriptedImporter) -> (artifact id: '7a8b8041151b1f929d6c7a773fcea1ba') in 0.0135044 seconds
Number of updated asset objects reloaded before import = 0Number of asset objects unloaded after import = 8

========================================================================
Received Import Request.
  Time since last request: 0.000015 seconds.
  path: Assets/Asset/Cartoon Temple Building Kit/Fbx/Blocks And Bricks/Blocks And Bricks 7 One Sided.fbx
  artifactKey: Guid(ecb39ee58582eca4aaeaee9de48544c8) Importer(2089858483,d624ce77472d68a35037170ec1d2d27e)
Start importing Assets/Asset/Cartoon Temple Building Kit/Fbx/Blocks And Bricks/Blocks And Bricks 7 One Sided.fbx using Guid(ecb39ee58582eca4aaeaee9de48544c8) Importer(2089858483,d624ce77472d68a35037170ec1d2d27e) (ScriptedImporter) -> (artifact id: '57109b6058dc412c96084ec1a3371452') in 0.0140015 seconds
Number of updated asset objects reloaded before import = 0Number of asset objects unloaded after import = 8

========================================================================
Received Import Request.
  Time since last request: 0.000013 seconds.
  path: Assets/Asset/Cartoon Temple Building Kit/Fbx/Blocks And Bricks/Blocks And Bricks 6 One Sided.fbx
  artifactKey: Guid(d056eba0bee9ff8458040a43841480e8) Importer(2089858483,d624ce77472d68a35037170ec1d2d27e)
Start importing Assets/Asset/Cartoon Temple Building Kit/Fbx/Blocks And Bricks/Blocks And Bricks 6 One Sided.fbx using Guid(d056eba0bee9ff8458040a43841480e8) Importer(2089858483,d624ce77472d68a35037170ec1d2d27e) (ScriptedImporter) -> (artifact id: 'ba8a17a6ecd287a32b06fd33ac90262e') in 0.0191485 seconds
Number of updated asset objects reloaded before import = 0Number of asset objects unloaded after import = 8

========================================================================
Received Import Request.
  Time since last request: 0.000016 seconds.
  path: Assets/Asset/Simple UI/PNG/UI_Tab_Active.png
  artifactKey: Guid(c6e1c1cabbcb24e8fa0372a11a27535e) Importer(2089858483,d624ce77472d68a35037170ec1d2d27e)
Start importing Assets/Asset/Simple UI/PNG/UI_Tab_Active.png using Guid(c6e1c1cabbcb24e8fa0372a11a27535e) Importer(2089858483,d624ce77472d68a35037170ec1d2d27e) (ScriptedImporter) -> (artifact id: 'a7d1a6cbaa39a9c7e72e5195a6e4e89e') in 0.0128788 seconds
Number of updated asset objects reloaded before import = 0Number of asset objects unloaded after import = 3

========================================================================
Received Import Request.
  Time since last request: 0.000013 seconds.
  path: Assets/Asset/Cartoon Temple Building Kit/Fbx/Blocks And Bricks/Blocks And Bricks 19.fbx
  artifactKey: Guid(e22ccab029cc3f849ac550b30936b1d0) Importer(2089858483,d624ce77472d68a35037170ec1d2d27e)
Start importing Assets/Asset/Cartoon Temple Building Kit/Fbx/Blocks And Bricks/Blocks And Bricks 19.fbx using Guid(e22ccab029cc3f849ac550b30936b1d0) Importer(2089858483,d624ce77472d68a35037170ec1d2d27e) (ScriptedImporter) -> (artifact id: 'e10da0736dce58f2cd290d8b5921938e') in 0.0129003 seconds
Number of updated asset objects reloaded before import = 0Number of asset objects unloaded after import = 8

========================================================================
Received Import Request.
  Time since last request: 0.000016 seconds.
  path: Assets/ExternalDependencyManager/Editor/1.2.187/Google.PackageManagerResolver.pdb
  artifactKey: Guid(dfe1264154774d709896e750e01d4d14) Importer(2089858483,d624ce77472d68a35037170ec1d2d27e)
Start importing Assets/ExternalDependencyManager/Editor/1.2.187/Google.PackageManagerResolver.pdb using Guid(dfe1264154774d709896e750e01d4d14) Importer(2089858483,d624ce77472d68a35037170ec1d2d27e) (ScriptedImporter) -> (artifact id: '269db45477c0faa6f5bc314568739f76') in 0.0037823 seconds
Number of updated asset objects reloaded before import = 0Number of asset objects unloaded after import = 1

========================================================================
Received Import Request.
  Time since last request: 0.000042 seconds.
  path: Assets/Asset/Cartoon Temple Building Kit/Fbx/Blocks/Block 2x4.fbx
  artifactKey: Guid(f9b6fb13192345240be2f5ea2aa7217d) Importer(2089858483,d624ce77472d68a35037170ec1d2d27e)
Start importing Assets/Asset/Cartoon Temple Building Kit/Fbx/Blocks/Block 2x4.fbx using Guid(f9b6fb13192345240be2f5ea2aa7217d) Importer(2089858483,d624ce77472d68a35037170ec1d2d27e) (ScriptedImporter) -> (artifact id: '304f51af65dec865d17651539de04763') in 0.0136314 seconds
Number of updated asset objects reloaded before import = 0Number of asset objects unloaded after import = 8

========================================================================
Received Import Request.
  Time since last request: 0.000015 seconds.
  path: Assets/Asset/Cartoon Temple Building Kit/Fbx/Blocks And Bricks/Blocks And Bricks 1 One Sided.fbx
  artifactKey: Guid(c9885083de27e39468dc5fa6c7b65f51) Importer(2089858483,d624ce77472d68a35037170ec1d2d27e)
Start importing Assets/Asset/Cartoon Temple Building Kit/Fbx/Blocks And Bricks/Blocks And Bricks 1 One Sided.fbx using Guid(c9885083de27e39468dc5fa6c7b65f51) Importer(2089858483,d624ce77472d68a35037170ec1d2d27e) (ScriptedImporter) -> (artifact id: 'b6e339296244be49469465c31ca9edf3') in 0.016049 seconds
Number of updated asset objects reloaded before import = 0Number of asset objects unloaded after import = 8

========================================================================
Received Import Request.
  Time since last request: 0.000016 seconds.
  path: Assets/Asset/Cartoon Temple Building Kit/Fbx/Blocks And Bricks/Blocks And Bricks 5 One Sided.fbx
  artifactKey: Guid(696d556840cd1374bad394d0ae159de6) Importer(2089858483,d624ce77472d68a35037170ec1d2d27e)
Start importing Assets/Asset/Cartoon Temple Building Kit/Fbx/Blocks And Bricks/Blocks And Bricks 5 One Sided.fbx using Guid(696d556840cd1374bad394d0ae159de6) Importer(2089858483,d624ce77472d68a35037170ec1d2d27e) (ScriptedImporter) -> (artifact id: '4f8ca0296988bf1b0414771aa7be7f7f') in 0.0172026 seconds
Number of updated asset objects reloaded before import = 0Number of asset objects unloaded after import = 8

========================================================================
Received Import Request.
  Time since last request: 0.000026 seconds.
  path: Assets/Asset/Cartoon Temple Building Kit/Fbx/Blocks/Block 4x5.fbx
  artifactKey: Guid(10e0883856101194c9769b19004b6c03) Importer(2089858483,d624ce77472d68a35037170ec1d2d27e)
Start importing Assets/Asset/Cartoon Temple Building Kit/Fbx/Blocks/Block 4x5.fbx using Guid(10e0883856101194c9769b19004b6c03) Importer(2089858483,d624ce77472d68a35037170ec1d2d27e) (ScriptedImporter) -> (artifact id: '817c006f2570b9459dc42bad575b6060') in 0.0152579 seconds
Number of updated asset objects reloaded before import = 0Number of asset objects unloaded after import = 8

========================================================================
Received Import Request.
  Time since last request: 0.000014 seconds.
  path: Assets/Asset/Cartoon Temple Building Kit/Fbx/Blocks And Bricks/Blocks And Bricks 19 One Sided.fbx
  artifactKey: Guid(4853c36419e86a748ac8218cc736c80d) Importer(2089858483,d624ce77472d68a35037170ec1d2d27e)
Start importing Assets/Asset/Cartoon Temple Building Kit/Fbx/Blocks And Bricks/Blocks And Bricks 19 One Sided.fbx using Guid(4853c36419e86a748ac8218cc736c80d) Importer(2089858483,d624ce77472d68a35037170ec1d2d27e) (ScriptedImporter) -> (artifact id: '55e594c879facccb5d63bfbca9d112d6') in 0.0160006 seconds
Number of updated asset objects reloaded before import = 0Number of asset objects unloaded after import = 8

========================================================================
Received Import Request.
  Time since last request: 0.000013 seconds.
  path: Assets/Asset/Cartoon Temple Building Kit/Fbx/Blocks And Bricks/Blocks And Bricks 9  One Sided.fbx
  artifactKey: Guid(b22600e8fbbb3d74b9009989ed458fd8) Importer(2089858483,d624ce77472d68a35037170ec1d2d27e)
Start importing Assets/Asset/Cartoon Temple Building Kit/Fbx/Blocks And Bricks/Blocks And Bricks 9  One Sided.fbx using Guid(b22600e8fbbb3d74b9009989ed458fd8) Importer(2089858483,d624ce77472d68a35037170ec1d2d27e) (ScriptedImporter) -> (artifact id: '04bf864b47866eba8ca4a28dddd4761b') in 0.0145025 seconds
Number of updated asset objects reloaded before import = 0Number of asset objects unloaded after import = 8

========================================================================
Received Import Request.
  Time since last request: 0.000016 seconds.
  path: Assets/Asset/Cartoon Temple Building Kit/Fbx/Blocks/Block 2x2.fbx
  artifactKey: Guid(ebd7373cab8539a4982fd7dd8c55aff6) Importer(2089858483,d624ce77472d68a35037170ec1d2d27e)
Start importing Assets/Asset/Cartoon Temple Building Kit/Fbx/Blocks/Block 2x2.fbx using Guid(ebd7373cab8539a4982fd7dd8c55aff6) Importer(2089858483,d624ce77472d68a35037170ec1d2d27e) (ScriptedImporter) -> (artifact id: '9516deed18823da6a9997e06c9209483') in 0.0155969 seconds
Number of updated asset objects reloaded before import = 0Number of asset objects unloaded after import = 8

========================================================================
Received Import Request.
  Time since last request: 0.000013 seconds.
  path: Assets/Asset/Cartoon Temple Building Kit/Fbx/Blocks/Block 5x5x6.fbx
  artifactKey: Guid(59bfaabf5c24e1544a99ff1e59e464b5) Importer(2089858483,d624ce77472d68a35037170ec1d2d27e)
Start importing Assets/Asset/Cartoon Temple Building Kit/Fbx/Blocks/Block 5x5x6.fbx using Guid(59bfaabf5c24e1544a99ff1e59e464b5) Importer(2089858483,d624ce77472d68a35037170ec1d2d27e) (ScriptedImporter) -> (artifact id: 'dc75d70b04aa3860113aeabad77e1b7f') in 0.0146466 seconds
Number of updated asset objects reloaded before import = 0Number of asset objects unloaded after import = 8

========================================================================
Received Import Request.
  Time since last request: 0.000014 seconds.
  path: Assets/Asset/Cartoon Temple Building Kit/Fbx/Blocks And Bricks/Blocks And Bricks 4.fbx
  artifactKey: Guid(e31dae40992728d438b3161b4ecda39c) Importer(2089858483,d624ce77472d68a35037170ec1d2d27e)
Start importing Assets/Asset/Cartoon Temple Building Kit/Fbx/Blocks And Bricks/Blocks And Bricks 4.fbx using Guid(e31dae40992728d438b3161b4ecda39c) Importer(2089858483,d624ce77472d68a35037170ec1d2d27e) (ScriptedImporter) -> (artifact id: 'bc8d9c5b3bd96dc6651e210bc24be617') in 0.0178557 seconds
Number of updated asset objects reloaded before import = 0Number of asset objects unloaded after import = 8

========================================================================
Received Import Request.
  Time since last request: 0.000014 seconds.
  path: Assets/Asset/Cartoon Temple Building Kit/Fbx/Blocks And Bricks/Blocks And Bricks 2 One Sided.fbx
  artifactKey: Guid(32bf8613d571b9343bb022a1d42356c7) Importer(2089858483,d624ce77472d68a35037170ec1d2d27e)
Start importing Assets/Asset/Cartoon Temple Building Kit/Fbx/Blocks And Bricks/Blocks And Bricks 2 One Sided.fbx using Guid(32bf8613d571b9343bb022a1d42356c7) Importer(2089858483,d624ce77472d68a35037170ec1d2d27e) (ScriptedImporter) -> (artifact id: '84ecbf6bd4444c79c7d2a70563aedce8') in 0.0152479 seconds
Number of updated asset objects reloaded before import = 0Number of asset objects unloaded after import = 8

========================================================================
Received Import Request.
  Time since last request: 0.682514 seconds.
  path: Assets/Asset/Cartoon Temple Building Kit/Fbx/Round/Round Pineapple 1.fbx
  artifactKey: Guid(a5d3b3583b5ef3741bec2a2594838bec) Importer(2089858483,d624ce77472d68a35037170ec1d2d27e)
Start importing Assets/Asset/Cartoon Temple Building Kit/Fbx/Round/Round Pineapple 1.fbx using Guid(a5d3b3583b5ef3741bec2a2594838bec) Importer(2089858483,d624ce77472d68a35037170ec1d2d27e) (ScriptedImporter) -> (artifact id: '51839d4711454b115e90c864154b32ac') in 0.0125986 seconds
Number of updated asset objects reloaded before import = 0Number of asset objects unloaded after import = 8

========================================================================
Received Import Request.
  Time since last request: 0.000013 seconds.
  path: Assets/Asset/Cartoon Temple Building Kit/Prefabs/Blocks Prefabs/Block 3x5.prefab
  artifactKey: Guid(a4cae002562d87e4ea0f3f9841c73dff) Importer(2089858483,d624ce77472d68a35037170ec1d2d27e)
Start importing Assets/Asset/Cartoon Temple Building Kit/Prefabs/Blocks Prefabs/Block 3x5.prefab using Guid(a4cae002562d87e4ea0f3f9841c73dff) Importer(2089858483,d624ce77472d68a35037170ec1d2d27e) (ScriptedImporter) -> (artifact id: '518f8556e321ae308a701de5b09c5764') in 0.0078415 seconds
Number of updated asset objects reloaded before import = 0Number of asset objects unloaded after import = 8

========================================================================
Received Import Request.
  Time since last request: 0.000013 seconds.
  path: Assets/Asset/Cartoon Temple Building Kit/Fbx/Sig Sag/Sig Sag 4x8 One Sided.fbx
  artifactKey: Guid(b998c35dbc7450743a62469e9ce433b9) Importer(2089858483,d624ce77472d68a35037170ec1d2d27e)
Start importing Assets/Asset/Cartoon Temple Building Kit/Fbx/Sig Sag/Sig Sag 4x8 One Sided.fbx using Guid(b998c35dbc7450743a62469e9ce433b9) Importer(2089858483,d624ce77472d68a35037170ec1d2d27e) (ScriptedImporter) -> (artifact id: '04c9bb53d2ea136a8746f9077c26b035') in 0.0138435 seconds
Number of updated asset objects reloaded before import = 0Number of asset objects unloaded after import = 8

========================================================================
Received Import Request.
  Time since last request: 0.000013 seconds.
  path: Assets/Asset/Cartoon Temple Building Kit/Prefabs/Round Prefabs/Round Hollow 3.prefab
  artifactKey: Guid(e611ff11801aed84b9327ed1542b0794) Importer(2089858483,d624ce77472d68a35037170ec1d2d27e)
Start importing Assets/Asset/Cartoon Temple Building Kit/Prefabs/Round Prefabs/Round Hollow 3.prefab using Guid(e611ff11801aed84b9327ed1542b0794) Importer(2089858483,d624ce77472d68a35037170ec1d2d27e) (ScriptedImporter) -> (artifact id: '0666eadbe0d8007f5b289beaf352d8f9') in 0.0075158 seconds
Number of updated asset objects reloaded before import = 0Number of asset objects unloaded after import = 8

========================================================================
Received Import Request.
  Time since last request: 0.000016 seconds.
  path: Assets/Asset/Cartoon Temple Building Kit/Prefabs/Blocks And Bricks Prefabs/Blocks And Bricks 4 One Sided.prefab
  artifactKey: Guid(d3ac6be58ed17034daddfc20c9157f4f) Importer(2089858483,d624ce77472d68a35037170ec1d2d27e)
Start importing Assets/Asset/Cartoon Temple Building Kit/Prefabs/Blocks And Bricks Prefabs/Blocks And Bricks 4 One Sided.prefab using Guid(d3ac6be58ed17034daddfc20c9157f4f) Importer(2089858483,d624ce77472d68a35037170ec1d2d27e) (ScriptedImporter) -> (artifact id: '03614162ffd70b25d306e515d15270c7') in 0.0078858 seconds
Number of updated asset objects reloaded before import = 0Number of asset objects unloaded after import = 8

========================================================================
Received Import Request.
  Time since last request: 0.000023 seconds.
  path: Assets/Asset/Cartoon Temple Building Kit/Prefabs/Blocks And Bricks Prefabs/Blocks And Bricks 5.prefab
  artifactKey: Guid(ce95550abf8148e449f64c4ec0b439e9) Importer(2089858483,d624ce77472d68a35037170ec1d2d27e)
Start importing Assets/Asset/Cartoon Temple Building Kit/Prefabs/Blocks And Bricks Prefabs/Blocks And Bricks 5.prefab using Guid(ce95550abf8148e449f64c4ec0b439e9) Importer(2089858483,d624ce77472d68a35037170ec1d2d27e) (ScriptedImporter) -> (artifact id: '87ab4e87e49394726db294a286282242') in 0.009831 seconds
Number of updated asset objects reloaded before import = 0Number of asset objects unloaded after import = 8

========================================================================
Received Import Request.
  Time since last request: 0.000014 seconds.
  path: Assets/Asset/Cartoon Temple Building Kit/Fbx/Sig Sag/Sig Sag 2x2 One Sided.fbx
  artifactKey: Guid(48b43c7c063c3d348b2d8b814ca86ee5) Importer(2089858483,d624ce77472d68a35037170ec1d2d27e)
Start importing Assets/Asset/Cartoon Temple Building Kit/Fbx/Sig Sag/Sig Sag 2x2 One Sided.fbx using Guid(48b43c7c063c3d348b2d8b814ca86ee5) Importer(2089858483,d624ce77472d68a35037170ec1d2d27e) (ScriptedImporter) -> (artifact id: '611cc29e1eed1ebf60435c7bf35654e9') in 0.0130396 seconds
Number of updated asset objects reloaded before import = 0Number of asset objects unloaded after import = 8

========================================================================
Received Import Request.
  Time since last request: 0.000015 seconds.
  path: Assets/Asset/Cartoon Temple Building Kit/Fbx/Walls/Wall Tile 4x1.fbx
  artifactKey: Guid(3ca04cd94eb54d544b1c45d96ed0b6df) Importer(2089858483,d624ce77472d68a35037170ec1d2d27e)
Start importing Assets/Asset/Cartoon Temple Building Kit/Fbx/Walls/Wall Tile 4x1.fbx using Guid(3ca04cd94eb54d544b1c45d96ed0b6df) Importer(2089858483,d624ce77472d68a35037170ec1d2d27e) (ScriptedImporter) -> (artifact id: '233bb4aeb1bdda33a4118e5b0b627c0e') in 0.0141955 seconds
Number of updated asset objects reloaded before import = 0Number of asset objects unloaded after import = 8

========================================================================
Received Import Request.
  Time since last request: 0.000014 seconds.
  path: Assets/Asset/Cartoon Temple Building Kit/Prefabs/Doors Gates Hallways Prefabs/Hallway 3x1.prefab
  artifactKey: Guid(e1e6f97d42620ce48848d5770c89478a) Importer(2089858483,d624ce77472d68a35037170ec1d2d27e)
Start importing Assets/Asset/Cartoon Temple Building Kit/Prefabs/Doors Gates Hallways Prefabs/Hallway 3x1.prefab using Guid(e1e6f97d42620ce48848d5770c89478a) Importer(2089858483,d624ce77472d68a35037170ec1d2d27e) (ScriptedImporter) -> (artifact id: 'a243fc86142dc6756a4397973edef69b') in 0.008383 seconds
Number of updated asset objects reloaded before import = 0Number of asset objects unloaded after import = 8

========================================================================
Received Import Request.
  Time since last request: 0.000016 seconds.
  path: Assets/Asset/Cartoon Temple Building Kit/Prefabs/Round Prefabs/Round Wide 2.prefab
  artifactKey: Guid(7623db6d02b449845be646729863209a) Importer(2089858483,d624ce77472d68a35037170ec1d2d27e)
Start importing Assets/Asset/Cartoon Temple Building Kit/Prefabs/Round Prefabs/Round Wide 2.prefab using Guid(7623db6d02b449845be646729863209a) Importer(2089858483,d624ce77472d68a35037170ec1d2d27e) (ScriptedImporter) -> (artifact id: '138bc0cf38cb1e1136c17aee320f5755') in 0.0074855 seconds
Number of updated asset objects reloaded before import = 0Number of asset objects unloaded after import = 8

========================================================================
Received Import Request.
  Time since last request: 0.000012 seconds.
  path: Assets/Asset/Cartoon Temple Building Kit/Fbx/Sig Sag/Sig Sag 2x2 Flat.fbx
  artifactKey: Guid(f59cec51025e5624bb3cd103915d6dd9) Importer(2089858483,d624ce77472d68a35037170ec1d2d27e)
Start importing Assets/Asset/Cartoon Temple Building Kit/Fbx/Sig Sag/Sig Sag 2x2 Flat.fbx using Guid(f59cec51025e5624bb3cd103915d6dd9) Importer(2089858483,d624ce77472d68a35037170ec1d2d27e) (ScriptedImporter) -> (artifact id: '3c50774a2fd241e7f8f337fdd1b10912') in 0.0136401 seconds
Number of updated asset objects reloaded before import = 0Number of asset objects unloaded after import = 8

========================================================================
Received Import Request.
  Time since last request: 0.000012 seconds.
  path: Assets/Asset/Cartoon Temple Building Kit/Fbx/Sig Sag/Sig Sag 4x8 Flat.fbx
  artifactKey: Guid(91748c9d7ae09824fbf08822aad47e64) Importer(2089858483,d624ce77472d68a35037170ec1d2d27e)
Start importing Assets/Asset/Cartoon Temple Building Kit/Fbx/Sig Sag/Sig Sag 4x8 Flat.fbx using Guid(91748c9d7ae09824fbf08822aad47e64) Importer(2089858483,d624ce77472d68a35037170ec1d2d27e) (ScriptedImporter) -> (artifact id: 'e8289657a322b85921b1b3418f4cad07') in 0.0132949 seconds
Number of updated asset objects reloaded before import = 0Number of asset objects unloaded after import = 8

========================================================================
Received Import Request.
  Time since last request: 0.000012 seconds.
  path: Assets/Asset/Cartoon Temple Building Kit/Prefabs/Blocks Prefabs/Block 2x5.prefab
  artifactKey: Guid(8dd7d95b908ae594f9289b4d236d45fa) Importer(2089858483,d624ce77472d68a35037170ec1d2d27e)
Start importing Assets/Asset/Cartoon Temple Building Kit/Prefabs/Blocks Prefabs/Block 2x5.prefab using Guid(8dd7d95b908ae594f9289b4d236d45fa) Importer(2089858483,d624ce77472d68a35037170ec1d2d27e) (ScriptedImporter) -> (artifact id: '8035f27948a2e6d4d9793b9dbee3fe8d') in 0.0068254 seconds
Number of updated asset objects reloaded before import = 0Number of asset objects unloaded after import = 8

========================================================================
Received Import Request.
  Time since last request: 0.000011 seconds.
  path: Assets/Asset/Cartoon Temple Building Kit/Prefabs/Blocks Prefabs/Block 2x2.prefab
  artifactKey: Guid(9a06c4251e809fd479e9d1e20fb0dc09) Importer(2089858483,d624ce77472d68a35037170ec1d2d27e)
Start importing Assets/Asset/Cartoon Temple Building Kit/Prefabs/Blocks Prefabs/Block 2x2.prefab using Guid(9a06c4251e809fd479e9d1e20fb0dc09) Importer(2089858483,d624ce77472d68a35037170ec1d2d27e) (ScriptedImporter) -> (artifact id: 'bb3afbe7a08eab99b37397498b69430e') in 0.0072218 seconds
Number of updated asset objects reloaded before import = 0Number of asset objects unloaded after import = 8

========================================================================
Received Import Request.
  Time since last request: 0.000012 seconds.
  path: Assets/Asset/Cartoon Temple Building Kit/Materials/Emitter Materials/Emitter Yellow.mat
  artifactKey: Guid(16934bc841cd8e741bbd31fe455dcb93) Importer(2089858483,d624ce77472d68a35037170ec1d2d27e)
Start importing Assets/Asset/Cartoon Temple Building Kit/Materials/Emitter Materials/Emitter Yellow.mat using Guid(16934bc841cd8e741bbd31fe455dcb93) Importer(2089858483,d624ce77472d68a35037170ec1d2d27e) (ScriptedImporter) -> (artifact id: 'eb0c026790dc44a89cb69d8f6097f467') in 0.0041115 seconds
Number of updated asset objects reloaded before import = 0Number of asset objects unloaded after import = 1

========================================================================
Received Import Request.
  Time since last request: 0.000029 seconds.
  path: Assets/Asset/Cartoon Temple Building Kit/Fbx/Square Holes/Square Hole 4x7 One Sided.fbx
  artifactKey: Guid(d1d91bd2a30b4c1449bfb2159e0689fa) Importer(2089858483,d624ce77472d68a35037170ec1d2d27e)
Start importing Assets/Asset/Cartoon Temple Building Kit/Fbx/Square Holes/Square Hole 4x7 One Sided.fbx using Guid(d1d91bd2a30b4c1449bfb2159e0689fa) Importer(2089858483,d624ce77472d68a35037170ec1d2d27e) (ScriptedImporter) -> (artifact id: '0257611eb16c8a3c4b2beaa3bb6502cc') in 0.0118307 seconds
Number of updated asset objects reloaded before import = 0Number of asset objects unloaded after import = 8

========================================================================
Received Import Request.
  Time since last request: 0.000012 seconds.
  path: Assets/Asset/Cartoon Temple Building Kit/Fbx/Round/Round Wide 5.fbx
  artifactKey: Guid(b96fc22b5d6a04c4595ede334a893196) Importer(2089858483,d624ce77472d68a35037170ec1d2d27e)
Start importing Assets/Asset/Cartoon Temple Building Kit/Fbx/Round/Round Wide 5.fbx using Guid(b96fc22b5d6a04c4595ede334a893196) Importer(2089858483,d624ce77472d68a35037170ec1d2d27e) (ScriptedImporter) -> (artifact id: '224ba30ed266c18c6821b5ceb5277d03') in 0.0134143 seconds
Number of updated asset objects reloaded before import = 0Number of asset objects unloaded after import = 8

========================================================================
Received Import Request.
  Time since last request: 0.000012 seconds.
  path: Assets/Asset/Cartoon Temple Building Kit/Fbx/Walls/Wall Tile Top 2.fbx
  artifactKey: Guid(6e0449a56a984934dac6337e2a2f8867) Importer(2089858483,d624ce77472d68a35037170ec1d2d27e)
Start importing Assets/Asset/Cartoon Temple Building Kit/Fbx/Walls/Wall Tile Top 2.fbx using Guid(6e0449a56a984934dac6337e2a2f8867) Importer(2089858483,d624ce77472d68a35037170ec1d2d27e) (ScriptedImporter) -> (artifact id: 'fbdd4f74540ee4181324055e404cea80') in 0.0137484 seconds
Number of updated asset objects reloaded before import = 0Number of asset objects unloaded after import = 8

========================================================================
Received Import Request.
  Time since last request: 0.000012 seconds.
  path: Assets/Asset/Cartoon Temple Building Kit/Prefabs/Blocks Prefabs/Block 3x2x4.prefab
  artifactKey: Guid(ce89ca0fcef8db34cb7046ee2ba6f1cd) Importer(2089858483,d624ce77472d68a35037170ec1d2d27e)
Start importing Assets/Asset/Cartoon Temple Building Kit/Prefabs/Blocks Prefabs/Block 3x2x4.prefab using Guid(ce89ca0fcef8db34cb7046ee2ba6f1cd) Importer(2089858483,d624ce77472d68a35037170ec1d2d27e) (ScriptedImporter) -> (artifact id: '7b4a9d229e498609726f359ea5f2179f') in 0.0069116 seconds
Number of updated asset objects reloaded before import = 0Number of asset objects unloaded after import = 8

========================================================================
Received Import Request.
  Time since last request: 0.000012 seconds.
  path: Assets/Asset/Cartoon Temple Building Kit/Prefabs/Blocks Prefabs/Block 1x4.prefab
  artifactKey: Guid(8bfb28b749877c747a4d1109dfb3a7f1) Importer(2089858483,d624ce77472d68a35037170ec1d2d27e)
Start importing Assets/Asset/Cartoon Temple Building Kit/Prefabs/Blocks Prefabs/Block 1x4.prefab using Guid(8bfb28b749877c747a4d1109dfb3a7f1) Importer(2089858483,d624ce77472d68a35037170ec1d2d27e) (ScriptedImporter) -> (artifact id: '66901b4981b2c25a03553868e01fe5f4') in 0.0079383 seconds
Number of updated asset objects reloaded before import = 0Number of asset objects unloaded after import = 8

========================================================================
Received Import Request.
  Time since last request: 0.000012 seconds.
  path: Assets/Asset/Cartoon Temple Building Kit/Fbx/Round/Round Pineapple 4.fbx
  artifactKey: Guid(92fdaa5d42c1b7847ac930799f42730c) Importer(2089858483,d624ce77472d68a35037170ec1d2d27e)
Start importing Assets/Asset/Cartoon Temple Building Kit/Fbx/Round/Round Pineapple 4.fbx using Guid(92fdaa5d42c1b7847ac930799f42730c) Importer(2089858483,d624ce77472d68a35037170ec1d2d27e) (ScriptedImporter) -> (artifact id: 'd003832212f9410475486d675d5aff4d') in 0.0120834 seconds
Number of updated asset objects reloaded before import = 0Number of asset objects unloaded after import = 8

========================================================================
Received Import Request.
  Time since last request: 0.000012 seconds.
  path: Assets/Asset/Cartoon Temple Building Kit/Prefabs/Blocks And Bricks Prefabs/Blocks And Bricks 17.prefab
  artifactKey: Guid(a8668883b2309764292c91fa91bcc4c8) Importer(2089858483,d624ce77472d68a35037170ec1d2d27e)
Start importing Assets/Asset/Cartoon Temple Building Kit/Prefabs/Blocks And Bricks Prefabs/Blocks And Bricks 17.prefab using Guid(a8668883b2309764292c91fa91bcc4c8) Importer(2089858483,d624ce77472d68a35037170ec1d2d27e) (ScriptedImporter) -> (artifact id: '5a0b16b9cd594f22d02c2eecedf083ca') in 0.0079139 seconds
Number of updated asset objects reloaded before import = 0Number of asset objects unloaded after import = 8

========================================================================
Received Import Request.
  Time since last request: 0.000011 seconds.
  path: Assets/Asset/Cartoon Temple Building Kit/Prefabs/Blocks And Bricks Prefabs/Blocks And Bricks 19.prefab
  artifactKey: Guid(86fc7ed81a72d4145b85c2d3268ba88a) Importer(2089858483,d624ce77472d68a35037170ec1d2d27e)
Start importing Assets/Asset/Cartoon Temple Building Kit/Prefabs/Blocks And Bricks Prefabs/Blocks And Bricks 19.prefab using Guid(86fc7ed81a72d4145b85c2d3268ba88a) Importer(2089858483,d624ce77472d68a35037170ec1d2d27e) (ScriptedImporter) -> (artifact id: '996b29d269f1ebb2887a9f31b1521e1d') in 0.0084078 seconds
Number of updated asset objects reloaded before import = 0Number of asset objects unloaded after import = 8

========================================================================
Received Import Request.
  Time since last request: 0.000014 seconds.
  path: Assets/Asset/Cartoon Temple Building Kit/Prefabs/Round Prefabs/Round Wide 5.prefab
  artifactKey: Guid(587fff137cd55994ea0fd52421fd0332) Importer(2089858483,d624ce77472d68a35037170ec1d2d27e)
Start importing Assets/Asset/Cartoon Temple Building Kit/Prefabs/Round Prefabs/Round Wide 5.prefab using Guid(587fff137cd55994ea0fd52421fd0332) Importer(2089858483,d624ce77472d68a35037170ec1d2d27e) (ScriptedImporter) -> (artifact id: '85854e322474010d6e72b0161063b2f5') in 0.0076296 seconds
Number of updated asset objects reloaded before import = 0Number of asset objects unloaded after import = 8

========================================================================
Received Import Request.
  Time since last request: 0.000011 seconds.
  path: Assets/Asset/Cartoon Temple Building Kit/Materials/Materials/Cartoon Temple Builder Kit Emission.mat
  artifactKey: Guid(1fcf7f609c0ea0846b3555bf79636915) Importer(2089858483,d624ce77472d68a35037170ec1d2d27e)
Start importing Assets/Asset/Cartoon Temple Building Kit/Materials/Materials/Cartoon Temple Builder Kit Emission.mat using Guid(1fcf7f609c0ea0846b3555bf79636915) Importer(2089858483,d624ce77472d68a35037170ec1d2d27e) (ScriptedImporter) -> (artifact id: 'd58d01fce5fcc55c1df23644d491cdff') in 0.0055115 seconds
Number of updated asset objects reloaded before import = 0Number of asset objects unloaded after import = 2

========================================================================
Received Import Request.
  Time since last request: 0.000013 seconds.
  path: Assets/Asset/Cartoon Temple Building Kit/Prefabs/Round Prefabs/Round Hollow 4.prefab
  artifactKey: Guid(ec60d155f7b7fc946a1bf6ff97f81df2) Importer(2089858483,d624ce77472d68a35037170ec1d2d27e)
Start importing Assets/Asset/Cartoon Temple Building Kit/Prefabs/Round Prefabs/Round Hollow 4.prefab using Guid(ec60d155f7b7fc946a1bf6ff97f81df2) Importer(2089858483,d624ce77472d68a35037170ec1d2d27e) (ScriptedImporter) -> (artifact id: '505a8d17dc410e0624fe0cc2b8bb5559') in 0.0076822 seconds
Number of updated asset objects reloaded before import = 0Number of asset objects unloaded after import = 8

========================================================================
Received Import Request.
  Time since last request: 0.000015 seconds.
  path: Assets/Asset/Cartoon Temple Building Kit/Fbx/Walls/Wall Tile Top 1.fbx
  artifactKey: Guid(2a9e5b6e557dcb545b8f54a0242d3339) Importer(2089858483,d624ce77472d68a35037170ec1d2d27e)
Start importing Assets/Asset/Cartoon Temple Building Kit/Fbx/Walls/Wall Tile Top 1.fbx using Guid(2a9e5b6e557dcb545b8f54a0242d3339) Importer(2089858483,d624ce77472d68a35037170ec1d2d27e) (ScriptedImporter) -> (artifact id: '6559c25370afc2a499666b809265293b') in 0.0147709 seconds
Number of updated asset objects reloaded before import = 0Number of asset objects unloaded after import = 8

========================================================================
Received Import Request.
  Time since last request: 0.000019 seconds.
  path: Assets/Asset/Cartoon Temple Building Kit/Prefabs/Blocks Prefabs/Block 6x5x7.prefab
  artifactKey: Guid(3cc62c9eb2cae674c90d15cf8b60d64d) Importer(2089858483,d624ce77472d68a35037170ec1d2d27e)
Start importing Assets/Asset/Cartoon Temple Building Kit/Prefabs/Blocks Prefabs/Block 6x5x7.prefab using Guid(3cc62c9eb2cae674c90d15cf8b60d64d) Importer(2089858483,d624ce77472d68a35037170ec1d2d27e) (ScriptedImporter) -> (artifact id: 'f3749a20637269d82e8764e5ff95a615') in 0.0070727 seconds
Number of updated asset objects reloaded before import = 0Number of asset objects unloaded after import = 8

========================================================================
Received Import Request.
  Time since last request: 0.000013 seconds.
  path: Assets/Asset/Cartoon Temple Building Kit/Prefabs/Ground Stones Tile Prefabs/Ground Stones Tiles 5x5.prefab
  artifactKey: Guid(0936169e6ff0f7540903c99f33d8e08f) Importer(2089858483,d624ce77472d68a35037170ec1d2d27e)
Start importing Assets/Asset/Cartoon Temple Building Kit/Prefabs/Ground Stones Tile Prefabs/Ground Stones Tiles 5x5.prefab using Guid(0936169e6ff0f7540903c99f33d8e08f) Importer(2089858483,d624ce77472d68a35037170ec1d2d27e) (ScriptedImporter) -> (artifact id: '8ab2181f1165d1d7f4d7e4160ebc2638') in 0.007705 seconds
Number of updated asset objects reloaded before import = 0Number of asset objects unloaded after import = 8

========================================================================
Received Import Request.
  Time since last request: 0.000014 seconds.
  path: Assets/Asset/Cartoon Temple Building Kit/Prefabs/Blocks Prefabs/Block 6x5x6.prefab
  artifactKey: Guid(57e5aa8d50d30c64798d6fdd39226e1c) Importer(2089858483,d624ce77472d68a35037170ec1d2d27e)
Start importing Assets/Asset/Cartoon Temple Building Kit/Prefabs/Blocks Prefabs/Block 6x5x6.prefab using Guid(57e5aa8d50d30c64798d6fdd39226e1c) Importer(2089858483,d624ce77472d68a35037170ec1d2d27e) (ScriptedImporter) -> (artifact id: 'bf9fcfa1aeb2b871534afcba48c564ed') in 0.0087341 seconds
Number of updated asset objects reloaded before import = 0Number of asset objects unloaded after import = 8

========================================================================
Received Import Request.
  Time since last request: 0.000012 seconds.
  path: Assets/Asset/Cartoon Temple Building Kit/Prefabs/Blocks And Bricks Prefabs/Blocks And Bricks 3.prefab
  artifactKey: Guid(0f75f4e957deb4b4e8a99d44440a8c70) Importer(2089858483,d624ce77472d68a35037170ec1d2d27e)
Start importing Assets/Asset/Cartoon Temple Building Kit/Prefabs/Blocks And Bricks Prefabs/Blocks And Bricks 3.prefab using Guid(0f75f4e957deb4b4e8a99d44440a8c70) Importer(2089858483,d624ce77472d68a35037170ec1d2d27e) (ScriptedImporter) -> (artifact id: '605126a138b9c2865ae73b193c2c6010') in 0.0079275 seconds
Number of updated asset objects reloaded before import = 0Number of asset objects unloaded after import = 8

========================================================================
Received Import Request.
  Time since last request: 0.000011 seconds.
  path: Assets/Asset/Cartoon Temple Building Kit/Prefabs/Blocks And Bricks Prefabs/Blocks And Bricks 7.prefab
  artifactKey: Guid(5aba6795bee8c844f8b9fcc7a5c32864) Importer(2089858483,d624ce77472d68a35037170ec1d2d27e)
Start importing Assets/Asset/Cartoon Temple Building Kit/Prefabs/Blocks And Bricks Prefabs/Blocks And Bricks 7.prefab using Guid(5aba6795bee8c844f8b9fcc7a5c32864) Importer(2089858483,d624ce77472d68a35037170ec1d2d27e) (ScriptedImporter) -> (artifact id: '3d31991a61eeafe43887de2f441c5f9a') in 0.0069444 seconds
Number of updated asset objects reloaded before import = 0Number of asset objects unloaded after import = 8

========================================================================
Received Import Request.
  Time since last request: 0.000012 seconds.
  path: Assets/Asset/Cartoon Temple Building Kit/Prefabs/Blocks Prefabs/Block 4x4.prefab
  artifactKey: Guid(c605a43dd9fb82e47b0667a9595655a6) Importer(2089858483,d624ce77472d68a35037170ec1d2d27e)
Start importing Assets/Asset/Cartoon Temple Building Kit/Prefabs/Blocks Prefabs/Block 4x4.prefab using Guid(c605a43dd9fb82e47b0667a9595655a6) Importer(2089858483,d624ce77472d68a35037170ec1d2d27e) (ScriptedImporter) -> (artifact id: '6106257d3501f3ee505a20c8ed52c1d5') in 0.0069296 seconds
Number of updated asset objects reloaded before import = 0Number of asset objects unloaded after import = 8

========================================================================
Received Import Request.
  Time since last request: 0.000016 seconds.
  path: Assets/Asset/Cartoon Temple Building Kit/Prefabs/Blocks Prefabs/Block 3x2x3.prefab
  artifactKey: Guid(71196c1c8ebc5bc49bd66bda5cd4722c) Importer(2089858483,d624ce77472d68a35037170ec1d2d27e)
Start importing Assets/Asset/Cartoon Temple Building Kit/Prefabs/Blocks Prefabs/Block 3x2x3.prefab using Guid(71196c1c8ebc5bc49bd66bda5cd4722c) Importer(2089858483,d624ce77472d68a35037170ec1d2d27e) (ScriptedImporter) -> (artifact id: '8319e852ddc59708b0bcc4725e154c8f') in 0.007013 seconds
Number of updated asset objects reloaded before import = 0Number of asset objects unloaded after import = 8

========================================================================
Received Import Request.
  Time since last request: 0.000012 seconds.
  path: Assets/Asset/Cartoon Temple Building Kit/Prefabs/Blocks Prefabs/Block 2x2x3.prefab
  artifactKey: Guid(13eb35ed6b82d384581254a368d87c31) Importer(2089858483,d624ce77472d68a35037170ec1d2d27e)
Start importing Assets/Asset/Cartoon Temple Building Kit/Prefabs/Blocks Prefabs/Block 2x2x3.prefab using Guid(13eb35ed6b82d384581254a368d87c31) Importer(2089858483,d624ce77472d68a35037170ec1d2d27e) (ScriptedImporter) -> (artifact id: '6da854297df2d57fbdbd0edd15981556') in 0.0074093 seconds
Number of updated asset objects reloaded before import = 0Number of asset objects unloaded after import = 8

========================================================================
Received Import Request.
  Time since last request: 0.000012 seconds.
  path: Assets/Asset/Cartoon Temple Building Kit/Fbx/Round/Round Wide 6.fbx
  artifactKey: Guid(474324ea545c51c4d8a9dcb365427c89) Importer(2089858483,d624ce77472d68a35037170ec1d2d27e)
Start importing Assets/Asset/Cartoon Temple Building Kit/Fbx/Round/Round Wide 6.fbx using Guid(474324ea545c51c4d8a9dcb365427c89) Importer(2089858483,d624ce77472d68a35037170ec1d2d27e) (ScriptedImporter) -> (artifact id: 'dc5a9b767f0cf09a347aa1e245fd628f') in 0.0153219 seconds
Number of updated asset objects reloaded before import = 0Number of asset objects unloaded after import = 8

========================================================================
Received Import Request.
  Time since last request: 0.000013 seconds.
  path: Assets/Asset/Cartoon Temple Building Kit/Prefabs/Blocks Prefabs/Block 3x3x4.prefab
  artifactKey: Guid(971bfd9e644a9f94ca0a0a56043be9ff) Importer(2089858483,d624ce77472d68a35037170ec1d2d27e)
Start importing Assets/Asset/Cartoon Temple Building Kit/Prefabs/Blocks Prefabs/Block 3x3x4.prefab using Guid(971bfd9e644a9f94ca0a0a56043be9ff) Importer(2089858483,d624ce77472d68a35037170ec1d2d27e) (ScriptedImporter) -> (artifact id: '3ded0a7cfda49947e0197250e2ed1cca') in 0.011427 seconds
Number of updated asset objects reloaded before import = 0Number of asset objects unloaded after import = 8

========================================================================
Received Import Request.
  Time since last request: 0.000014 seconds.
  path: Assets/Asset/Cartoon Temple Building Kit/Prefabs/Blocks Prefabs/Block 5x4x6.prefab
  artifactKey: Guid(176ba99b20198f14c8a4f4ae390277ae) Importer(2089858483,d624ce77472d68a35037170ec1d2d27e)
Start importing Assets/Asset/Cartoon Temple Building Kit/Prefabs/Blocks Prefabs/Block 5x4x6.prefab using Guid(176ba99b20198f14c8a4f4ae390277ae) Importer(2089858483,d624ce77472d68a35037170ec1d2d27e) (ScriptedImporter) -> (artifact id: '249abfb48a0750e4805db803686e22ab') in 0.0094321 seconds
Number of updated asset objects reloaded before import = 0Number of asset objects unloaded after import = 8

========================================================================
Received Import Request.
  Time since last request: 0.000013 seconds.
  path: Assets/Asset/Cartoon Temple Building Kit/Prefabs/Blocks And Bricks Prefabs/Blocks And Bricks 3 One Sided.prefab
  artifactKey: Guid(fb6fa8b35978ae347908cb012fda38f5) Importer(2089858483,d624ce77472d68a35037170ec1d2d27e)
Start importing Assets/Asset/Cartoon Temple Building Kit/Prefabs/Blocks And Bricks Prefabs/Blocks And Bricks 3 One Sided.prefab using Guid(fb6fa8b35978ae347908cb012fda38f5) Importer(2089858483,d624ce77472d68a35037170ec1d2d27e) (ScriptedImporter) -> (artifact id: '4337c48eb3a4b36b1acb931b6064e957') in 0.0085895 seconds
Number of updated asset objects reloaded before import = 0Number of asset objects unloaded after import = 8

========================================================================
Received Import Request.
  Time since last request: 0.000012 seconds.
  path: Assets/Asset/Cartoon Temple Building Kit/Fbx/Round/Round Wide 8.fbx
  artifactKey: Guid(eeccbde4b9be96946a271da5a42d3b3a) Importer(2089858483,d624ce77472d68a35037170ec1d2d27e)
Start importing Assets/Asset/Cartoon Temple Building Kit/Fbx/Round/Round Wide 8.fbx using Guid(eeccbde4b9be96946a271da5a42d3b3a) Importer(2089858483,d624ce77472d68a35037170ec1d2d27e) (ScriptedImporter) -> (artifact id: 'e77fe37e5283129700a47404176df842') in 0.0120873 seconds
Number of updated asset objects reloaded before import = 0Number of asset objects unloaded after import = 8

========================================================================
Received Import Request.
  Time since last request: 0.000013 seconds.
  path: Assets/Asset/Cartoon Temple Building Kit/Prefabs/Blocks And Bricks Prefabs/Blocks And Bricks 14.prefab
  artifactKey: Guid(ea77e473bce21f44e9faafc8d0d09596) Importer(2089858483,d624ce77472d68a35037170ec1d2d27e)
Start importing Assets/Asset/Cartoon Temple Building Kit/Prefabs/Blocks And Bricks Prefabs/Blocks And Bricks 14.prefab using Guid(ea77e473bce21f44e9faafc8d0d09596) Importer(2089858483,d624ce77472d68a35037170ec1d2d27e) (ScriptedImporter) -> (artifact id: 'b8b4dfc899a3131d09e1b8a0980e5c06') in 0.0081755 seconds
Number of updated asset objects reloaded before import = 0Number of asset objects unloaded after import = 8

========================================================================
Received Import Request.
  Time since last request: 0.000014 seconds.
  path: Assets/Asset/Cartoon Temple Building Kit/Fbx/Round/Round Wide 12.fbx
  artifactKey: Guid(32855258ce10a194fa4ee7b73c837058) Importer(2089858483,d624ce77472d68a35037170ec1d2d27e)
Start importing Assets/Asset/Cartoon Temple Building Kit/Fbx/Round/Round Wide 12.fbx using Guid(32855258ce10a194fa4ee7b73c837058) Importer(2089858483,d624ce77472d68a35037170ec1d2d27e) (ScriptedImporter) -> (artifact id: 'ba650a495db8f68cf3047eec0abf93e2') in 0.0156223 seconds
Number of updated asset objects reloaded before import = 0Number of asset objects unloaded after import = 8

========================================================================
Received Import Request.
  Time since last request: 0.000012 seconds.
  path: Assets/Asset/Cartoon Temple Building Kit/Fbx/Single cubes/Single Cube 12.fbx
  artifactKey: Guid(d703d92d60bd2af48ad5f1791395021e) Importer(2089858483,d624ce77472d68a35037170ec1d2d27e)
Start importing Assets/Asset/Cartoon Temple Building Kit/Fbx/Single cubes/Single Cube 12.fbx using Guid(d703d92d60bd2af48ad5f1791395021e) Importer(2089858483,d624ce77472d68a35037170ec1d2d27e) (ScriptedImporter) -> (artifact id: 'bdf83686b6ba0cf450334ecfd0045ec5') in 0.0118732 seconds
Number of updated asset objects reloaded before import = 0Number of asset objects unloaded after import = 8

========================================================================
Received Import Request.
  Time since last request: 0.000012 seconds.
  path: Assets/Asset/Cartoon Temple Building Kit/Fbx/Sig Sag/Sig Sag 1x2 One Sided.fbx
  artifactKey: Guid(4f37a5c8aaaa2ac41b1308e662906c02) Importer(2089858483,d624ce77472d68a35037170ec1d2d27e)
Start importing Assets/Asset/Cartoon Temple Building Kit/Fbx/Sig Sag/Sig Sag 1x2 One Sided.fbx using Guid(4f37a5c8aaaa2ac41b1308e662906c02) Importer(2089858483,d624ce77472d68a35037170ec1d2d27e) (ScriptedImporter) -> (artifact id: '37d38c0ff71710ae8bd2abe73a4a6ec7') in 0.0117987 seconds
Number of updated asset objects reloaded before import = 0Number of asset objects unloaded after import = 8

========================================================================
Received Import Request.
  Time since last request: 0.000012 seconds.
  path: Assets/Asset/Cartoon Temple Building Kit/Prefabs/Pieced Prefabs/Example Pieced Prefab 2.prefab
  artifactKey: Guid(c7e59f9921ac1164fad771e9267437f5) Importer(2089858483,d624ce77472d68a35037170ec1d2d27e)
Start importing Assets/Asset/Cartoon Temple Building Kit/Prefabs/Pieced Prefabs/Example Pieced Prefab 2.prefab using Guid(c7e59f9921ac1164fad771e9267437f5) Importer(2089858483,d624ce77472d68a35037170ec1d2d27e) (ScriptedImporter) -> (artifact id: 'bbce139eb8eb60fd05402d2507883b31') in 0.006618 seconds
Number of updated asset objects reloaded before import = 0Number of asset objects unloaded after import = 114

========================================================================
Received Import Request.
  Time since last request: 0.000014 seconds.
  path: Assets/Asset/Cartoon Temple Building Kit/Prefabs/Ground Stones Tile Prefabs/Ground Stones Tiles 1x5.prefab
  artifactKey: Guid(ab530a3c9ec72f745b47a1ae4313a50e) Importer(2089858483,d624ce77472d68a35037170ec1d2d27e)
Start importing Assets/Asset/Cartoon Temple Building Kit/Prefabs/Ground Stones Tile Prefabs/Ground Stones Tiles 1x5.prefab using Guid(ab530a3c9ec72f745b47a1ae4313a50e) Importer(2089858483,d624ce77472d68a35037170ec1d2d27e) (ScriptedImporter) -> (artifact id: 'b9de5d8ea49aebf49ad23ac5dfc3f08b') in 0.00837 seconds
Number of updated asset objects reloaded before import = 0Number of asset objects unloaded after import = 8

========================================================================
Received Import Request.
  Time since last request: 0.000012 seconds.
  path: Assets/Asset/Cartoon Temple Building Kit/Fbx/Walls/Wall Tile Top 4.fbx
  artifactKey: Guid(16edae8abebaa354e9045ecd3e7b1b23) Importer(2089858483,d624ce77472d68a35037170ec1d2d27e)
Start importing Assets/Asset/Cartoon Temple Building Kit/Fbx/Walls/Wall Tile Top 4.fbx using Guid(16edae8abebaa354e9045ecd3e7b1b23) Importer(2089858483,d624ce77472d68a35037170ec1d2d27e) (ScriptedImporter) -> (artifact id: '31b8aebdb9e588cb9e9aedb7e29fddde') in 0.014199 seconds
Number of updated asset objects reloaded before import = 0Number of asset objects unloaded after import = 8

========================================================================
Received Import Request.
  Time since last request: 0.000014 seconds.
  path: Assets/Asset/Cartoon Temple Building Kit/Fbx/Sig Sag/Sig Sag 2x4.fbx
  artifactKey: Guid(5444cb3d1c36b43489cad6af60ecc593) Importer(2089858483,d624ce77472d68a35037170ec1d2d27e)
Start importing Assets/Asset/Cartoon Temple Building Kit/Fbx/Sig Sag/Sig Sag 2x4.fbx using Guid(5444cb3d1c36b43489cad6af60ecc593) Importer(2089858483,d624ce77472d68a35037170ec1d2d27e) (ScriptedImporter) -> (artifact id: 'f338a9582cbbbdf3b373b9e29f87f082') in 0.0127584 seconds
Number of updated asset objects reloaded before import = 0Number of asset objects unloaded after import = 8

========================================================================
Received Import Request.
  Time since last request: 0.000035 seconds.
  path: Assets/Asset/Cartoon Temple Building Kit/Prefabs/Blocks Prefabs/Block 4x4x5.prefab
  artifactKey: Guid(ebd3298daeb02c443a1bd58dc7865274) Importer(2089858483,d624ce77472d68a35037170ec1d2d27e)
Start importing Assets/Asset/Cartoon Temple Building Kit/Prefabs/Blocks Prefabs/Block 4x4x5.prefab using Guid(ebd3298daeb02c443a1bd58dc7865274) Importer(2089858483,d624ce77472d68a35037170ec1d2d27e) (ScriptedImporter) -> (artifact id: 'e24d90513bc3852d5cce4f9894a3a7c8') in 0.0076261 seconds
Number of updated asset objects reloaded before import = 0Number of asset objects unloaded after import = 8

========================================================================
Received Import Request.
  Time since last request: 0.000013 seconds.
  path: Assets/Asset/Cartoon Temple Building Kit/Prefabs/Blocks Prefabs/Block 5x5x6.prefab
  artifactKey: Guid(e07cdc7f18ae4164b9dfd57a9915f1c4) Importer(2089858483,d624ce77472d68a35037170ec1d2d27e)
Start importing Assets/Asset/Cartoon Temple Building Kit/Prefabs/Blocks Prefabs/Block 5x5x6.prefab using Guid(e07cdc7f18ae4164b9dfd57a9915f1c4) Importer(2089858483,d624ce77472d68a35037170ec1d2d27e) (ScriptedImporter) -> (artifact id: '28060e6a428fb77322efea97e67ad0e8') in 0.0075343 seconds
Number of updated asset objects reloaded before import = 0Number of asset objects unloaded after import = 8

========================================================================
Received Import Request.
  Time since last request: 0.000013 seconds.
  path: Assets/Asset/Cartoon Temple Building Kit/Prefabs/Blocks Prefabs/Block 3x3.prefab
  artifactKey: Guid(8eefc63da8fd4574492acab63fc871ad) Importer(2089858483,d624ce77472d68a35037170ec1d2d27e)
Start importing Assets/Asset/Cartoon Temple Building Kit/Prefabs/Blocks Prefabs/Block 3x3.prefab using Guid(8eefc63da8fd4574492acab63fc871ad) Importer(2089858483,d624ce77472d68a35037170ec1d2d27e) (ScriptedImporter) -> (artifact id: '0f62873942b4fbbd22814647b88020d0') in 0.0079515 seconds
Number of updated asset objects reloaded before import = 0Number of asset objects unloaded after import = 8

========================================================================
Received Import Request.
  Time since last request: 0.000013 seconds.
  path: Assets/Asset/Cartoon Temple Building Kit/Fbx/Round/Round Wide 11.fbx
  artifactKey: Guid(f96f9e6218bde5a4e920fb5cff880394) Importer(2089858483,d624ce77472d68a35037170ec1d2d27e)
Start importing Assets/Asset/Cartoon Temple Building Kit/Fbx/Round/Round Wide 11.fbx using Guid(f96f9e6218bde5a4e920fb5cff880394) Importer(2089858483,d624ce77472d68a35037170ec1d2d27e) (ScriptedImporter) -> (artifact id: '8ea134ac7cca19f20f1b5dead8b537ec') in 0.0148789 seconds
Number of updated asset objects reloaded before import = 0Number of asset objects unloaded after import = 8

========================================================================
Received Import Request.
  Time since last request: 0.000015 seconds.
  path: Assets/Asset/Cartoon Temple Building Kit/Fbx/Round/Round Wide 4.fbx
  artifactKey: Guid(ad3c46362e8fcb247844db01579b3708) Importer(2089858483,d624ce77472d68a35037170ec1d2d27e)
Start importing Assets/Asset/Cartoon Temple Building Kit/Fbx/Round/Round Wide 4.fbx using Guid(ad3c46362e8fcb247844db01579b3708) Importer(2089858483,d624ce77472d68a35037170ec1d2d27e) (ScriptedImporter) -> (artifact id: '65de23054ae30718f235a99e8cfb6631') in 0.0133691 seconds
Number of updated asset objects reloaded before import = 0Number of asset objects unloaded after import = 8

========================================================================
Received Import Request.
  Time since last request: 0.000013 seconds.
  path: Assets/Asset/Cartoon Temple Building Kit/Prefabs/Blocks And Bricks Prefabs/Blocks And Bricks 7 One Sided.prefab
  artifactKey: Guid(13fd31d337a8feb4d8e06287c8045c30) Importer(2089858483,d624ce77472d68a35037170ec1d2d27e)
Start importing Assets/Asset/Cartoon Temple Building Kit/Prefabs/Blocks And Bricks Prefabs/Blocks And Bricks 7 One Sided.prefab using Guid(13fd31d337a8feb4d8e06287c8045c30) Importer(2089858483,d624ce77472d68a35037170ec1d2d27e) (ScriptedImporter) -> (artifact id: '231c8f85eeb1b2379d6f996519c198d3') in 0.0077362 seconds
Number of updated asset objects reloaded before import = 0Number of asset objects unloaded after import = 8

========================================================================
Received Import Request.
  Time since last request: 0.000012 seconds.
  path: Assets/Asset/Cartoon Temple Building Kit/Fbx/Walls/Wall Tile 1x1.fbx
  artifactKey: Guid(7f57ec59d8d3e5f4c9256c7f9f33fa89) Importer(2089858483,d624ce77472d68a35037170ec1d2d27e)
Start importing Assets/Asset/Cartoon Temple Building Kit/Fbx/Walls/Wall Tile 1x1.fbx using Guid(7f57ec59d8d3e5f4c9256c7f9f33fa89) Importer(2089858483,d624ce77472d68a35037170ec1d2d27e) (ScriptedImporter) -> (artifact id: '5910c081f339ff8dd6b978285fe3627f') in 0.0120233 seconds
Number of updated asset objects reloaded before import = 0Number of asset objects unloaded after import = 8

========================================================================
Received Import Request.
  Time since last request: 0.000017 seconds.
  path: Assets/Asset/Cartoon Temple Building Kit/Prefabs/Doors Gates Hallways Prefabs/Gate 1.prefab
  artifactKey: Guid(6e160064d4d12e446ab9ded16202c5e9) Importer(2089858483,d624ce77472d68a35037170ec1d2d27e)
Start importing Assets/Asset/Cartoon Temple Building Kit/Prefabs/Doors Gates Hallways Prefabs/Gate 1.prefab using Guid(6e160064d4d12e446ab9ded16202c5e9) Importer(2089858483,d624ce77472d68a35037170ec1d2d27e) (ScriptedImporter) -> (artifact id: 'f5de6dee59da94714102b96d003c6338') in 0.0083509 seconds
Number of updated asset objects reloaded before import = 0Number of asset objects unloaded after import = 8

========================================================================
Received Import Request.
  Time since last request: 0.000012 seconds.
  path: Assets/Asset/Cartoon Temple Building Kit/Prefabs/Blocks And Bricks Prefabs/Blocks And Bricks 17 One Sided.prefab
  artifactKey: Guid(5eb3f967eae48934b98ff6d431981e5f) Importer(2089858483,d624ce77472d68a35037170ec1d2d27e)
Start importing Assets/Asset/Cartoon Temple Building Kit/Prefabs/Blocks And Bricks Prefabs/Blocks And Bricks 17 One Sided.prefab using Guid(5eb3f967eae48934b98ff6d431981e5f) Importer(2089858483,d624ce77472d68a35037170ec1d2d27e) (ScriptedImporter) -> (artifact id: '3cca753a3faf7a684b5f5fe606cca290') in 0.0087588 seconds
Number of updated asset objects reloaded before import = 0Number of asset objects unloaded after import = 8

========================================================================
Received Import Request.
  Time since last request: 0.000013 seconds.
  path: Assets/Asset/Cartoon Temple Building Kit/Fbx/Square Holes/Square Hole 4x6.fbx
  artifactKey: Guid(2ceba666f4494294e88ba1767e8539ae) Importer(2089858483,d624ce77472d68a35037170ec1d2d27e)
Start importing Assets/Asset/Cartoon Temple Building Kit/Fbx/Square Holes/Square Hole 4x6.fbx using Guid(2ceba666f4494294e88ba1767e8539ae) Importer(2089858483,d624ce77472d68a35037170ec1d2d27e) (ScriptedImporter) -> (artifact id: '664f405f51e73198ef545200e19907b9') in 0.0121178 seconds
Number of updated asset objects reloaded before import = 0Number of asset objects unloaded after import = 8

========================================================================
Received Import Request.
  Time since last request: 0.000012 seconds.
  path: Assets/Asset/Cartoon Temple Building Kit/Fbx/Round/Round Wide 9.fbx
  artifactKey: Guid(a13cd54b3ec792f42982b258dae12b6f) Importer(2089858483,d624ce77472d68a35037170ec1d2d27e)
Start importing Assets/Asset/Cartoon Temple Building Kit/Fbx/Round/Round Wide 9.fbx using Guid(a13cd54b3ec792f42982b258dae12b6f) Importer(2089858483,d624ce77472d68a35037170ec1d2d27e) (ScriptedImporter) -> (artifact id: '68537907b81b1f55de28ae725ef50e50') in 0.0121703 seconds
Number of updated asset objects reloaded before import = 0Number of asset objects unloaded after import = 8

========================================================================
Received Import Request.
  Time since last request: 0.000014 seconds.
  path: Assets/Asset/Cartoon Temple Building Kit/Prefabs/Blocks Prefabs/Block 4x5.prefab
  artifactKey: Guid(264789f214482b642a8a121f6dd5b2c1) Importer(2089858483,d624ce77472d68a35037170ec1d2d27e)
Start importing Assets/Asset/Cartoon Temple Building Kit/Prefabs/Blocks Prefabs/Block 4x5.prefab using Guid(264789f214482b642a8a121f6dd5b2c1) Importer(2089858483,d624ce77472d68a35037170ec1d2d27e) (ScriptedImporter) -> (artifact id: '5f5faab35cc45336bb100bd333c4f1ef') in 0.007553 seconds
Number of updated asset objects reloaded before import = 0Number of asset objects unloaded after import = 8

========================================================================
Received Import Request.
  Time since last request: 0.000012 seconds.
  path: Assets/Asset/Cartoon Temple Building Kit/Prefabs/Round Prefabs/Round Pilar.prefab
  artifactKey: Guid(02f1e13d78ec81b4ea204301a0ecd7a3) Importer(2089858483,d624ce77472d68a35037170ec1d2d27e)
Start importing Assets/Asset/Cartoon Temple Building Kit/Prefabs/Round Prefabs/Round Pilar.prefab using Guid(02f1e13d78ec81b4ea204301a0ecd7a3) Importer(2089858483,d624ce77472d68a35037170ec1d2d27e) (ScriptedImporter) -> (artifact id: '774e0e5d511d3a4608921942a10d42f9') in 0.0074928 seconds
Number of updated asset objects reloaded before import = 0Number of asset objects unloaded after import = 8

========================================================================
Received Import Request.
  Time since last request: 0.000012 seconds.
  path: Assets/Asset/Cartoon Temple Building Kit/Prefabs/Blocks And Bricks Prefabs/Blocks And Bricks 18.prefab
  artifactKey: Guid(2210aa0d8aa51224ea23d701cbf28d5f) Importer(2089858483,d624ce77472d68a35037170ec1d2d27e)
Start importing Assets/Asset/Cartoon Temple Building Kit/Prefabs/Blocks And Bricks Prefabs/Blocks And Bricks 18.prefab using Guid(2210aa0d8aa51224ea23d701cbf28d5f) Importer(2089858483,d624ce77472d68a35037170ec1d2d27e) (ScriptedImporter) -> (artifact id: '01d651531b8903e20c43bcf5a3d3d7ad') in 0.0090771 seconds
Number of updated asset objects reloaded before import = 0Number of asset objects unloaded after import = 8

========================================================================
Received Import Request.
  Time since last request: 0.000012 seconds.
  path: Assets/Asset/Cartoon Temple Building Kit/Fbx/Round/Round Wide Hollow 2.fbx
  artifactKey: Guid(e480afa6577005d4784736c3b8dffe79) Importer(2089858483,d624ce77472d68a35037170ec1d2d27e)
Start importing Assets/Asset/Cartoon Temple Building Kit/Fbx/Round/Round Wide Hollow 2.fbx using Guid(e480afa6577005d4784736c3b8dffe79) Importer(2089858483,d624ce77472d68a35037170ec1d2d27e) (ScriptedImporter) -> (artifact id: '7e2da85c56e22d13b131a978aca910db') in 0.0120391 seconds
Number of updated asset objects reloaded before import = 0Number of asset objects unloaded after import = 8

========================================================================
Received Import Request.
  Time since last request: 0.000013 seconds.
  path: Assets/Asset/Cartoon Temple Building Kit/Fbx/Round/Round Pineapple 3.fbx
  artifactKey: Guid(05cf1f56c99fa684db2c40aecb85762e) Importer(2089858483,d624ce77472d68a35037170ec1d2d27e)
Start importing Assets/Asset/Cartoon Temple Building Kit/Fbx/Round/Round Pineapple 3.fbx using Guid(05cf1f56c99fa684db2c40aecb85762e) Importer(2089858483,d624ce77472d68a35037170ec1d2d27e) (ScriptedImporter) -> (artifact id: '284a53ca6023f6061594cf24b7aa998d') in 0.0123289 seconds
Number of updated asset objects reloaded before import = 0Number of asset objects unloaded after import = 8

========================================================================
Received Import Request.
  Time since last request: 0.000012 seconds.
  path: Assets/Asset/Cartoon Temple Building Kit/Prefabs/Blocks And Bricks Prefabs/Blocks And Bricks 11 One Sided.prefab
  artifactKey: Guid(1788f74a562c23a4a806d33a5f1614cc) Importer(2089858483,d624ce77472d68a35037170ec1d2d27e)
Start importing Assets/Asset/Cartoon Temple Building Kit/Prefabs/Blocks And Bricks Prefabs/Blocks And Bricks 11 One Sided.prefab using Guid(1788f74a562c23a4a806d33a5f1614cc) Importer(2089858483,d624ce77472d68a35037170ec1d2d27e) (ScriptedImporter) -> (artifact id: '31c7cc9e8ec4aff231bc19ef4bf7a6ba') in 0.0075031 seconds
Number of updated asset objects reloaded before import = 0Number of asset objects unloaded after import = 8

========================================================================
Received Import Request.
  Time since last request: 0.000012 seconds.
  path: Assets/Asset/Cartoon Temple Building Kit/Prefabs/Round Prefabs/Round Hollow 1.prefab
  artifactKey: Guid(aca7795d3bfb385448c2893b68b67c81) Importer(2089858483,d624ce77472d68a35037170ec1d2d27e)
Start importing Assets/Asset/Cartoon Temple Building Kit/Prefabs/Round Prefabs/Round Hollow 1.prefab using Guid(aca7795d3bfb385448c2893b68b67c81) Importer(2089858483,d624ce77472d68a35037170ec1d2d27e) (ScriptedImporter) -> (artifact id: '43b0eec761cf9394d5daa94647a45c3a') in 0.0069721 seconds
Number of updated asset objects reloaded before import = 0Number of asset objects unloaded after import = 8

========================================================================
Received Import Request.
  Time since last request: 0.000011 seconds.
  path: Assets/Asset/Cartoon Temple Building Kit/Materials/Textures/Cartoon Temple Builder Kit Emission.png
  artifactKey: Guid(5e741ca1f4b810b43a4d2e4de72df402) Importer(2089858483,d624ce77472d68a35037170ec1d2d27e)
Start importing Assets/Asset/Cartoon Temple Building Kit/Materials/Textures/Cartoon Temple Builder Kit Emission.png using Guid(5e741ca1f4b810b43a4d2e4de72df402) Importer(2089858483,d624ce77472d68a35037170ec1d2d27e) (ScriptedImporter) -> (artifact id: '3f6e198dc06eaa6445487a63c805463e') in 0.0132549 seconds
Number of updated asset objects reloaded before import = 0Number of asset objects unloaded after import = 1

========================================================================
Received Import Request.
  Time since last request: 0.000025 seconds.
  path: Assets/Asset/Cartoon Temple Building Kit/Prefabs/Doors Gates Hallways Prefabs/Gate 4 Hallway x2.prefab
  artifactKey: Guid(1c3df32a74d71d946952664e82c025eb) Importer(2089858483,d624ce77472d68a35037170ec1d2d27e)
Start importing Assets/Asset/Cartoon Temple Building Kit/Prefabs/Doors Gates Hallways Prefabs/Gate 4 Hallway x2.prefab using Guid(1c3df32a74d71d946952664e82c025eb) Importer(2089858483,d624ce77472d68a35037170ec1d2d27e) (ScriptedImporter) -> (artifact id: 'e8acb8fd17d985587dbdae3ede15d5da') in 0.0086629 seconds
Number of updated asset objects reloaded before import = 0Number of asset objects unloaded after import = 8

========================================================================
Received Import Request.
  Time since last request: 0.000016 seconds.
  path: Assets/Asset/Cartoon Temple Building Kit/Prefabs/Round Prefabs/Round Wide 11.prefab
  artifactKey: Guid(b3e3c67c5f2fd604d88f8d31b2ae0583) Importer(2089858483,d624ce77472d68a35037170ec1d2d27e)
Start importing Assets/Asset/Cartoon Temple Building Kit/Prefabs/Round Prefabs/Round Wide 11.prefab using Guid(b3e3c67c5f2fd604d88f8d31b2ae0583) Importer(2089858483,d624ce77472d68a35037170ec1d2d27e) (ScriptedImporter) -> (artifact id: '5a8e870e3ed9e04e864f1d83c220817d') in 0.0102556 seconds
Number of updated asset objects reloaded before import = 0Number of asset objects unloaded after import = 8

========================================================================
Received Import Request.
  Time since last request: 0.000019 seconds.
  path: Assets/Asset/Cartoon Temple Building Kit/Fbx/Single cubes/Single Cube 16.fbx
  artifactKey: Guid(64e943dade5de1b468a1af8647b8abf8) Importer(2089858483,d624ce77472d68a35037170ec1d2d27e)
Start importing Assets/Asset/Cartoon Temple Building Kit/Fbx/Single cubes/Single Cube 16.fbx using Guid(64e943dade5de1b468a1af8647b8abf8) Importer(2089858483,d624ce77472d68a35037170ec1d2d27e) (ScriptedImporter) -> (artifact id: '44316ad906ddbccb259d766a55060309') in 0.0139206 seconds
Number of updated asset objects reloaded before import = 0Number of asset objects unloaded after import = 8

========================================================================
Received Import Request.
  Time since last request: 0.000012 seconds.
  path: Assets/Asset/Cartoon Temple Building Kit/Prefabs/Blocks Prefabs/Block 5x5.prefab
  artifactKey: Guid(53243bf9ab07b624bbc0d41f65464f64) Importer(2089858483,d624ce77472d68a35037170ec1d2d27e)
Start importing Assets/Asset/Cartoon Temple Building Kit/Prefabs/Blocks Prefabs/Block 5x5.prefab using Guid(53243bf9ab07b624bbc0d41f65464f64) Importer(2089858483,d624ce77472d68a35037170ec1d2d27e) (ScriptedImporter) -> (artifact id: '440640d2bee3f5d27be69e8272e6d20d') in 0.0087598 seconds
Number of updated asset objects reloaded before import = 0Number of asset objects unloaded after import = 8

========================================================================
Received Import Request.
  Time since last request: 0.000015 seconds.
  path: Assets/Asset/Cartoon Temple Building Kit/Prefabs/Blocks And Bricks Prefabs/Blocks And Bricks 8.prefab
  artifactKey: Guid(5ae27445b16dccf429b91f6cabc5646b) Importer(2089858483,d624ce77472d68a35037170ec1d2d27e)
Start importing Assets/Asset/Cartoon Temple Building Kit/Prefabs/Blocks And Bricks Prefabs/Blocks And Bricks 8.prefab using Guid(5ae27445b16dccf429b91f6cabc5646b) Importer(2089858483,d624ce77472d68a35037170ec1d2d27e) (ScriptedImporter) -> (artifact id: 'a02b8cbe6ea6276a619a4cde7bed9c63') in 0.0107477 seconds
Number of updated asset objects reloaded before import = 0Number of asset objects unloaded after import = 8

========================================================================
Received Import Request.
  Time since last request: 0.000014 seconds.
  path: Assets/Asset/Cartoon Temple Building Kit/Prefabs/Round Prefabs/Round Wide 4.prefab
  artifactKey: Guid(6083e073d776e304a86430e6e73aa3ce) Importer(2089858483,d624ce77472d68a35037170ec1d2d27e)
Start importing Assets/Asset/Cartoon Temple Building Kit/Prefabs/Round Prefabs/Round Wide 4.prefab using Guid(6083e073d776e304a86430e6e73aa3ce) Importer(2089858483,d624ce77472d68a35037170ec1d2d27e) (ScriptedImporter) -> (artifact id: '2d9db69cb04210e0bdd90f6b265e8f80') in 0.0093212 seconds
Number of updated asset objects reloaded before import = 0Number of asset objects unloaded after import = 8

========================================================================
Received Import Request.
  Time since last request: 0.000012 seconds.
  path: Assets/Asset/Cartoon Temple Building Kit/Materials/Emitter Materials/Emitter White.mat
  artifactKey: Guid(f3a9634f4edf0e44f8b105c641fcf97b) Importer(2089858483,d624ce77472d68a35037170ec1d2d27e)
Start importing Assets/Asset/Cartoon Temple Building Kit/Materials/Emitter Materials/Emitter White.mat using Guid(f3a9634f4edf0e44f8b105c641fcf97b) Importer(2089858483,d624ce77472d68a35037170ec1d2d27e) (ScriptedImporter) -> (artifact id: 'e3398c8fac654891965039d0bf45c3ec') in 0.0066844 seconds
Number of updated asset objects reloaded before import = 0Number of asset objects unloaded after import = 1

========================================================================
Received Import Request.
  Time since last request: 0.000046 seconds.
  path: Assets/Asset/Cartoon Temple Building Kit/Fbx/Walls/Wall Tile 1x2.fbx
  artifactKey: Guid(66a9d61e4fdf4174b9cae5f2ca8e63f4) Importer(2089858483,d624ce77472d68a35037170ec1d2d27e)
Start importing Assets/Asset/Cartoon Temple Building Kit/Fbx/Walls/Wall Tile 1x2.fbx using Guid(66a9d61e4fdf4174b9cae5f2ca8e63f4) Importer(2089858483,d624ce77472d68a35037170ec1d2d27e) (ScriptedImporter) -> (artifact id: '83d2f01104f10953232fc91aaae2dbcd') in 0.0142119 seconds
Number of updated asset objects reloaded before import = 0Number of asset objects unloaded after import = 8

========================================================================
Received Import Request.
  Time since last request: 0.000016 seconds.
  path: Assets/Asset/Cartoon Temple Building Kit/Prefabs/Blocks And Bricks Prefabs/Blocks And Bricks 12.prefab
  artifactKey: Guid(e386dc0eac66ed9418b52d4e61d47f58) Importer(2089858483,d624ce77472d68a35037170ec1d2d27e)
Start importing Assets/Asset/Cartoon Temple Building Kit/Prefabs/Blocks And Bricks Prefabs/Blocks And Bricks 12.prefab using Guid(e386dc0eac66ed9418b52d4e61d47f58) Importer(2089858483,d624ce77472d68a35037170ec1d2d27e) (ScriptedImporter) -> (artifact id: '3b65f33c367addeac5a84ba1b1215aae') in 0.0083035 seconds
Number of updated asset objects reloaded before import = 0Number of asset objects unloaded after import = 8

========================================================================
Received Import Request.
  Time since last request: 0.000014 seconds.
  path: Assets/Asset/Cartoon Temple Building Kit/Fbx/Walls/Wall Tile 3x1.fbx
  artifactKey: Guid(3ffa5e9d53555174e88e0092cba75350) Importer(2089858483,d624ce77472d68a35037170ec1d2d27e)
Start importing Assets/Asset/Cartoon Temple Building Kit/Fbx/Walls/Wall Tile 3x1.fbx using Guid(3ffa5e9d53555174e88e0092cba75350) Importer(2089858483,d624ce77472d68a35037170ec1d2d27e) (ScriptedImporter) -> (artifact id: 'e41cb936e8e7ba6e41462f30bd34c756') in 0.0134877 seconds
Number of updated asset objects reloaded before import = 0Number of asset objects unloaded after import = 8

========================================================================
Received Import Request.
  Time since last request: 0.437671 seconds.
  path: Assets/Asset/Cartoon Temple Building Kit/Prefabs/Round Prefabs/Round Wide 8.prefab
  artifactKey: Guid(9c36b9a389fbd504aa5172959b90a739) Importer(2089858483,d624ce77472d68a35037170ec1d2d27e)
Start importing Assets/Asset/Cartoon Temple Building Kit/Prefabs/Round Prefabs/Round Wide 8.prefab using Guid(9c36b9a389fbd504aa5172959b90a739) Importer(2089858483,d624ce77472d68a35037170ec1d2d27e) (ScriptedImporter) -> (artifact id: '6bd25e1349af7e2a80b1b6f5bc882fca') in 0.0084104 seconds
Number of updated asset objects reloaded before import = 0Number of asset objects unloaded after import = 8

========================================================================
Received Import Request.
  Time since last request: 0.000013 seconds.
  path: Assets/Asset/Cartoon Temple Building Kit/Prefabs/Sig Sag Prefabs/Sig Sag  Pyramid.prefab
  artifactKey: Guid(ad89cac77079e92488853ed3e7591455) Importer(2089858483,d624ce77472d68a35037170ec1d2d27e)
Start importing Assets/Asset/Cartoon Temple Building Kit/Prefabs/Sig Sag Prefabs/Sig Sag  Pyramid.prefab using Guid(ad89cac77079e92488853ed3e7591455) Importer(2089858483,d624ce77472d68a35037170ec1d2d27e) (ScriptedImporter) -> (artifact id: '5c8bbacfbf810e410ad686c91be04630') in 0.0131589 seconds
Number of updated asset objects reloaded before import = 0Number of asset objects unloaded after import = 8

========================================================================
Received Import Request.
  Time since last request: 0.000014 seconds.
  path: Assets/Asset/DungeonTraps/Trap/Prefab/Pf_BladeTrap.prefab
  artifactKey: Guid(d5d36540320e5c04487d3779141d6971) Importer(2089858483,d624ce77472d68a35037170ec1d2d27e)
Start importing Assets/Asset/DungeonTraps/Trap/Prefab/Pf_BladeTrap.prefab using Guid(d5d36540320e5c04487d3779141d6971) Importer(2089858483,d624ce77472d68a35037170ec1d2d27e) (ScriptedImporter) -> (artifact id: 'eb8ca3b012f684cfe0d4820fe6caac2b') in 0.0064585 seconds
Number of updated asset objects reloaded before import = 0Number of asset objects unloaded after import = 16

========================================================================
Received Import Request.
  Time since last request: 0.000019 seconds.
  path: Assets/Asset/FarlandSkies/Skyboxes/CloudyCrown_02_Evening/CloudyCrown_Evening.mat
  artifactKey: Guid(77715b8b6b248994891d3ccad1ad330b) Importer(2089858483,d624ce77472d68a35037170ec1d2d27e)
Start importing Assets/Asset/FarlandSkies/Skyboxes/CloudyCrown_02_Evening/CloudyCrown_Evening.mat using Guid(77715b8b6b248994891d3ccad1ad330b) Importer(2089858483,d624ce77472d68a35037170ec1d2d27e) (ScriptedImporter) -> (artifact id: '8ccbd2bc31d21ec8e0905dfbf4328e86') in 0.0162303 seconds
Number of updated asset objects reloaded before import = 0Number of asset objects unloaded after import = 7

========================================================================
Received Import Request.
  Time since last request: 0.000013 seconds.
  path: Assets/Asset/Simple UI/Simple Vector Icons/128px/UI_Icon_BtnDpadDirDown.png
  artifactKey: Guid(b64d7e57c0638468aaa5dbb057bb00e0) Importer(2089858483,d624ce77472d68a35037170ec1d2d27e)
Start importing Assets/Asset/Simple UI/Simple Vector Icons/128px/UI_Icon_BtnDpadDirDown.png using Guid(b64d7e57c0638468aaa5dbb057bb00e0) Importer(2089858483,d624ce77472d68a35037170ec1d2d27e) (ScriptedImporter) -> (artifact id: '860a298de3014ef0ef3577df13404c31') in 0.0120523 seconds
Number of updated asset objects reloaded before import = 0Number of asset objects unloaded after import = 3

========================================================================
Received Import Request.
  Time since last request: 0.000013 seconds.
  path: Assets/Asset/Pipes/Pipes/Mesh/pipe_col_6.prefab
  artifactKey: Guid(3aa1c254290ef1a4bbe10f2225258cd1) Importer(2089858483,d624ce77472d68a35037170ec1d2d27e)
Start importing Assets/Asset/Pipes/Pipes/Mesh/pipe_col_6.prefab using Guid(3aa1c254290ef1a4bbe10f2225258cd1) Importer(2089858483,d624ce77472d68a35037170ec1d2d27e) (ScriptedImporter) -> (artifact id: 'db73c6580118c3493347099d2e1cf825') in 0.0035314 seconds
Number of updated asset objects reloaded before import = 0Number of asset objects unloaded after import = 9

========================================================================
Received Import Request.
  Time since last request: 0.000011 seconds.
  path: Assets/Asset/Joystick Pack/Scripts/Base/Joystick.cs
  artifactKey: Guid(b9fca4100a7477741b3973b4ff2c405f) Importer(2089858483,d624ce77472d68a35037170ec1d2d27e)
Start importing Assets/Asset/Joystick Pack/Scripts/Base/Joystick.cs using Guid(b9fca4100a7477741b3973b4ff2c405f) Importer(2089858483,d624ce77472d68a35037170ec1d2d27e) (ScriptedImporter) -> (artifact id: '250a5bc55ad50188b3e9c73ed738e24f') in 0.0034771 seconds
Number of updated asset objects reloaded before import = 0Number of asset objects unloaded after import = 0

========================================================================
Received Import Request.
  Time since last request: 0.000073 seconds.
  path: Assets/Asset/Cartoon Temple Building Kit/Prefabs/Wall Prefabs/Wall Tile 1x1.prefab
  artifactKey: Guid(4db46325c54c8af4b83e3def2790e611) Importer(2089858483,d624ce77472d68a35037170ec1d2d27e)
Start importing Assets/Asset/Cartoon Temple Building Kit/Prefabs/Wall Prefabs/Wall Tile 1x1.prefab using Guid(4db46325c54c8af4b83e3def2790e611) Importer(2089858483,d624ce77472d68a35037170ec1d2d27e) (ScriptedImporter) -> (artifact id: 'f051e553f8ab1882a364e6ab58563b0a') in 0.0085023 seconds
Number of updated asset objects reloaded before import = 0Number of asset objects unloaded after import = 8

========================================================================
Received Import Request.
  Time since last request: 0.000011 seconds.
  path: Assets/Asset/DungeonTraps/Trap/Anim/Anim_BladeTrap01_Play.anim
  artifactKey: Guid(1c29fcb882a3b1946a21965ac2720f9e) Importer(2089858483,d624ce77472d68a35037170ec1d2d27e)
Start importing Assets/Asset/DungeonTraps/Trap/Anim/Anim_BladeTrap01_Play.anim using Guid(1c29fcb882a3b1946a21965ac2720f9e) Importer(2089858483,d624ce77472d68a35037170ec1d2d27e) (ScriptedImporter) -> (artifact id: '7fa7ae1b21e89c51ba43766b7d5d06ac') in 0.0096809 seconds
Number of updated asset objects reloaded before import = 0Number of asset objects unloaded after import = 1

========================================================================
Received Import Request.
  Time since last request: 0.000014 seconds.
  path: Assets/Asset/Cartoon Temple Building Kit/Prefabs/Square Holes Prefabs/Square Hole 3x4 One Sided.prefab
  artifactKey: Guid(f4bf6091443e4524584ca67c8a579ee7) Importer(2089858483,d624ce77472d68a35037170ec1d2d27e)
Start importing Assets/Asset/Cartoon Temple Building Kit/Prefabs/Square Holes Prefabs/Square Hole 3x4 One Sided.prefab using Guid(f4bf6091443e4524584ca67c8a579ee7) Importer(2089858483,d624ce77472d68a35037170ec1d2d27e) (ScriptedImporter) -> (artifact id: 'ef152ba757345d421495594816cc8e07') in 0.0082103 seconds
Number of updated asset objects reloaded before import = 0Number of asset objects unloaded after import = 8

========================================================================
Received Import Request.
  Time since last request: 0.000018 seconds.
  path: Assets/Asset/DungeonTraps/Trap/Anim/Anim_TrapCutter_Play.anim
  artifactKey: Guid(ae075f7bb00c1464d938e52b0eb1e453) Importer(2089858483,d624ce77472d68a35037170ec1d2d27e)
Start importing Assets/Asset/DungeonTraps/Trap/Anim/Anim_TrapCutter_Play.anim using Guid(ae075f7bb00c1464d938e52b0eb1e453) Importer(2089858483,d624ce77472d68a35037170ec1d2d27e) (ScriptedImporter) -> (artifact id: 'cf85ac9373df33e4e1a3ff61b65bdc62') in 0.0048472 seconds
Number of updated asset objects reloaded before import = 0Number of asset objects unloaded after import = 1

========================================================================
Received Import Request.
  Time since last request: 0.000011 seconds.
  path: Assets/Asset/DungeonTraps/Trap/Materials/Tex_Trap02.psd
  artifactKey: Guid(158f7e8309b33754f935b44c9aedef0e) Importer(2089858483,d624ce77472d68a35037170ec1d2d27e)
Start importing Assets/Asset/DungeonTraps/Trap/Materials/Tex_Trap02.psd using Guid(158f7e8309b33754f935b44c9aedef0e) Importer(2089858483,d624ce77472d68a35037170ec1d2d27e) (ScriptedImporter) -> (artifact id: '2b3f800e997540edb8eac19854d59301') in 0.0096915 seconds
Number of updated asset objects reloaded before import = 0Number of asset objects unloaded after import = 1

========================================================================
Received Import Request.
  Time since last request: 0.000084 seconds.
  path: Assets/Asset/Cartoon Temple Building Kit/Prefabs/Square Holes Prefabs/Square Hole 4x7 One Sided.prefab
  artifactKey: Guid(200a729461b72814aafaac817e1addac) Importer(2089858483,d624ce77472d68a35037170ec1d2d27e)
Start importing Assets/Asset/Cartoon Temple Building Kit/Prefabs/Square Holes Prefabs/Square Hole 4x7 One Sided.prefab using Guid(200a729461b72814aafaac817e1addac) Importer(2089858483,d624ce77472d68a35037170ec1d2d27e) (ScriptedImporter) -> (artifact id: 'c5dd619a05bd5e368bd5aacffd29184f') in 0.0097502 seconds
Number of updated asset objects reloaded before import = 0Number of asset objects unloaded after import = 8

========================================================================
Received Import Request.
  Time since last request: 0.000116 seconds.
  path: Assets/Asset/DungeonTraps/Trap/Anim/Anim_Cam_Play.anim
  artifactKey: Guid(b07a8329c2e225649a96960517fdbd05) Importer(2089858483,d624ce77472d68a35037170ec1d2d27e)
Start importing Assets/Asset/DungeonTraps/Trap/Anim/Anim_Cam_Play.anim using Guid(b07a8329c2e225649a96960517fdbd05) Importer(2089858483,d624ce77472d68a35037170ec1d2d27e) (ScriptedImporter) -> (artifact id: '621f365ab1a41811a2fea5a0c4a9eed4') in 0.0046208 seconds
Number of updated asset objects reloaded before import = 0Number of asset objects unloaded after import = 1

========================================================================
Received Import Request.
  Time since last request: 0.000044 seconds.
  path: Assets/Asset/Cartoon Temple Building Kit/Prefabs/Single Cubes Prefabs/Single Cube 11.prefab
  artifactKey: Guid(0cb4db37a04cd2b449cfd533ade080da) Importer(2089858483,d624ce77472d68a35037170ec1d2d27e)
Start importing Assets/Asset/Cartoon Temple Building Kit/Prefabs/Single Cubes Prefabs/Single Cube 11.prefab using Guid(0cb4db37a04cd2b449cfd533ade080da) Importer(2089858483,d624ce77472d68a35037170ec1d2d27e) (ScriptedImporter) -> (artifact id: 'a1c487860dcf01de080cd383e730f8ea') in 0.0069963 seconds
Number of updated asset objects reloaded before import = 0Number of asset objects unloaded after import = 8

========================================================================
Received Import Request.
  Time since last request: 0.000013 seconds.
  path: Assets/Asset/DungeonTraps/Trap/Anim/Anim_SpearTrap_Play.anim
  artifactKey: Guid(2334a3837fbad4f44b5dc3e249121837) Importer(2089858483,d624ce77472d68a35037170ec1d2d27e)
Start importing Assets/Asset/DungeonTraps/Trap/Anim/Anim_SpearTrap_Play.anim using Guid(2334a3837fbad4f44b5dc3e249121837) Importer(2089858483,d624ce77472d68a35037170ec1d2d27e) (ScriptedImporter) -> (artifact id: '852d3317ae67e79387f0e5c93852ba76') in 0.0041341 seconds
Number of updated asset objects reloaded before import = 0Number of asset objects unloaded after import = 1

========================================================================
Received Import Request.
  Time since last request: 0.000011 seconds.
  path: Assets/Asset/Cartoon Temple Building Kit/Prefabs/Square Holes Prefabs/Square Hole 4x4 One Sided.prefab
  artifactKey: Guid(a766b84ed26307a4f941eeeb60f04411) Importer(2089858483,d624ce77472d68a35037170ec1d2d27e)
Start importing Assets/Asset/Cartoon Temple Building Kit/Prefabs/Square Holes Prefabs/Square Hole 4x4 One Sided.prefab using Guid(a766b84ed26307a4f941eeeb60f04411) Importer(2089858483,d624ce77472d68a35037170ec1d2d27e) (ScriptedImporter) -> (artifact id: '997212921a20ea2818b91fb15288bfb1') in 0.0071184 seconds
Number of updated asset objects reloaded before import = 0Number of asset objects unloaded after import = 8

========================================================================
Received Import Request.
  Time since last request: 0.000010 seconds.
  path: Assets/Asset/Joystick Pack/Sprites/All Axis Backgrounds/AllAxis_Ridged.png
  artifactKey: Guid(54628aafa20f64b40ae661038ee7abf0) Importer(2089858483,d624ce77472d68a35037170ec1d2d27e)
Start importing Assets/Asset/Joystick Pack/Sprites/All Axis Backgrounds/AllAxis_Ridged.png using Guid(54628aafa20f64b40ae661038ee7abf0) Importer(2089858483,d624ce77472d68a35037170ec1d2d27e) (ScriptedImporter) -> (artifact id: 'dd2f9439bf93d826ef68372f94777925') in 0.0127751 seconds
Number of updated asset objects reloaded before import = 0Number of asset objects unloaded after import = 3

========================================================================
Received Import Request.
  Time since last request: 0.000017 seconds.
  path: Assets/Asset/Joystick Pack/Sprites/Vertical Backgrounds/Vertical_Outline_Arrows.png
  artifactKey: Guid(c615706690ca87043ad593475e6db7ec) Importer(2089858483,d624ce77472d68a35037170ec1d2d27e)
Start importing Assets/Asset/Joystick Pack/Sprites/Vertical Backgrounds/Vertical_Outline_Arrows.png using Guid(c615706690ca87043ad593475e6db7ec) Importer(2089858483,d624ce77472d68a35037170ec1d2d27e) (ScriptedImporter) -> (artifact id: '03caae62c35f5bd4133d2caf7d554ca2') in 0.0169467 seconds
Number of updated asset objects reloaded before import = 0Number of asset objects unloaded after import = 3

========================================================================
Received Import Request.
  Time since last request: 0.000013 seconds.
  path: Assets/Asset/Pipes/Pipes/Materials/shader_data.json
  artifactKey: Guid(41d6157bc9989cb4491ad5e175889339) Importer(2089858483,d624ce77472d68a35037170ec1d2d27e)
Start importing Assets/Asset/Pipes/Pipes/Materials/shader_data.json using Guid(41d6157bc9989cb4491ad5e175889339) Importer(2089858483,d624ce77472d68a35037170ec1d2d27e) (ScriptedImporter) -> (artifact id: '3ef476161ef6d21b75712912cb5b1e4b') in 0.0032839 seconds
Number of updated asset objects reloaded before import = 0Number of asset objects unloaded after import = 1

========================================================================
Received Import Request.
  Time since last request: 0.000012 seconds.
  path: Assets/Asset/DungeonTraps/Trap/Anim/Anim_TrapNeedle_Show.anim
  artifactKey: Guid(82276ad1fa0134f4d916ecaa765f6322) Importer(2089858483,d624ce77472d68a35037170ec1d2d27e)
Start importing Assets/Asset/DungeonTraps/Trap/Anim/Anim_TrapNeedle_Show.anim using Guid(82276ad1fa0134f4d916ecaa765f6322) Importer(2089858483,d624ce77472d68a35037170ec1d2d27e) (ScriptedImporter) -> (artifact id: '21e7dcd8f7a312362904a0b4598e6398') in 0.0045724 seconds
Number of updated asset objects reloaded before import = 0Number of asset objects unloaded after import = 1

========================================================================
Received Import Request.
  Time since last request: 0.000024 seconds.
  path: Assets/Asset/Cartoon Temple Building Kit/Prefabs/Sig Sag Prefabs/Sig Sag 2x4 Flat.prefab
  artifactKey: Guid(5b2d425c823e1914fbaab8d21482a581) Importer(2089858483,d624ce77472d68a35037170ec1d2d27e)
Start importing Assets/Asset/Cartoon Temple Building Kit/Prefabs/Sig Sag Prefabs/Sig Sag 2x4 Flat.prefab using Guid(5b2d425c823e1914fbaab8d21482a581) Importer(2089858483,d624ce77472d68a35037170ec1d2d27e) (ScriptedImporter) -> (artifact id: 'dcb2b7273077f3739f9b5ea2f9485a2d') in 0.0084351 seconds
Number of updated asset objects reloaded before import = 0Number of asset objects unloaded after import = 8

========================================================================
Received Import Request.
  Time since last request: 0.000013 seconds.
  path: Assets/Asset/Cartoon Temple Building Kit/Prefabs/Single Cubes Prefabs/Single Cube 14.prefab
  artifactKey: Guid(1ca104c13ea503f41b88ee680789e560) Importer(2089858483,d624ce77472d68a35037170ec1d2d27e)
Start importing Assets/Asset/Cartoon Temple Building Kit/Prefabs/Single Cubes Prefabs/Single Cube 14.prefab using Guid(1ca104c13ea503f41b88ee680789e560) Importer(2089858483,d624ce77472d68a35037170ec1d2d27e) (ScriptedImporter) -> (artifact id: '440cff0b2f9ee3b5ecada40ece699443') in 0.0077243 seconds
Number of updated asset objects reloaded before import = 0Number of asset objects unloaded after import = 8

========================================================================
Received Import Request.
  Time since last request: 0.000012 seconds.
  path: Assets/Asset/Pipes/Pipes/Mesh/pipe_col_3.prefab
  artifactKey: Guid(5e8870365c5f05b4d85ab699f32a8e18) Importer(2089858483,d624ce77472d68a35037170ec1d2d27e)
Start importing Assets/Asset/Pipes/Pipes/Mesh/pipe_col_3.prefab using Guid(5e8870365c5f05b4d85ab699f32a8e18) Importer(2089858483,d624ce77472d68a35037170ec1d2d27e) (ScriptedImporter) -> (artifact id: 'f066457c0d2a3c836fb0a240b65d233b') in 0.003803 seconds
Number of updated asset objects reloaded before import = 0Number of asset objects unloaded after import = 9

========================================================================
Received Import Request.
  Time since last request: 0.000012 seconds.
  path: Assets/Asset/Cartoon Temple Building Kit/Prefabs/Sig Sag Prefabs/Sig Sag 1x2 One Sided.prefab
  artifactKey: Guid(0e4d87a28010f3948b1b3697855fbb36) Importer(2089858483,d624ce77472d68a35037170ec1d2d27e)
Start importing Assets/Asset/Cartoon Temple Building Kit/Prefabs/Sig Sag Prefabs/Sig Sag 1x2 One Sided.prefab using Guid(0e4d87a28010f3948b1b3697855fbb36) Importer(2089858483,d624ce77472d68a35037170ec1d2d27e) (ScriptedImporter) -> (artifact id: '5247696572b062ce9f01b20f75dd2942') in 0.006993 seconds
Number of updated asset objects reloaded before import = 0Number of asset objects unloaded after import = 8

========================================================================
Received Import Request.
  Time since last request: 0.000011 seconds.
  path: Assets/Asset/Cartoon Temple Building Kit/Prefabs/Sig Sag Prefabs/Sig Sag 2x4 One Sided.prefab
  artifactKey: Guid(9c6290a2ca8d47f419a159fa584858f8) Importer(2089858483,d624ce77472d68a35037170ec1d2d27e)
Start importing Assets/Asset/Cartoon Temple Building Kit/Prefabs/Sig Sag Prefabs/Sig Sag 2x4 One Sided.prefab using Guid(9c6290a2ca8d47f419a159fa584858f8) Importer(2089858483,d624ce77472d68a35037170ec1d2d27e) (ScriptedImporter) -> (artifact id: 'c962c265069ba0045f4a1f3a277bf6b7') in 0.0082702 seconds
Number of updated asset objects reloaded before import = 0Number of asset objects unloaded after import = 8

========================================================================
Received Import Request.
  Time since last request: 0.000012 seconds.
  path: Assets/Asset/Joystick Pack/Sprites/Vertical Backgrounds/Vertical_Plain_Arrows.png
  artifactKey: Guid(3bf6d9f920f7458448a390f80318ebe6) Importer(2089858483,d624ce77472d68a35037170ec1d2d27e)
Start importing Assets/Asset/Joystick Pack/Sprites/Vertical Backgrounds/Vertical_Plain_Arrows.png using Guid(3bf6d9f920f7458448a390f80318ebe6) Importer(2089858483,d624ce77472d68a35037170ec1d2d27e) (ScriptedImporter) -> (artifact id: '292cf3af6dad528f265538e33ec56514') in 0.0112327 seconds
Number of updated asset objects reloaded before import = 0Number of asset objects unloaded after import = 3

========================================================================
Received Import Request.
  Time since last request: 0.000015 seconds.
  path: Assets/Asset/Joystick Pack/Sprites/Horizontal Backgrounds/Horizontal_Outline.png
  artifactKey: Guid(cd0a2c1b2c014ba4c80c1df786e150e9) Importer(2089858483,d624ce77472d68a35037170ec1d2d27e)
Start importing Assets/Asset/Joystick Pack/Sprites/Horizontal Backgrounds/Horizontal_Outline.png using Guid(cd0a2c1b2c014ba4c80c1df786e150e9) Importer(2089858483,d624ce77472d68a35037170ec1d2d27e) (ScriptedImporter) -> (artifact id: '71867a9e0e05d82f7928012bf44c1971') in 0.0117173 seconds
Number of updated asset objects reloaded before import = 0Number of asset objects unloaded after import = 3

========================================================================
Received Import Request.
  Time since last request: 0.000012 seconds.
  path: Assets/Asset/Simple UI/Simple Vector Icons/128px/UI_Icon_Bookmark.png
  artifactKey: Guid(bb2fbe780ca4744a2abbe68c46925a90) Importer(2089858483,d624ce77472d68a35037170ec1d2d27e)
Start importing Assets/Asset/Simple UI/Simple Vector Icons/128px/UI_Icon_Bookmark.png using Guid(bb2fbe780ca4744a2abbe68c46925a90) Importer(2089858483,d624ce77472d68a35037170ec1d2d27e) (ScriptedImporter) -> (artifact id: 'e2cacc28c0a03b664084c1f54bfc552a') in 0.0111957 seconds
Number of updated asset objects reloaded before import = 0Number of asset objects unloaded after import = 3

========================================================================
Received Import Request.
  Time since last request: 0.000012 seconds.
  path: Assets/Asset/Simple UI/Resource Icons/Source/UI_Graphic_Resource_Iron.eps
  artifactKey: Guid(fcbee89f734de4e71b6c8a56122c6f7e) Importer(2089858483,d624ce77472d68a35037170ec1d2d27e)
Start importing Assets/Asset/Simple UI/Resource Icons/Source/UI_Graphic_Resource_Iron.eps using Guid(fcbee89f734de4e71b6c8a56122c6f7e) Importer(2089858483,d624ce77472d68a35037170ec1d2d27e) (ScriptedImporter) -> (artifact id: '5c327e0ca6eb388fe8ebc1c56331704c') in 0.0024463 seconds
Number of updated asset objects reloaded before import = 0Number of asset objects unloaded after import = 1

========================================================================
Received Import Request.
  Time since last request: 0.000032 seconds.
  path: Assets/Asset/Pipes/Pipes/Mesh/pipe_col_8.prefab
  artifactKey: Guid(2c4b651806914944db6fcc88938e830c) Importer(2089858483,d624ce77472d68a35037170ec1d2d27e)
Start importing Assets/Asset/Pipes/Pipes/Mesh/pipe_col_8.prefab using Guid(2c4b651806914944db6fcc88938e830c) Importer(2089858483,d624ce77472d68a35037170ec1d2d27e) (ScriptedImporter) -> (artifact id: '499e0c23d806719b2295b92a9334b1c5') in 0.003264 seconds
Number of updated asset objects reloaded before import = 0Number of asset objects unloaded after import = 9

========================================================================
Received Import Request.
  Time since last request: 0.000013 seconds.
  path: Assets/Asset/Simple UI/Simple Vector Icons/128px/UI_Icon_Aim.png
  artifactKey: Guid(9f8eeae144e1e464fb2fe20de2d3941f) Importer(2089858483,d624ce77472d68a35037170ec1d2d27e)
Start importing Assets/Asset/Simple UI/Simple Vector Icons/128px/UI_Icon_Aim.png using Guid(9f8eeae144e1e464fb2fe20de2d3941f) Importer(2089858483,d624ce77472d68a35037170ec1d2d27e) (ScriptedImporter) -> (artifact id: '26e476b74492e35bcd312be65dd4330d') in 0.0140425 seconds
Number of updated asset objects reloaded before import = 0Number of asset objects unloaded after import = 3

========================================================================
Received Import Request.
  Time since last request: 0.000013 seconds.
  path: Assets/Asset/Cartoon Temple Building Kit/Prefabs/Sig Sag Prefabs/Sig Sag 2x2.prefab
  artifactKey: Guid(55c92b7ca7a8d8b408e5f2a3c55bff0e) Importer(2089858483,d624ce77472d68a35037170ec1d2d27e)
Start importing Assets/Asset/Cartoon Temple Building Kit/Prefabs/Sig Sag Prefabs/Sig Sag 2x2.prefab using Guid(55c92b7ca7a8d8b408e5f2a3c55bff0e) Importer(2089858483,d624ce77472d68a35037170ec1d2d27e) (ScriptedImporter) -> (artifact id: 'db7bffa4769c7332db4ef2e625e874dc') in 0.0079772 seconds
Number of updated asset objects reloaded before import = 0Number of asset objects unloaded after import = 8

========================================================================
Received Import Request.
  Time since last request: 0.000013 seconds.
  path: Assets/Asset/DungeonTraps/Trap/Anim/Main Camera.controller
  artifactKey: Guid(7873d3fba3ae6fa45a7e25aa94d8bb18) Importer(2089858483,d624ce77472d68a35037170ec1d2d27e)
Start importing Assets/Asset/DungeonTraps/Trap/Anim/Main Camera.controller using Guid(7873d3fba3ae6fa45a7e25aa94d8bb18) Importer(2089858483,d624ce77472d68a35037170ec1d2d27e) (ScriptedImporter) -> (artifact id: 'cd4e6fa934d164ea1b7c160be1f8882d') in 0.0036612 seconds
Number of updated asset objects reloaded before import = 0Number of asset objects unloaded after import = 4

========================================================================
Received Import Request.
  Time since last request: 0.000016 seconds.
  path: Assets/Asset/Pipes/Pipes/Mesh/pipe_col_5.prefab
  artifactKey: Guid(854781063e0b6e044b0d1d66c7293f48) Importer(2089858483,d624ce77472d68a35037170ec1d2d27e)
Start importing Assets/Asset/Pipes/Pipes/Mesh/pipe_col_5.prefab using Guid(854781063e0b6e044b0d1d66c7293f48) Importer(2089858483,d624ce77472d68a35037170ec1d2d27e) (ScriptedImporter) -> (artifact id: 'f9c63d638fb0599d87ee6dd3ad3a211a') in 0.0038719 seconds
Number of updated asset objects reloaded before import = 0Number of asset objects unloaded after import = 9

========================================================================
Received Import Request.
  Time since last request: 0.000014 seconds.
  path: Assets/Asset/Cartoon Temple Building Kit/Prefabs/Wall Prefabs/Wall Tile 1x2.prefab
  artifactKey: Guid(9d75bd5694a1ef840a06400b3cdacd4e) Importer(2089858483,d624ce77472d68a35037170ec1d2d27e)
Start importing Assets/Asset/Cartoon Temple Building Kit/Prefabs/Wall Prefabs/Wall Tile 1x2.prefab using Guid(9d75bd5694a1ef840a06400b3cdacd4e) Importer(2089858483,d624ce77472d68a35037170ec1d2d27e) (ScriptedImporter) -> (artifact id: 'eedaf87aae11ea28a9b89d081263f73c') in 0.0075263 seconds
Number of updated asset objects reloaded before import = 0Number of asset objects unloaded after import = 8

========================================================================
Received Import Request.
  Time since last request: 0.000018 seconds.
  path: Assets/Asset/Cartoon Temple Building Kit/Prefabs/Square Holes Prefabs/Square Hole 3x6.prefab
  artifactKey: Guid(3d4d07c683634cd4ba007554e3b88a78) Importer(2089858483,d624ce77472d68a35037170ec1d2d27e)
Start importing Assets/Asset/Cartoon Temple Building Kit/Prefabs/Square Holes Prefabs/Square Hole 3x6.prefab using Guid(3d4d07c683634cd4ba007554e3b88a78) Importer(2089858483,d624ce77472d68a35037170ec1d2d27e) (ScriptedImporter) -> (artifact id: '17536a8875297f1cf676386993f2b8dc') in 0.0072547 seconds
Number of updated asset objects reloaded before import = 0Number of asset objects unloaded after import = 8

========================================================================
Received Import Request.
  Time since last request: 0.000014 seconds.
  path: Assets/Asset/Cartoon Temple Building Kit/Prefabs/Square Holes Prefabs/Square Hole 3x7 One Sided.prefab
  artifactKey: Guid(c889c0d2606a4e94b947e07097ad61dc) Importer(2089858483,d624ce77472d68a35037170ec1d2d27e)
Start importing Assets/Asset/Cartoon Temple Building Kit/Prefabs/Square Holes Prefabs/Square Hole 3x7 One Sided.prefab using Guid(c889c0d2606a4e94b947e07097ad61dc) Importer(2089858483,d624ce77472d68a35037170ec1d2d27e) (ScriptedImporter) -> (artifact id: '91bce2927513fdda5ea21be766a925c6') in 0.0078208 seconds
Number of updated asset objects reloaded before import = 0Number of asset objects unloaded after import = 8

========================================================================
Received Import Request.
  Time since last request: 0.000011 seconds.
  path: Assets/Asset/Joystick Pack/Sprites/Handles/Handle_Outline_Arrows.png
  artifactKey: Guid(5eda94a9dcf71e445ad17e3c065d1460) Importer(2089858483,d624ce77472d68a35037170ec1d2d27e)
Start importing Assets/Asset/Joystick Pack/Sprites/Handles/Handle_Outline_Arrows.png using Guid(5eda94a9dcf71e445ad17e3c065d1460) Importer(2089858483,d624ce77472d68a35037170ec1d2d27e) (ScriptedImporter) -> (artifact id: 'c95a8e89d8dcc25d931197bfbde348ea') in 0.0118886 seconds
Number of updated asset objects reloaded before import = 0Number of asset objects unloaded after import = 3

========================================================================
Received Import Request.
  Time since last request: 0.000012 seconds.
  path: Assets/Asset/DungeonTraps/Trap/Materials/Tex_Trap01.mat
  artifactKey: Guid(f002e63151d71af4680557e0edddceef) Importer(2089858483,d624ce77472d68a35037170ec1d2d27e)
Start importing Assets/Asset/DungeonTraps/Trap/Materials/Tex_Trap01.mat using Guid(f002e63151d71af4680557e0edddceef) Importer(2089858483,d624ce77472d68a35037170ec1d2d27e) (ScriptedImporter) -> (artifact id: '2ccdd848e49275461d79af75510b0f5f') in 0.0038234 seconds
Number of updated asset objects reloaded before import = 0Number of asset objects unloaded after import = 2

========================================================================
Received Import Request.
  Time since last request: 0.000012 seconds.
  path: Assets/Asset/Joystick Pack/Scripts/Joysticks/DynamicJoystick.cs
  artifactKey: Guid(ba0d0e7a039f526499c356a3c5cd6d3f) Importer(2089858483,d624ce77472d68a35037170ec1d2d27e)
Start importing Assets/Asset/Joystick Pack/Scripts/Joysticks/DynamicJoystick.cs using Guid(ba0d0e7a039f526499c356a3c5cd6d3f) Importer(2089858483,d624ce77472d68a35037170ec1d2d27e) (ScriptedImporter) -> (artifact id: '0960a2655a1b685f23aa12b76e04a197') in 0.0026554 seconds
Number of updated asset objects reloaded before import = 0Number of asset objects unloaded after import = 0

========================================================================
Received Import Request.
  Time since last request: 0.000056 seconds.
  path: Assets/Asset/Cartoon Temple Building Kit/Prefabs/Square Holes Prefabs/Square Hole 4x5.prefab
  artifactKey: Guid(e6c600d144c36934dbe617a0550ef5cd) Importer(2089858483,d624ce77472d68a35037170ec1d2d27e)
Start importing Assets/Asset/Cartoon Temple Building Kit/Prefabs/Square Holes Prefabs/Square Hole 4x5.prefab using Guid(e6c600d144c36934dbe617a0550ef5cd) Importer(2089858483,d624ce77472d68a35037170ec1d2d27e) (ScriptedImporter) -> (artifact id: '75cf49045746272c09b24c3d8a434f97') in 0.008132 seconds
Number of updated asset objects reloaded before import = 0Number of asset objects unloaded after import = 8

========================================================================
Received Import Request.
  Time since last request: 0.000012 seconds.
  path: Assets/Asset/Cartoon Temple Building Kit/Prefabs/Square Holes Prefabs/Square Hole 4x7.prefab
  artifactKey: Guid(3f9666269df27094ea4af7653045c4cc) Importer(2089858483,d624ce77472d68a35037170ec1d2d27e)
Start importing Assets/Asset/Cartoon Temple Building Kit/Prefabs/Square Holes Prefabs/Square Hole 4x7.prefab using Guid(3f9666269df27094ea4af7653045c4cc) Importer(2089858483,d624ce77472d68a35037170ec1d2d27e) (ScriptedImporter) -> (artifact id: '5607468d331801183d5f3c7e57791793') in 0.0069762 seconds
Number of updated asset objects reloaded before import = 0Number of asset objects unloaded after import = 8

========================================================================
Received Import Request.
  Time since last request: 0.000012 seconds.
  path: Assets/Asset/Cartoon Temple Building Kit/Prefabs/Single Cubes Prefabs/Single Cube 4.prefab
  artifactKey: Guid(b37206dfe6186374398267e26322b759) Importer(2089858483,d624ce77472d68a35037170ec1d2d27e)
Start importing Assets/Asset/Cartoon Temple Building Kit/Prefabs/Single Cubes Prefabs/Single Cube 4.prefab using Guid(b37206dfe6186374398267e26322b759) Importer(2089858483,d624ce77472d68a35037170ec1d2d27e) (ScriptedImporter) -> (artifact id: 'fdaeec7dfccc97fdc9733f3d00e2a452') in 0.0089142 seconds
Number of updated asset objects reloaded before import = 0Number of asset objects unloaded after import = 8

========================================================================
Received Import Request.
  Time since last request: 0.000012 seconds.
  path: Assets/Asset/Joystick Pack/Sprites/Handles/Handle_Ridged_Arrows.png
  artifactKey: Guid(a6c56474666ce0647bdb766e9b4764b3) Importer(2089858483,d624ce77472d68a35037170ec1d2d27e)
Start importing Assets/Asset/Joystick Pack/Sprites/Handles/Handle_Ridged_Arrows.png using Guid(a6c56474666ce0647bdb766e9b4764b3) Importer(2089858483,d624ce77472d68a35037170ec1d2d27e) (ScriptedImporter) -> (artifact id: 'a522a396d3a2b1d201f9632ba57ca2ab') in 0.0164252 seconds
Number of updated asset objects reloaded before import = 0Number of asset objects unloaded after import = 3

========================================================================
Received Import Request.
  Time since last request: 0.000015 seconds.
  path: Assets/Asset/DungeonTraps/Trap/Prefab/Pf_SpearTrap.prefab
  artifactKey: Guid(427e851e8ea40af4a9c14a042a3f35ef) Importer(2089858483,d624ce77472d68a35037170ec1d2d27e)
Start importing Assets/Asset/DungeonTraps/Trap/Prefab/Pf_SpearTrap.prefab using Guid(427e851e8ea40af4a9c14a042a3f35ef) Importer(2089858483,d624ce77472d68a35037170ec1d2d27e) (ScriptedImporter) -> (artifact id: '6fdc673915dfa8ec75b24751a2b2dae6') in 0.0054865 seconds
Number of updated asset objects reloaded before import = 0Number of asset objects unloaded after import = 16

========================================================================
Received Import Request.
  Time since last request: 0.000012 seconds.
  path: Assets/Asset/DungeonTraps/Trap/Anim/stonemove.anim
  artifactKey: Guid(4eb01c8bb949335409de1587aa06fe8a) Importer(2089858483,d624ce77472d68a35037170ec1d2d27e)
Start importing Assets/Asset/DungeonTraps/Trap/Anim/stonemove.anim using Guid(4eb01c8bb949335409de1587aa06fe8a) Importer(2089858483,d624ce77472d68a35037170ec1d2d27e) (ScriptedImporter) -> (artifact id: '227a07a2c97484568ef248152040e2a3') in 0.0048795 seconds
Number of updated asset objects reloaded before import = 0Number of asset objects unloaded after import = 1

========================================================================
Received Import Request.
  Time since last request: 0.000018 seconds.
  path: Assets/Asset/Cartoon Temple Building Kit/Prefabs/Square Holes Prefabs/Square Hole 4x6 One Sided.prefab
  artifactKey: Guid(41b3c2448edea664a86648af6eb4e26d) Importer(2089858483,d624ce77472d68a35037170ec1d2d27e)
Start importing Assets/Asset/Cartoon Temple Building Kit/Prefabs/Square Holes Prefabs/Square Hole 4x6 One Sided.prefab using Guid(41b3c2448edea664a86648af6eb4e26d) Importer(2089858483,d624ce77472d68a35037170ec1d2d27e) (ScriptedImporter) -> (artifact id: 'baa28271b4cac4b8836256b64cf8c002') in 0.0090641 seconds
Number of updated asset objects reloaded before import = 0Number of asset objects unloaded after import = 8

========================================================================
Received Import Request.
  Time since last request: 0.000016 seconds.
  path: Assets/Asset/Cartoon Temple Building Kit/Prefabs/Single Cubes Prefabs/Single Cube 16.prefab
  artifactKey: Guid(abdf6fddf0669f142b480ca7b409c7f4) Importer(2089858483,d624ce77472d68a35037170ec1d2d27e)
Start importing Assets/Asset/Cartoon Temple Building Kit/Prefabs/Single Cubes Prefabs/Single Cube 16.prefab using Guid(abdf6fddf0669f142b480ca7b409c7f4) Importer(2089858483,d624ce77472d68a35037170ec1d2d27e) (ScriptedImporter) -> (artifact id: '13e07347cbf288fd160d6ff38ab4ac9f') in 0.0101256 seconds
Number of updated asset objects reloaded before import = 0Number of asset objects unloaded after import = 8

========================================================================
Received Import Request.
  Time since last request: 0.000013 seconds.
  path: Assets/Asset/Cartoon Temple Building Kit/Prefabs/Single Cubes Prefabs/Single Cube 10.prefab
  artifactKey: Guid(e4b6dc71c54fb9546ab4675a4c0f3a56) Importer(2089858483,d624ce77472d68a35037170ec1d2d27e)
Start importing Assets/Asset/Cartoon Temple Building Kit/Prefabs/Single Cubes Prefabs/Single Cube 10.prefab using Guid(e4b6dc71c54fb9546ab4675a4c0f3a56) Importer(2089858483,d624ce77472d68a35037170ec1d2d27e) (ScriptedImporter) -> (artifact id: 'dc90429832be386b3440954175114ebc') in 0.0083512 seconds
Number of updated asset objects reloaded before import = 0Number of asset objects unloaded after import = 8

========================================================================
Received Import Request.
  Time since last request: 0.000013 seconds.
  path: Assets/Asset/DungeonTraps/Trap/Prefab/Pf_SawTrap01.prefab
  artifactKey: Guid(a5939b4c5392ebf4cad04ece1aa33190) Importer(2089858483,d624ce77472d68a35037170ec1d2d27e)
Start importing Assets/Asset/DungeonTraps/Trap/Prefab/Pf_SawTrap01.prefab using Guid(a5939b4c5392ebf4cad04ece1aa33190) Importer(2089858483,d624ce77472d68a35037170ec1d2d27e) (ScriptedImporter) -> (artifact id: 'cabcb6aae7ac30cd299b4fb37ed51789') in 0.0063439 seconds
Number of updated asset objects reloaded before import = 0Number of asset objects unloaded after import = 25

========================================================================
Received Import Request.
  Time since last request: 0.000011 seconds.
  path: Assets/Asset/DungeonTraps/Trap/Materials/Tex_Trap02.mat
  artifactKey: Guid(0bf6b0d31cf73b8479090d219f8b9da1) Importer(2089858483,d624ce77472d68a35037170ec1d2d27e)
Start importing Assets/Asset/DungeonTraps/Trap/Materials/Tex_Trap02.mat using Guid(0bf6b0d31cf73b8479090d219f8b9da1) Importer(2089858483,d624ce77472d68a35037170ec1d2d27e) (ScriptedImporter) -> (artifact id: '59cbd3abeec7f51093c8209b926da1e6') in 0.0043042 seconds
Number of updated asset objects reloaded before import = 0Number of asset objects unloaded after import = 2

========================================================================
Received Import Request.
  Time since last request: 0.000012 seconds.
  path: Assets/Asset/Simple UI/Simple Vector Icons/128px/UI_Icon_Attack.png
  artifactKey: Guid(c2efd48f02c3f4dda825950570186fcf) Importer(2089858483,d624ce77472d68a35037170ec1d2d27e)
Start importing Assets/Asset/Simple UI/Simple Vector Icons/128px/UI_Icon_Attack.png using Guid(c2efd48f02c3f4dda825950570186fcf) Importer(2089858483,d624ce77472d68a35037170ec1d2d27e) (ScriptedImporter) -> (artifact id: 'e2c85079136c1e82fb69efdce42af80e') in 0.0130415 seconds
Number of updated asset objects reloaded before import = 0Number of asset objects unloaded after import = 3

========================================================================
Received Import Request.
  Time since last request: 0.000014 seconds.
  path: Assets/Asset/Joystick Pack/Sprites/Horizontal Backgrounds/Horizontal_Ridged_Arrows.png
  artifactKey: Guid(b8467ea5fbaf9ba42908de6411bd443d) Importer(2089858483,d624ce77472d68a35037170ec1d2d27e)
Start importing Assets/Asset/Joystick Pack/Sprites/Horizontal Backgrounds/Horizontal_Ridged_Arrows.png using Guid(b8467ea5fbaf9ba42908de6411bd443d) Importer(2089858483,d624ce77472d68a35037170ec1d2d27e) (ScriptedImporter) -> (artifact id: '492604e73fa6e594295057372b6b67a2') in 0.0113555 seconds
Number of updated asset objects reloaded before import = 0Number of asset objects unloaded after import = 3

========================================================================
Received Import Request.
  Time since last request: 0.000013 seconds.
  path: Assets/Asset/Cartoon Temple Building Kit/Prefabs/Square Holes Prefabs/Square Hole 4x4.prefab
  artifactKey: Guid(32822de213e777f458264bb5c0c68469) Importer(2089858483,d624ce77472d68a35037170ec1d2d27e)
Start importing Assets/Asset/Cartoon Temple Building Kit/Prefabs/Square Holes Prefabs/Square Hole 4x4.prefab using Guid(32822de213e777f458264bb5c0c68469) Importer(2089858483,d624ce77472d68a35037170ec1d2d27e) (ScriptedImporter) -> (artifact id: '447b3ec5030f079dbe0463c6b3170ca0') in 0.0090746 seconds
Number of updated asset objects reloaded before import = 0Number of asset objects unloaded after import = 8

========================================================================
Received Import Request.
  Time since last request: 0.000015 seconds.
  path: Assets/Asset/Cartoon Temple Building Kit/Prefabs/Wall Prefabs/Wall Tile 4x2.prefab
  artifactKey: Guid(1bb5689aff5896c44a2c10801d1d1423) Importer(2089858483,d624ce77472d68a35037170ec1d2d27e)
Start importing Assets/Asset/Cartoon Temple Building Kit/Prefabs/Wall Prefabs/Wall Tile 4x2.prefab using Guid(1bb5689aff5896c44a2c10801d1d1423) Importer(2089858483,d624ce77472d68a35037170ec1d2d27e) (ScriptedImporter) -> (artifact id: '09f200855f96b1c5a248fecea9700d7e') in 0.0085035 seconds
Number of updated asset objects reloaded before import = 0Number of asset objects unloaded after import = 8

========================================================================
Received Import Request.
  Time since last request: 0.000013 seconds.
  path: Assets/Asset/Simple UI/Simple Vector Icons/128px/UI_Icon_BtnPsCross.png
  artifactKey: Guid(41d0f9e20b7f3444ab53263d503df75c) Importer(2089858483,d624ce77472d68a35037170ec1d2d27e)
Start importing Assets/Asset/Simple UI/Simple Vector Icons/128px/UI_Icon_BtnPsCross.png using Guid(41d0f9e20b7f3444ab53263d503df75c) Importer(2089858483,d624ce77472d68a35037170ec1d2d27e) (ScriptedImporter) -> (artifact id: '92d06c845b39a07b484830d079bc5951') in 0.0145371 seconds
Number of updated asset objects reloaded before import = 0Number of asset objects unloaded after import = 3

========================================================================
Received Import Request.
  Time since last request: 0.000015 seconds.
  path: Assets/Asset/Simple UI/Simple Vector Icons/128px/UI_Icon_BtnDpadDirUp.png
  artifactKey: Guid(1fff1f4f12bb84b36983621b24a3d897) Importer(2089858483,d624ce77472d68a35037170ec1d2d27e)
Start importing Assets/Asset/Simple UI/Simple Vector Icons/128px/UI_Icon_BtnDpadDirUp.png using Guid(1fff1f4f12bb84b36983621b24a3d897) Importer(2089858483,d624ce77472d68a35037170ec1d2d27e) (ScriptedImporter) -> (artifact id: '1d70bedf9f46bbbd65a0bda2659a0a26') in 0.0134592 seconds
Number of updated asset objects reloaded before import = 0Number of asset objects unloaded after import = 3

========================================================================
Received Import Request.
  Time since last request: 0.000015 seconds.
  path: Assets/Asset/Simple UI/Resource Icons/Source/UI_Graphic_Resource_Wood.eps
  artifactKey: Guid(019f1fe279d254d0faebaba5f7ad9a97) Importer(2089858483,d624ce77472d68a35037170ec1d2d27e)
Start importing Assets/Asset/Simple UI/Resource Icons/Source/UI_Graphic_Resource_Wood.eps using Guid(019f1fe279d254d0faebaba5f7ad9a97) Importer(2089858483,d624ce77472d68a35037170ec1d2d27e) (ScriptedImporter) -> (artifact id: '9d940a37f774543c2631160f7bbe7c05') in 0.0026558 seconds
Number of updated asset objects reloaded before import = 0Number of asset objects unloaded after import = 1

========================================================================
Received Import Request.
  Time since last request: 0.000055 seconds.
  path: Assets/Asset/DungeonTraps/Effect/Materials/Tex_Eff_Fire.png
  artifactKey: Guid(da201e6170935eb40a75cac755ebccf1) Importer(2089858483,d624ce77472d68a35037170ec1d2d27e)
Start importing Assets/Asset/DungeonTraps/Effect/Materials/Tex_Eff_Fire.png using Guid(da201e6170935eb40a75cac755ebccf1) Importer(2089858483,d624ce77472d68a35037170ec1d2d27e) (ScriptedImporter) -> (artifact id: 'f78cc228f10767a0ec56374285ed99f7') in 0.009729 seconds
Number of updated asset objects reloaded before import = 0Number of asset objects unloaded after import = 1

========================================================================
Received Import Request.
  Time since last request: 0.000021 seconds.
  path: Assets/Asset/Cartoon Temple Building Kit/Prefabs/Square Holes Prefabs/Square Hole 3x5 One Sided.prefab
  artifactKey: Guid(137ab6dea77510a4bb7dffb6071bbc7e) Importer(2089858483,d624ce77472d68a35037170ec1d2d27e)
Start importing Assets/Asset/Cartoon Temple Building Kit/Prefabs/Square Holes Prefabs/Square Hole 3x5 One Sided.prefab using Guid(137ab6dea77510a4bb7dffb6071bbc7e) Importer(2089858483,d624ce77472d68a35037170ec1d2d27e) (ScriptedImporter) -> (artifact id: '33c535e9d74b7c82b0fa4cca503dc6ef') in 0.0082729 seconds
Number of updated asset objects reloaded before import = 0Number of asset objects unloaded after import = 8

========================================================================
Received Import Request.
  Time since last request: 0.000012 seconds.
  path: Assets/Asset/DungeonTraps/Trap/Anim/Ground + Bright 4x4.controller
  artifactKey: Guid(03911d906e4cb5b4084e60882a94390e) Importer(2089858483,d624ce77472d68a35037170ec1d2d27e)
Start importing Assets/Asset/DungeonTraps/Trap/Anim/Ground + Bright 4x4.controller using Guid(03911d906e4cb5b4084e60882a94390e) Importer(2089858483,d624ce77472d68a35037170ec1d2d27e) (ScriptedImporter) -> (artifact id: '3fd8bd6f921dbc70c56939811a72374c') in 0.0031452 seconds
Number of updated asset objects reloaded before import = 0Number of asset objects unloaded after import = 4

========================================================================
Received Import Request.
  Time since last request: 0.000022 seconds.
  path: Assets/Asset/DungeonTraps/Trap/Prefab/Pf_Stone.prefab
  artifactKey: Guid(7215ecca71a9d854d8e685613e73af92) Importer(2089858483,d624ce77472d68a35037170ec1d2d27e)
Start importing Assets/Asset/DungeonTraps/Trap/Prefab/Pf_Stone.prefab using Guid(7215ecca71a9d854d8e685613e73af92) Importer(2089858483,d624ce77472d68a35037170ec1d2d27e) (ScriptedImporter) -> (artifact id: '08e7772b8f260022772eeb43aa4d0cbb') in 0.0080453 seconds
Number of updated asset objects reloaded before import = 0Number of asset objects unloaded after import = 8

========================================================================
Received Import Request.
  Time since last request: 0.000017 seconds.
  path: Assets/Asset/Joystick Pack/Sprites/Vertical Backgrounds/Vertical_Plain.png
  artifactKey: Guid(ab6db91373811284caeba2e9472fa9c2) Importer(2089858483,d624ce77472d68a35037170ec1d2d27e)
Start importing Assets/Asset/Joystick Pack/Sprites/Vertical Backgrounds/Vertical_Plain.png using Guid(ab6db91373811284caeba2e9472fa9c2) Importer(2089858483,d624ce77472d68a35037170ec1d2d27e) (ScriptedImporter) -> (artifact id: 'f7fd39b494bf22be3e60bcc01159b70c') in 0.0119521 seconds
Number of updated asset objects reloaded before import = 0Number of asset objects unloaded after import = 3

========================================================================
Received Import Request.
  Time since last request: 0.000013 seconds.
  path: Assets/Asset/DungeonTraps/Trap/Prefab/Pf_AxeTrap.prefab
  artifactKey: Guid(2a6a1016b6a7de34889e991f0126ce38) Importer(2089858483,d624ce77472d68a35037170ec1d2d27e)
Start importing Assets/Asset/DungeonTraps/Trap/Prefab/Pf_AxeTrap.prefab using Guid(2a6a1016b6a7de34889e991f0126ce38) Importer(2089858483,d624ce77472d68a35037170ec1d2d27e) (ScriptedImporter) -> (artifact id: 'd2cd25858cdd87211b98c1132eb4caa1') in 0.0060606 seconds
Number of updated asset objects reloaded before import = 0Number of asset objects unloaded after import = 23

========================================================================
Received Import Request.
  Time since last request: 0.000024 seconds.
  path: Assets/Asset/Joystick Pack/Sprites/Horizontal Backgrounds/Horizontal_Plain_Arrows.png
  artifactKey: Guid(c8585b68a92b5d440992ddd7d1b1a3d6) Importer(2089858483,d624ce77472d68a35037170ec1d2d27e)
Start importing Assets/Asset/Joystick Pack/Sprites/Horizontal Backgrounds/Horizontal_Plain_Arrows.png using Guid(c8585b68a92b5d440992ddd7d1b1a3d6) Importer(2089858483,d624ce77472d68a35037170ec1d2d27e) (ScriptedImporter) -> (artifact id: '470413be108b88fd7f10f095890a6806') in 0.0146777 seconds
Number of updated asset objects reloaded before import = 0Number of asset objects unloaded after import = 3

========================================================================
Received Import Request.
  Time since last request: 0.000016 seconds.
  path: Assets/Asset/DungeonTraps/Trap/Materials/Tex_DungeonTrap.mat
  artifactKey: Guid(c31938330139d2d42876f7993371276c) Importer(2089858483,d624ce77472d68a35037170ec1d2d27e)
Start importing Assets/Asset/DungeonTraps/Trap/Materials/Tex_DungeonTrap.mat using Guid(c31938330139d2d42876f7993371276c) Importer(2089858483,d624ce77472d68a35037170ec1d2d27e) (ScriptedImporter) -> (artifact id: '81822751aec4326a8b53c879ebaee2be') in 0.0053061 seconds
Number of updated asset objects reloaded before import = 0Number of asset objects unloaded after import = 2

========================================================================
Received Import Request.
  Time since last request: 0.000012 seconds.
  path: Assets/Asset/Joystick Pack/Scripts/Editor/DynamicJoystickEditor.cs
  artifactKey: Guid(52071c88a467b46438b3cbf159bf988b) Importer(2089858483,d624ce77472d68a35037170ec1d2d27e)
Start importing Assets/Asset/Joystick Pack/Scripts/Editor/DynamicJoystickEditor.cs using Guid(52071c88a467b46438b3cbf159bf988b) Importer(2089858483,d624ce77472d68a35037170ec1d2d27e) (ScriptedImporter) -> (artifact id: 'f32e152aa3d37393951aa953e482d8fe') in 0.0040205 seconds
Number of updated asset objects reloaded before import = 0Number of asset objects unloaded after import = 0

========================================================================
Received Import Request.
  Time since last request: 0.000063 seconds.
  path: Assets/Asset/Pipes/Pipes/Materials/Pipes-2.mat
  artifactKey: Guid(c72a0a7d58d48f940b11d415f0b70265) Importer(2089858483,d624ce77472d68a35037170ec1d2d27e)
Start importing Assets/Asset/Pipes/Pipes/Materials/Pipes-2.mat using Guid(c72a0a7d58d48f940b11d415f0b70265) Importer(2089858483,d624ce77472d68a35037170ec1d2d27e) (ScriptedImporter) -> (artifact id: 'c5f3978e7cb7552837d488e7778e0a11') in 0.0101373 seconds
Number of updated asset objects reloaded before import = 0Number of asset objects unloaded after import = 4

========================================================================
Received Import Request.
  Time since last request: 0.000016 seconds.
  path: Assets/Asset/Cartoon Temple Building Kit/Prefabs/Sig Sag Prefabs/Sig Sag 4x4 Flat.prefab
  artifactKey: Guid(c57fd02c238d1cb41ae40f94ef3d9311) Importer(2089858483,d624ce77472d68a35037170ec1d2d27e)
Start importing Assets/Asset/Cartoon Temple Building Kit/Prefabs/Sig Sag Prefabs/Sig Sag 4x4 Flat.prefab using Guid(c57fd02c238d1cb41ae40f94ef3d9311) Importer(2089858483,d624ce77472d68a35037170ec1d2d27e) (ScriptedImporter) -> (artifact id: '0e2852da7a95b85ce910f372b857afe4') in 0.0095178 seconds
Number of updated asset objects reloaded before import = 0Number of asset objects unloaded after import = 8

========================================================================
Received Import Request.
  Time since last request: 0.000013 seconds.
  path: Assets/Asset/DungeonTraps/Trap/Materials/Tex_DungeonTrap.png
  artifactKey: Guid(cf91d059097ee1f41a78dac5bd35cc98) Importer(2089858483,d624ce77472d68a35037170ec1d2d27e)
Start importing Assets/Asset/DungeonTraps/Trap/Materials/Tex_DungeonTrap.png using Guid(cf91d059097ee1f41a78dac5bd35cc98) Importer(2089858483,d624ce77472d68a35037170ec1d2d27e) (ScriptedImporter) -> (artifact id: '21fcb508281b36dda4bdb6d525add67c') in 0.011195 seconds
Number of updated asset objects reloaded before import = 0Number of asset objects unloaded after import = 1

========================================================================
Received Import Request.
  Time since last request: 0.000033 seconds.
  path: Assets/Asset/Cartoon Temple Building Kit/Prefabs/Single Cubes Prefabs/Single Cube 9.prefab
  artifactKey: Guid(6007262bd444a5e41a8129ddac6d0e96) Importer(2089858483,d624ce77472d68a35037170ec1d2d27e)
Start importing Assets/Asset/Cartoon Temple Building Kit/Prefabs/Single Cubes Prefabs/Single Cube 9.prefab using Guid(6007262bd444a5e41a8129ddac6d0e96) Importer(2089858483,d624ce77472d68a35037170ec1d2d27e) (ScriptedImporter) -> (artifact id: 'cdc7e0f57b5bd978d023aafac4b17534') in 0.008571 seconds
Number of updated asset objects reloaded before import = 0Number of asset objects unloaded after import = 8

========================================================================
Received Import Request.
  Time since last request: 0.000013 seconds.
  path: Assets/Asset/Joystick Pack/Sprites/Vertical Backgrounds/Vertical_Outline.png
  artifactKey: Guid(f054197ef28924b4986cbd91de2ab054) Importer(2089858483,d624ce77472d68a35037170ec1d2d27e)
Start importing Assets/Asset/Joystick Pack/Sprites/Vertical Backgrounds/Vertical_Outline.png using Guid(f054197ef28924b4986cbd91de2ab054) Importer(2089858483,d624ce77472d68a35037170ec1d2d27e) (ScriptedImporter) -> (artifact id: '0c576c9fb985182b3f08b7cbc1b75abf') in 0.0119224 seconds
Number of updated asset objects reloaded before import = 0Number of asset objects unloaded after import = 3

========================================================================
Received Import Request.
  Time since last request: 0.000014 seconds.
  path: Assets/Asset/DungeonTraps/Trap/Prefab/Pf_Shuriken01.prefab
  artifactKey: Guid(eb8dff7252c175247a45389403b9ddf4) Importer(2089858483,d624ce77472d68a35037170ec1d2d27e)
Start importing Assets/Asset/DungeonTraps/Trap/Prefab/Pf_Shuriken01.prefab using Guid(eb8dff7252c175247a45389403b9ddf4) Importer(2089858483,d624ce77472d68a35037170ec1d2d27e) (ScriptedImporter) -> (artifact id: '6f7c3887627f368edb01ee151a471421') in 0.0073903 seconds
Number of updated asset objects reloaded before import = 0Number of asset objects unloaded after import = 11

========================================================================
Received Import Request.
  Time since last request: 0.000012 seconds.
  path: Assets/Asset/DungeonTraps/Trap/Anim/Anim_TrapNeedle_Idle.anim
  artifactKey: Guid(9cb97650810bcdb478157897cc0725ed) Importer(2089858483,d624ce77472d68a35037170ec1d2d27e)
Start importing Assets/Asset/DungeonTraps/Trap/Anim/Anim_TrapNeedle_Idle.anim using Guid(9cb97650810bcdb478157897cc0725ed) Importer(2089858483,d624ce77472d68a35037170ec1d2d27e) (ScriptedImporter) -> (artifact id: '3b7b60f862923bcd46f0a68c9f0cee09') in 0.0046487 seconds
Number of updated asset objects reloaded before import = 0Number of asset objects unloaded after import = 1

========================================================================
Received Import Request.
  Time since last request: 0.000011 seconds.
  path: Assets/Asset/Cartoon Temple Building Kit/Prefabs/Sig Sag Prefabs/Sig Sag 1x4.prefab
  artifactKey: Guid(8060bbda1d367714186d3109bba4f111) Importer(2089858483,d624ce77472d68a35037170ec1d2d27e)
Start importing Assets/Asset/Cartoon Temple Building Kit/Prefabs/Sig Sag Prefabs/Sig Sag 1x4.prefab using Guid(8060bbda1d367714186d3109bba4f111) Importer(2089858483,d624ce77472d68a35037170ec1d2d27e) (ScriptedImporter) -> (artifact id: '18077a00f2396e90a712307bf4525c14') in 0.0083952 seconds
Number of updated asset objects reloaded before import = 0Number of asset objects unloaded after import = 8

========================================================================
Received Import Request.
  Time since last request: 0.000015 seconds.
  path: Assets/Asset/Simple UI/Simple Vector Icons/128px/UI_Icon_BtnR3.png
  artifactKey: Guid(46bc1c3f938c34408a5c1146bc1d90fc) Importer(2089858483,d624ce77472d68a35037170ec1d2d27e)
Start importing Assets/Asset/Simple UI/Simple Vector Icons/128px/UI_Icon_BtnR3.png using Guid(46bc1c3f938c34408a5c1146bc1d90fc) Importer(2089858483,d624ce77472d68a35037170ec1d2d27e) (ScriptedImporter) -> (artifact id: '2977a11e518f91f646eae07f871d73be') in 0.0140526 seconds
Number of updated asset objects reloaded before import = 0Number of asset objects unloaded after import = 3

========================================================================
Received Import Request.
  Time since last request: 0.000014 seconds.
  path: Assets/Asset/Simple UI/Simple Vector Icons/128px/UI_Icon_BtnDpadDirLeft.png
  artifactKey: Guid(6c56e03a9cef14c469173805b9c14b4a) Importer(2089858483,d624ce77472d68a35037170ec1d2d27e)
Start importing Assets/Asset/Simple UI/Simple Vector Icons/128px/UI_Icon_BtnDpadDirLeft.png using Guid(6c56e03a9cef14c469173805b9c14b4a) Importer(2089858483,d624ce77472d68a35037170ec1d2d27e) (ScriptedImporter) -> (artifact id: 'fda401342769689e3145b5a564ac9870') in 0.0124959 seconds
Number of updated asset objects reloaded before import = 0Number of asset objects unloaded after import = 3

========================================================================
Received Import Request.
  Time since last request: 0.330400 seconds.
  path: Assets/Asset/Simple UI/Simple Vector Icons/128px/UI_Icon_BtnXboxARound.png
  artifactKey: Guid(3fcbf3c34055d4aeabb89e0082d31369) Importer(2089858483,d624ce77472d68a35037170ec1d2d27e)
Start importing Assets/Asset/Simple UI/Simple Vector Icons/128px/UI_Icon_BtnXboxARound.png using Guid(3fcbf3c34055d4aeabb89e0082d31369) Importer(2089858483,d624ce77472d68a35037170ec1d2d27e) (ScriptedImporter) -> (artifact id: 'a6a330e10612aefb8c81d342b77eeddd') in 0.0121166 seconds
Number of updated asset objects reloaded before import = 0Number of asset objects unloaded after import = 3

========================================================================
Received Import Request.
  Time since last request: 0.000027 seconds.
  path: Assets/Asset/Simple UI/Simple Vector Icons/128px/UI_Icon_Mirror.png
  artifactKey: Guid(47c122af1b2224d418f5ee13316536c1) Importer(2089858483,d624ce77472d68a35037170ec1d2d27e)
Start importing Assets/Asset/Simple UI/Simple Vector Icons/128px/UI_Icon_Mirror.png using Guid(47c122af1b2224d418f5ee13316536c1) Importer(2089858483,d624ce77472d68a35037170ec1d2d27e) (ScriptedImporter) -> (artifact id: '039452eb0c8a16b00801ea5eb8ce57e5') in 0.0123963 seconds
Number of updated asset objects reloaded before import = 0Number of asset objects unloaded after import = 3

========================================================================
Received Import Request.
  Time since last request: 0.000013 seconds.
  path: Assets/Asset/Simple UI/Simple Vector Icons/128px/UI_Icon_InvBoots.png
  artifactKey: Guid(ed9637a0af1604597ab7999fd425b1ee) Importer(2089858483,d624ce77472d68a35037170ec1d2d27e)
Start importing Assets/Asset/Simple UI/Simple Vector Icons/128px/UI_Icon_InvBoots.png using Guid(ed9637a0af1604597ab7999fd425b1ee) Importer(2089858483,d624ce77472d68a35037170ec1d2d27e) (ScriptedImporter) -> (artifact id: '13f83c48bc60898b6143b19862f3f56e') in 0.0129861 seconds
Number of updated asset objects reloaded before import = 0Number of asset objects unloaded after import = 3

========================================================================
Received Import Request.
  Time since last request: 0.000012 seconds.
  path: Assets/Asset/Cartoon Temple Building Kit/Fbx/Ground Stones Tile/Materials/Cartoon Temple Builder Kit.mat
  artifactKey: Guid(47b619b02c0202c4f9fdf124e48fd6c1) Importer(2089858483,d624ce77472d68a35037170ec1d2d27e)
Start importing Assets/Asset/Cartoon Temple Building Kit/Fbx/Ground Stones Tile/Materials/Cartoon Temple Builder Kit.mat using Guid(47b619b02c0202c4f9fdf124e48fd6c1) Importer(2089858483,d624ce77472d68a35037170ec1d2d27e) (ScriptedImporter) -> (artifact id: '7e55bd256beff53c20135982319c8717') in 0.0058963 seconds
Number of updated asset objects reloaded before import = 0Number of asset objects unloaded after import = 2

========================================================================
Received Import Request.
  Time since last request: 0.000015 seconds.
  path: Assets/Asset/Simple UI/Simple Vector Icons/128px/UI_Icon_RotateLeft.png
  artifactKey: Guid(03be5701520034b34a0f0a5e2aa079fd) Importer(2089858483,d624ce77472d68a35037170ec1d2d27e)
Start importing Assets/Asset/Simple UI/Simple Vector Icons/128px/UI_Icon_RotateLeft.png using Guid(03be5701520034b34a0f0a5e2aa079fd) Importer(2089858483,d624ce77472d68a35037170ec1d2d27e) (ScriptedImporter) -> (artifact id: 'f9c1d828384c351f6475ec7331d60d56') in 0.0131875 seconds
Number of updated asset objects reloaded before import = 0Number of asset objects unloaded after import = 3

========================================================================
Received Import Request.
  Time since last request: 0.000015 seconds.
  path: Assets/Asset/Cartoon Temple Building Kit/Fbx/Decorative/Misc/Wall Lantern.fbx
  artifactKey: Guid(904a1fa2352d8914895e01692b1cc16a) Importer(2089858483,d624ce77472d68a35037170ec1d2d27e)
Start importing Assets/Asset/Cartoon Temple Building Kit/Fbx/Decorative/Misc/Wall Lantern.fbx using Guid(904a1fa2352d8914895e01692b1cc16a) Importer(2089858483,d624ce77472d68a35037170ec1d2d27e) (ScriptedImporter) -> (artifact id: 'fa0da4675b84bb3feab1563095564640') in 0.0141936 seconds
Number of updated asset objects reloaded before import = 0Number of asset objects unloaded after import = 8

========================================================================
Received Import Request.
  Time since last request: 0.000014 seconds.
  path: Assets/Asset/Cartoon Temple Building Kit/Fbx/Ground +/Ground + Bright/Ground + Bright 1x4.fbx
  artifactKey: Guid(ee9f7ea095702e44bbd4ba41e011592d) Importer(2089858483,d624ce77472d68a35037170ec1d2d27e)
Start importing Assets/Asset/Cartoon Temple Building Kit/Fbx/Ground +/Ground + Bright/Ground + Bright 1x4.fbx using Guid(ee9f7ea095702e44bbd4ba41e011592d) Importer(2089858483,d624ce77472d68a35037170ec1d2d27e) (ScriptedImporter) -> (artifact id: 'c287d0ee2098836828c0f5b73bae47d6') in 0.0147033 seconds
Number of updated asset objects reloaded before import = 0Number of asset objects unloaded after import = 8

========================================================================
Received Import Request.
  Time since last request: 0.000015 seconds.
  path: Assets/Asset/Simple UI/Simple Vector Icons/128px/UI_Icon_InputController.png
  artifactKey: Guid(8832da9ca731b4490aabbe2848f02a0c) Importer(2089858483,d624ce77472d68a35037170ec1d2d27e)
Start importing Assets/Asset/Simple UI/Simple Vector Icons/128px/UI_Icon_InputController.png using Guid(8832da9ca731b4490aabbe2848f02a0c) Importer(2089858483,d624ce77472d68a35037170ec1d2d27e) (ScriptedImporter) -> (artifact id: '414bbd1252ee6ec27e0587503437df74') in 0.014066 seconds
Number of updated asset objects reloaded before import = 0Number of asset objects unloaded after import = 3

========================================================================
Received Import Request.
  Time since last request: 0.000013 seconds.
  path: Assets/Asset/Cartoon Temple Building Kit/Fbx/Decorative/FloorBlocks Corners Walls/Corner Blocks 3.fbx
  artifactKey: Guid(983efb0463f75414cb26e3297054e43a) Importer(2089858483,d624ce77472d68a35037170ec1d2d27e)
Start importing Assets/Asset/Cartoon Temple Building Kit/Fbx/Decorative/FloorBlocks Corners Walls/Corner Blocks 3.fbx using Guid(983efb0463f75414cb26e3297054e43a) Importer(2089858483,d624ce77472d68a35037170ec1d2d27e) (ScriptedImporter) -> (artifact id: '951940ba4296d2886072298d7e309f0b') in 0.0177322 seconds
Number of updated asset objects reloaded before import = 0Number of asset objects unloaded after import = 8

========================================================================
Received Import Request.
  Time since last request: 0.000015 seconds.
  path: Assets/Asset/Simple UI/Simple Vector Icons/128px/UI_Icon_Sliders.png
  artifactKey: Guid(414c0e0f68a8a4c988e7c8f46cb8c73c) Importer(2089858483,d624ce77472d68a35037170ec1d2d27e)
Start importing Assets/Asset/Simple UI/Simple Vector Icons/128px/UI_Icon_Sliders.png using Guid(414c0e0f68a8a4c988e7c8f46cb8c73c) Importer(2089858483,d624ce77472d68a35037170ec1d2d27e) (ScriptedImporter) -> (artifact id: '1a5b93ab955d39bb8dad375619096b7c') in 0.0132127 seconds
Number of updated asset objects reloaded before import = 0Number of asset objects unloaded after import = 3

========================================================================
Received Import Request.
  Time since last request: 0.000019 seconds.
  path: Assets/Asset/Cartoon Temple Building Kit/Fbx/Ground +/Ground + Dark Flat/Ground + Dark 2x8 Flat.fbx
  artifactKey: Guid(129a9e1c7e9b6084c9fc1bc00087a813) Importer(2089858483,d624ce77472d68a35037170ec1d2d27e)
Start importing Assets/Asset/Cartoon Temple Building Kit/Fbx/Ground +/Ground + Dark Flat/Ground + Dark 2x8 Flat.fbx using Guid(129a9e1c7e9b6084c9fc1bc00087a813) Importer(2089858483,d624ce77472d68a35037170ec1d2d27e) (ScriptedImporter) -> (artifact id: '2247852a6d986ec74dad6574eab8dd82') in 0.0133099 seconds
Number of updated asset objects reloaded before import = 0Number of asset objects unloaded after import = 8

========================================================================
Received Import Request.
  Time since last request: 0.000012 seconds.
  path: Assets/Asset/Simple UI/Simple Vector Icons/128px/UI_Icon_ZoomIn.png
  artifactKey: Guid(2fd9af2e3c38b42c5893657bc6e7c817) Importer(2089858483,d624ce77472d68a35037170ec1d2d27e)
Start importing Assets/Asset/Simple UI/Simple Vector Icons/128px/UI_Icon_ZoomIn.png using Guid(2fd9af2e3c38b42c5893657bc6e7c817) Importer(2089858483,d624ce77472d68a35037170ec1d2d27e) (ScriptedImporter) -> (artifact id: 'c0bbebba70e368d0ee034740fe1a7d9e') in 0.0112488 seconds
Number of updated asset objects reloaded before import = 0Number of asset objects unloaded after import = 3

========================================================================
Received Import Request.
  Time since last request: 0.000015 seconds.
  path: Assets/Asset/Simple UI/Simple Vector Icons/128px/UI_Icon_Text.png
  artifactKey: Guid(0782981ddb2ab492db7af5b2c2b2a290) Importer(2089858483,d624ce77472d68a35037170ec1d2d27e)
Start importing Assets/Asset/Simple UI/Simple Vector Icons/128px/UI_Icon_Text.png using Guid(0782981ddb2ab492db7af5b2c2b2a290) Importer(2089858483,d624ce77472d68a35037170ec1d2d27e) (ScriptedImporter) -> (artifact id: 'df5159ddcb5c3a2b0043cee7e64bafd5') in 0.0140515 seconds
Number of updated asset objects reloaded before import = 0Number of asset objects unloaded after import = 3

========================================================================
Received Import Request.
  Time since last request: 0.000012 seconds.
  path: Assets/Asset/Simple UI/Simple Vector Icons/128px/UI_Icon_DevicePhone.png
  artifactKey: Guid(c4d6560c6b71b48969bb201ddbba658b) Importer(2089858483,d624ce77472d68a35037170ec1d2d27e)
Start importing Assets/Asset/Simple UI/Simple Vector Icons/128px/UI_Icon_DevicePhone.png using Guid(c4d6560c6b71b48969bb201ddbba658b) Importer(2089858483,d624ce77472d68a35037170ec1d2d27e) (ScriptedImporter) -> (artifact id: '70f12ce58563a50a75adee3bb25e265b') in 0.0123373 seconds
Number of updated asset objects reloaded before import = 0Number of asset objects unloaded after import = 3

========================================================================
Received Import Request.
  Time since last request: 0.000016 seconds.
  path: Assets/Asset/Standard Assets/CrossPlatformInput/Sprites/ButtonCameraCycleUpSprite.png
  artifactKey: Guid(a3983c59ebf804b4abba687bd7c9e92f) Importer(2089858483,d624ce77472d68a35037170ec1d2d27e)
Start importing Assets/Asset/Standard Assets/CrossPlatformInput/Sprites/ButtonCameraCycleUpSprite.png using Guid(a3983c59ebf804b4abba687bd7c9e92f) Importer(2089858483,d624ce77472d68a35037170ec1d2d27e) (ScriptedImporter) -> (artifact id: '4855fcc0d6cee615333f33ac752a6a3b') in 0.0156914 seconds
Number of updated asset objects reloaded before import = 0Number of asset objects unloaded after import = 3

========================================================================
Received Import Request.
  Time since last request: 0.000014 seconds.
  path: Assets/Asset/Cartoon Temple Building Kit/Fbx/Ground +/Ground + Bright Flat/Ground + Flat Bright 4x8.fbx
  artifactKey: Guid(ae4a60f42eee5a04884869300e5f5d10) Importer(2089858483,d624ce77472d68a35037170ec1d2d27e)
Start importing Assets/Asset/Cartoon Temple Building Kit/Fbx/Ground +/Ground + Bright Flat/Ground + Flat Bright 4x8.fbx using Guid(ae4a60f42eee5a04884869300e5f5d10) Importer(2089858483,d624ce77472d68a35037170ec1d2d27e) (ScriptedImporter) -> (artifact id: '9cabf9f6321f25531f8bc73e078c5d19') in 0.0168841 seconds
Number of updated asset objects reloaded before import = 0Number of asset objects unloaded after import = 8

========================================================================
Received Import Request.
  Time since last request: 0.000013 seconds.
  path: Assets/Asset/Simple UI/Simple Vector Icons/128px/UI_Icon_CardSpades.png
  artifactKey: Guid(394e2a7c1aedb49a58f9d03d5560def0) Importer(2089858483,d624ce77472d68a35037170ec1d2d27e)
Start importing Assets/Asset/Simple UI/Simple Vector Icons/128px/UI_Icon_CardSpades.png using Guid(394e2a7c1aedb49a58f9d03d5560def0) Importer(2089858483,d624ce77472d68a35037170ec1d2d27e) (ScriptedImporter) -> (artifact id: 'bac0db358d1a4f683f4122413c3d39eb') in 0.0129674 seconds
Number of updated asset objects reloaded before import = 0Number of asset objects unloaded after import = 3

========================================================================
Received Import Request.
  Time since last request: 0.000012 seconds.
  path: Assets/Asset/Cartoon Temple Building Kit/Fbx/Decorative/FloorBlocks Corners Walls/Block Ruin Wall 3.fbx
  artifactKey: Guid(4b8ad319e47b7eb4993ce3829cf893e8) Importer(2089858483,d624ce77472d68a35037170ec1d2d27e)
Start importing Assets/Asset/Cartoon Temple Building Kit/Fbx/Decorative/FloorBlocks Corners Walls/Block Ruin Wall 3.fbx using Guid(4b8ad319e47b7eb4993ce3829cf893e8) Importer(2089858483,d624ce77472d68a35037170ec1d2d27e) (ScriptedImporter) -> (artifact id: '73431b096ae0049fa13d38fd1d41500e') in 0.0137923 seconds
Number of updated asset objects reloaded before import = 0Number of asset objects unloaded after import = 8

========================================================================
Received Import Request.
  Time since last request: 0.000013 seconds.
  path: Assets/Asset/Standard Assets/CrossPlatformInput/Scripts/TiltInput.cs
  artifactKey: Guid(5c2d84226fbbaf94e9c1451f1c39b06a) Importer(2089858483,d624ce77472d68a35037170ec1d2d27e)
Start importing Assets/Asset/Standard Assets/CrossPlatformInput/Scripts/TiltInput.cs using Guid(5c2d84226fbbaf94e9c1451f1c39b06a) Importer(2089858483,d624ce77472d68a35037170ec1d2d27e) (ScriptedImporter) -> (artifact id: '12008becfad59abf01d79921b88bce02') in 0.0037488 seconds
Number of updated asset objects reloaded before import = 0Number of asset objects unloaded after import = 0

========================================================================
Received Import Request.
  Time since last request: 0.000109 seconds.
  path: Assets/Asset/Simple UI/Simple Vector Icons/128px/UI_Icon_CurrencDollar.png
  artifactKey: Guid(27b7baddb07ea4d859e96ca87cf704fb) Importer(2089858483,d624ce77472d68a35037170ec1d2d27e)
Start importing Assets/Asset/Simple UI/Simple Vector Icons/128px/UI_Icon_CurrencDollar.png using Guid(27b7baddb07ea4d859e96ca87cf704fb) Importer(2089858483,d624ce77472d68a35037170ec1d2d27e) (ScriptedImporter) -> (artifact id: '6e16290660c7eefd3d57b2e3662ce32a') in 0.011595 seconds
Number of updated asset objects reloaded before import = 0Number of asset objects unloaded after import = 3

========================================================================
Received Import Request.
  Time since last request: 0.000013 seconds.
  path: Assets/Asset/Cartoon Temple Building Kit/Fbx/Ground +/Ground + Mix/Ground + Mix 1x2.fbx
  artifactKey: Guid(1065bf0c735d8ec4d9f4efd5105abfcd) Importer(2089858483,d624ce77472d68a35037170ec1d2d27e)
Start importing Assets/Asset/Cartoon Temple Building Kit/Fbx/Ground +/Ground + Mix/Ground + Mix 1x2.fbx using Guid(1065bf0c735d8ec4d9f4efd5105abfcd) Importer(2089858483,d624ce77472d68a35037170ec1d2d27e) (ScriptedImporter) -> (artifact id: 'da15b2f17e92960aa5fbe6cabec14ace') in 0.0123679 seconds
Number of updated asset objects reloaded before import = 0Number of asset objects unloaded after import = 8

========================================================================
Received Import Request.
  Time since last request: 0.000014 seconds.
  path: Assets/Asset/Simple UI/Simple Vector Icons/128px/UI_Icon_InvPotion.png
  artifactKey: Guid(a6787aa1279224c8fb106dee96f11c28) Importer(2089858483,d624ce77472d68a35037170ec1d2d27e)
Start importing Assets/Asset/Simple UI/Simple Vector Icons/128px/UI_Icon_InvPotion.png using Guid(a6787aa1279224c8fb106dee96f11c28) Importer(2089858483,d624ce77472d68a35037170ec1d2d27e) (ScriptedImporter) -> (artifact id: '664f60a04d0d10c355dc50a98b4ad0f9') in 0.0123587 seconds
Number of updated asset objects reloaded before import = 0Number of asset objects unloaded after import = 3

========================================================================
Received Import Request.
  Time since last request: 0.000012 seconds.
  path: Assets/Asset/Cartoon Temple Building Kit/Fbx/Ground +/Ground + Mix Flat/Ground + Mix 2x2 Flat.fbx
  artifactKey: Guid(3c95f0ec15fa8084f87e0bfb9baf0372) Importer(2089858483,d624ce77472d68a35037170ec1d2d27e)
Start importing Assets/Asset/Cartoon Temple Building Kit/Fbx/Ground +/Ground + Mix Flat/Ground + Mix 2x2 Flat.fbx using Guid(3c95f0ec15fa8084f87e0bfb9baf0372) Importer(2089858483,d624ce77472d68a35037170ec1d2d27e) (ScriptedImporter) -> (artifact id: 'c410353181b1c1180fa1eddc3a9d94e1') in 0.0128954 seconds
Number of updated asset objects reloaded before import = 0Number of asset objects unloaded after import = 8

========================================================================
Received Import Request.
  Time since last request: 0.000012 seconds.
  path: Assets/Asset/Cartoon Temple Building Kit/Fbx/Ground +/Ground + Dark/Ground + Dark 1x2.fbx
  artifactKey: Guid(8da73757d5e73fa46bd5869358b5a077) Importer(2089858483,d624ce77472d68a35037170ec1d2d27e)
Start importing Assets/Asset/Cartoon Temple Building Kit/Fbx/Ground +/Ground + Dark/Ground + Dark 1x2.fbx using Guid(8da73757d5e73fa46bd5869358b5a077) Importer(2089858483,d624ce77472d68a35037170ec1d2d27e) (ScriptedImporter) -> (artifact id: '5e8f021fda0cf1d86f95119cb6c9f84f') in 0.013379 seconds
Number of updated asset objects reloaded before import = 0Number of asset objects unloaded after import = 8

========================================================================
Received Import Request.
  Time since last request: 0.000012 seconds.
  path: Assets/Asset/Simple UI/Simple Vector Icons/128px/UI_Icon_Globe.png
  artifactKey: Guid(92d6e46e01ee949f1a46fc19472bcef7) Importer(2089858483,d624ce77472d68a35037170ec1d2d27e)
Start importing Assets/Asset/Simple UI/Simple Vector Icons/128px/UI_Icon_Globe.png using Guid(92d6e46e01ee949f1a46fc19472bcef7) Importer(2089858483,d624ce77472d68a35037170ec1d2d27e) (ScriptedImporter) -> (artifact id: '9eb50b7326f210ea4230a69e8dad8bd3') in 0.0113095 seconds
Number of updated asset objects reloaded before import = 0Number of asset objects unloaded after import = 3

========================================================================
Received Import Request.
  Time since last request: 0.000012 seconds.
  path: Assets/Asset/Cartoon Temple Building Kit/Fbx/Ground +/Ground + Mix/Ground + Mix 4x4.fbx
  artifactKey: Guid(b546b20e4a8543348a9050d8a546d054) Importer(2089858483,d624ce77472d68a35037170ec1d2d27e)
Start importing Assets/Asset/Cartoon Temple Building Kit/Fbx/Ground +/Ground + Mix/Ground + Mix 4x4.fbx using Guid(b546b20e4a8543348a9050d8a546d054) Importer(2089858483,d624ce77472d68a35037170ec1d2d27e) (ScriptedImporter) -> (artifact id: 'd8035a09b16d858c2e762c75ac228295') in 0.0123617 seconds
Number of updated asset objects reloaded before import = 0Number of asset objects unloaded after import = 8

========================================================================
Received Import Request.
  Time since last request: 0.000017 seconds.
  path: Assets/Asset/Cartoon Temple Building Kit/Fbx/Decorative/Vegetation/Plant 4.fbx
  artifactKey: Guid(fef0143b1f3d3234b8ab4bceaf8ed979) Importer(2089858483,d624ce77472d68a35037170ec1d2d27e)
Start importing Assets/Asset/Cartoon Temple Building Kit/Fbx/Decorative/Vegetation/Plant 4.fbx using Guid(fef0143b1f3d3234b8ab4bceaf8ed979) Importer(2089858483,d624ce77472d68a35037170ec1d2d27e) (ScriptedImporter) -> (artifact id: '96cc41a747945fa763fe71c82da6cde8') in 0.0130841 seconds
Number of updated asset objects reloaded before import = 0Number of asset objects unloaded after import = 8

========================================================================
Received Import Request.
  Time since last request: 0.000021 seconds.
  path: Assets/Asset/Simple UI/Simple Vector Icons/128px/UI_Icon_TurnAround.png
  artifactKey: Guid(27400ccb2f7ec4b4a88e2a0c8c080b95) Importer(2089858483,d624ce77472d68a35037170ec1d2d27e)
Start importing Assets/Asset/Simple UI/Simple Vector Icons/128px/UI_Icon_TurnAround.png using Guid(27400ccb2f7ec4b4a88e2a0c8c080b95) Importer(2089858483,d624ce77472d68a35037170ec1d2d27e) (ScriptedImporter) -> (artifact id: 'bc870302cf91c00120f79497457f4bd9') in 0.0137438 seconds
Number of updated asset objects reloaded before import = 0Number of asset objects unloaded after import = 3

========================================================================
Received Import Request.
  Time since last request: 0.000012 seconds.
  path: Assets/Asset/Cartoon Temple Building Kit/Fbx/Blocks And Bricks/Materials/Cartoon Temple Builder Kit.mat
  artifactKey: Guid(66b6ceb0a4e56ff4f99ceff1bac0c3c2) Importer(2089858483,d624ce77472d68a35037170ec1d2d27e)
Start importing Assets/Asset/Cartoon Temple Building Kit/Fbx/Blocks And Bricks/Materials/Cartoon Temple Builder Kit.mat using Guid(66b6ceb0a4e56ff4f99ceff1bac0c3c2) Importer(2089858483,d624ce77472d68a35037170ec1d2d27e) (ScriptedImporter) -> (artifact id: '346820bc2164f0d44dd21d538b6f5e93') in 0.0060537 seconds
Number of updated asset objects reloaded before import = 0Number of asset objects unloaded after import = 2

========================================================================
Received Import Request.
  Time since last request: 0.000012 seconds.
  path: Assets/Asset/Simple UI/Simple Vector Icons/128px/UI_Icon_Wrench.png
  artifactKey: Guid(ba568f3d8b16348b39eb73863764b6e4) Importer(2089858483,d624ce77472d68a35037170ec1d2d27e)
Start importing Assets/Asset/Simple UI/Simple Vector Icons/128px/UI_Icon_Wrench.png using Guid(ba568f3d8b16348b39eb73863764b6e4) Importer(2089858483,d624ce77472d68a35037170ec1d2d27e) (ScriptedImporter) -> (artifact id: 'e18e919acf23f4ad43e82d138e179f8f') in 0.0141663 seconds
Number of updated asset objects reloaded before import = 0Number of asset objects unloaded after import = 3

========================================================================
Received Import Request.
  Time since last request: 0.000015 seconds.
  path: Assets/Asset/Cartoon Temple Building Kit/Fbx/Ground +/Ground + Mix Flat/Ground + Mix 2x1 Flat.fbx
  artifactKey: Guid(bfae8eba6f9e1204f96c1c6a93ea660c) Importer(2089858483,d624ce77472d68a35037170ec1d2d27e)
Start importing Assets/Asset/Cartoon Temple Building Kit/Fbx/Ground +/Ground + Mix Flat/Ground + Mix 2x1 Flat.fbx using Guid(bfae8eba6f9e1204f96c1c6a93ea660c) Importer(2089858483,d624ce77472d68a35037170ec1d2d27e) (ScriptedImporter) -> (artifact id: 'e54f588545baa4dc4c9c885da3361712') in 0.0154897 seconds
Number of updated asset objects reloaded before import = 0Number of asset objects unloaded after import = 8

========================================================================
Received Import Request.
  Time since last request: 0.000012 seconds.
  path: Assets/Asset/Simple UI/Simple Vector Icons/128px/UI_Icon_Chainlink.png
  artifactKey: Guid(b35c1f3fae2ea4a17ac3f8888278e6a1) Importer(2089858483,d624ce77472d68a35037170ec1d2d27e)
Start importing Assets/Asset/Simple UI/Simple Vector Icons/128px/UI_Icon_Chainlink.png using Guid(b35c1f3fae2ea4a17ac3f8888278e6a1) Importer(2089858483,d624ce77472d68a35037170ec1d2d27e) (ScriptedImporter) -> (artifact id: 'fbf22a67c8b29d0a8e618dff6dfa3ee1') in 0.0142682 seconds
Number of updated asset objects reloaded before import = 0Number of asset objects unloaded after import = 3

========================================================================
Received Import Request.
  Time since last request: 0.000019 seconds.
  path: Assets/Asset/Standard Assets/CrossPlatformInput/Prefabs/CarTiltControls.prefab
  artifactKey: Guid(174090ae7f9eff84abe76f0ff062efac) Importer(2089858483,d624ce77472d68a35037170ec1d2d27e)
Start importing Assets/Asset/Standard Assets/CrossPlatformInput/Prefabs/CarTiltControls.prefab using Guid(174090ae7f9eff84abe76f0ff062efac) Importer(2089858483,d624ce77472d68a35037170ec1d2d27e) (ScriptedImporter) -> (artifact id: '54a2703e76179527871d3a9506abc0ec') in 0.0170944 seconds
Number of updated asset objects reloaded before import = 0Number of asset objects unloaded after import = 32

========================================================================
Received Import Request.
  Time since last request: 0.000017 seconds.
  path: Assets/Asset/Simple UI/Simple Vector Icons/128px/UI_Icon_GenderMale2.png
  artifactKey: Guid(b946f393c5dc74f90adc5fec8c422dfc) Importer(2089858483,d624ce77472d68a35037170ec1d2d27e)
Start importing Assets/Asset/Simple UI/Simple Vector Icons/128px/UI_Icon_GenderMale2.png using Guid(b946f393c5dc74f90adc5fec8c422dfc) Importer(2089858483,d624ce77472d68a35037170ec1d2d27e) (ScriptedImporter) -> (artifact id: '5993e4226f45ba57ab8d0cc174b0bf53') in 0.0170066 seconds
Number of updated asset objects reloaded before import = 0Number of asset objects unloaded after import = 3

========================================================================
Received Import Request.
  Time since last request: 0.000016 seconds.
  path: Assets/Asset/Simple UI/Simple Vector Icons/128px/UI_Icon_Info.png
  artifactKey: Guid(d16e5c50389db4ed9b1a3c31c5ff2fed) Importer(2089858483,d624ce77472d68a35037170ec1d2d27e)
Start importing Assets/Asset/Simple UI/Simple Vector Icons/128px/UI_Icon_Info.png using Guid(d16e5c50389db4ed9b1a3c31c5ff2fed) Importer(2089858483,d624ce77472d68a35037170ec1d2d27e) (ScriptedImporter) -> (artifact id: 'af4dde62bb5714f4a414efbcf138f505') in 0.014121 seconds
Number of updated asset objects reloaded before import = 0Number of asset objects unloaded after import = 3

========================================================================
Received Import Request.
  Time since last request: 0.000012 seconds.
  path: Assets/Asset/Cartoon Temple Building Kit/Fbx/Decorative/FloorBlocks Corners Walls/Floor Blocks 11.fbx
  artifactKey: Guid(95a70da30cae78a47827319edf13a925) Importer(2089858483,d624ce77472d68a35037170ec1d2d27e)
Start importing Assets/Asset/Cartoon Temple Building Kit/Fbx/Decorative/FloorBlocks Corners Walls/Floor Blocks 11.fbx using Guid(95a70da30cae78a47827319edf13a925) Importer(2089858483,d624ce77472d68a35037170ec1d2d27e) (ScriptedImporter) -> (artifact id: '0376882e731b5f3246ad5b40679b0305') in 0.0134656 seconds
Number of updated asset objects reloaded before import = 0Number of asset objects unloaded after import = 8

========================================================================
Received Import Request.
  Time since last request: 0.000014 seconds.
  path: Assets/Asset/Simple UI/Simple Vector Icons/128px/UI_Icon_PlayBackwards.png
  artifactKey: Guid(3ae27d1e1a7cf4bcfb20e085b4f4b3a8) Importer(2089858483,d624ce77472d68a35037170ec1d2d27e)
Start importing Assets/Asset/Simple UI/Simple Vector Icons/128px/UI_Icon_PlayBackwards.png using Guid(3ae27d1e1a7cf4bcfb20e085b4f4b3a8) Importer(2089858483,d624ce77472d68a35037170ec1d2d27e) (ScriptedImporter) -> (artifact id: '97b52c238c782ab17f15f9c943def6e9') in 0.0134964 seconds
Number of updated asset objects reloaded before import = 0Number of asset objects unloaded after import = 3

========================================================================
Received Import Request.
  Time since last request: 0.000012 seconds.
  path: Assets/Asset/Cartoon Temple Building Kit/Fbx/Decorative/Misc/Sun Symbol.fbx
  artifactKey: Guid(67c6c6a34d2606c47830289c7107d5fe) Importer(2089858483,d624ce77472d68a35037170ec1d2d27e)
Start importing Assets/Asset/Cartoon Temple Building Kit/Fbx/Decorative/Misc/Sun Symbol.fbx using Guid(67c6c6a34d2606c47830289c7107d5fe) Importer(2089858483,d624ce77472d68a35037170ec1d2d27e) (ScriptedImporter) -> (artifact id: '4431fa783e01d6a1fe3853932d06df34') in 0.0124039 seconds
Number of updated asset objects reloaded before import = 0Number of asset objects unloaded after import = 8

========================================================================
Received Import Request.
  Time since last request: 0.000012 seconds.
  path: Assets/Asset/Cartoon Temple Building Kit/Fbx/Ground +/Ground + Bright Flat/Ground + Flat Bright 2x2.fbx
  artifactKey: Guid(6db3a878fa6876c438570c943d93a95f) Importer(2089858483,d624ce77472d68a35037170ec1d2d27e)
Start importing Assets/Asset/Cartoon Temple Building Kit/Fbx/Ground +/Ground + Bright Flat/Ground + Flat Bright 2x2.fbx using Guid(6db3a878fa6876c438570c943d93a95f) Importer(2089858483,d624ce77472d68a35037170ec1d2d27e) (ScriptedImporter) -> (artifact id: '0ef447925971c8b3a1a7ec1688c2f6e8') in 0.0131416 seconds
Number of updated asset objects reloaded before import = 0Number of asset objects unloaded after import = 8

========================================================================
Received Import Request.
  Time since last request: 0.000013 seconds.
  path: Assets/Asset/Cartoon Temple Building Kit/Fbx/Ground +/Ground + Dark/Ground + Dark 2x4.fbx
  artifactKey: Guid(1cc1f6fcc84877948a79063934a93da7) Importer(2089858483,d624ce77472d68a35037170ec1d2d27e)
Start importing Assets/Asset/Cartoon Temple Building Kit/Fbx/Ground +/Ground + Dark/Ground + Dark 2x4.fbx using Guid(1cc1f6fcc84877948a79063934a93da7) Importer(2089858483,d624ce77472d68a35037170ec1d2d27e) (ScriptedImporter) -> (artifact id: '48e9353012e73349db7c5af3ecacd5ba') in 0.01476 seconds
Number of updated asset objects reloaded before import = 0Number of asset objects unloaded after import = 8

========================================================================
Received Import Request.
  Time since last request: 0.000012 seconds.
  path: Assets/Asset/Simple UI/Simple Vector Icons/128px/UI_Icon_Results.png
  artifactKey: Guid(194b0f580382441cb9c13d6f2c655dfc) Importer(2089858483,d624ce77472d68a35037170ec1d2d27e)
Start importing Assets/Asset/Simple UI/Simple Vector Icons/128px/UI_Icon_Results.png using Guid(194b0f580382441cb9c13d6f2c655dfc) Importer(2089858483,d624ce77472d68a35037170ec1d2d27e) (ScriptedImporter) -> (artifact id: '201ef5a0aaf97789a96c4c3d3e6c021a') in 0.0139603 seconds
Number of updated asset objects reloaded before import = 0Number of asset objects unloaded after import = 3

========================================================================
Received Import Request.
  Time since last request: 0.000013 seconds.
  path: Assets/Asset/Cartoon Temple Building Kit/Fbx/Decorative/FloorBlocks Corners Walls/Block Ruin Wall 1.fbx
  artifactKey: Guid(940384c4eeeb00048829f4c2ac0988cb) Importer(2089858483,d624ce77472d68a35037170ec1d2d27e)
Start importing Assets/Asset/Cartoon Temple Building Kit/Fbx/Decorative/FloorBlocks Corners Walls/Block Ruin Wall 1.fbx using Guid(940384c4eeeb00048829f4c2ac0988cb) Importer(2089858483,d624ce77472d68a35037170ec1d2d27e) (ScriptedImporter) -> (artifact id: '500325038883d6ff954d1a4b98e4ada0') in 0.0129937 seconds
Number of updated asset objects reloaded before import = 0Number of asset objects unloaded after import = 8

========================================================================
Received Import Request.
  Time since last request: 0.000017 seconds.
  path: Assets/Asset/Simple UI/Simple Vector Icons/128px/UI_Icon_Stopwatch.png
  artifactKey: Guid(6d7fb080a242144fead8f1a24d60f188) Importer(2089858483,d624ce77472d68a35037170ec1d2d27e)
Start importing Assets/Asset/Simple UI/Simple Vector Icons/128px/UI_Icon_Stopwatch.png using Guid(6d7fb080a242144fead8f1a24d60f188) Importer(2089858483,d624ce77472d68a35037170ec1d2d27e) (ScriptedImporter) -> (artifact id: '5d4f5b09c557cd615b2370e69672dbeb') in 0.0134648 seconds
Number of updated asset objects reloaded before import = 0Number of asset objects unloaded after import = 3

========================================================================
Received Import Request.
  Time since last request: 0.000019 seconds.
  path: Assets/Asset/Cartoon Temple Building Kit/Fbx/Decorative/FloorBlocks Corners Walls/Floor Blocks 16.fbx
  artifactKey: Guid(048ba4be11a787e40ae33a240819eb90) Importer(2089858483,d624ce77472d68a35037170ec1d2d27e)
Start importing Assets/Asset/Cartoon Temple Building Kit/Fbx/Decorative/FloorBlocks Corners Walls/Floor Blocks 16.fbx using Guid(048ba4be11a787e40ae33a240819eb90) Importer(2089858483,d624ce77472d68a35037170ec1d2d27e) (ScriptedImporter) -> (artifact id: 'f356c15ce47d9a18075af4992b27e0be') in 0.0126267 seconds
Number of updated asset objects reloaded before import = 0Number of asset objects unloaded after import = 8

========================================================================
Received Import Request.
  Time since last request: 0.000013 seconds.
  path: Assets/Asset/Cartoon Temple Building Kit/Fbx/Decorative/Vegetation/Plant 6.fbx
  artifactKey: Guid(64d53eaf0a7b1bf4c95c0f47de0d7cd4) Importer(2089858483,d624ce77472d68a35037170ec1d2d27e)
Start importing Assets/Asset/Cartoon Temple Building Kit/Fbx/Decorative/Vegetation/Plant 6.fbx using Guid(64d53eaf0a7b1bf4c95c0f47de0d7cd4) Importer(2089858483,d624ce77472d68a35037170ec1d2d27e) (ScriptedImporter) -> (artifact id: '2f75619d917f47d01397690c4a101bab') in 0.0176692 seconds
Number of updated asset objects reloaded before import = 0Number of asset objects unloaded after import = 8

========================================================================
Received Import Request.
  Time since last request: 0.000013 seconds.
  path: Assets/Asset/Simple UI/Simple Vector Icons/128px/UI_Icon_Cloud.png
  artifactKey: Guid(443344a6c2de049528da8996f11a842c) Importer(2089858483,d624ce77472d68a35037170ec1d2d27e)
Start importing Assets/Asset/Simple UI/Simple Vector Icons/128px/UI_Icon_Cloud.png using Guid(443344a6c2de049528da8996f11a842c) Importer(2089858483,d624ce77472d68a35037170ec1d2d27e) (ScriptedImporter) -> (artifact id: 'bfa2fb9d38ff3835fb17ed273fc1f683') in 0.01524 seconds
Number of updated asset objects reloaded before import = 0Number of asset objects unloaded after import = 3

========================================================================
Received Import Request.
  Time since last request: 0.000019 seconds.
  path: Assets/Asset/Cartoon Temple Building Kit/Fbx/Ground +/Ground + Dark/Ground + Dark 1x8.fbx
  artifactKey: Guid(d541fe76856d61946899709c19457e36) Importer(2089858483,d624ce77472d68a35037170ec1d2d27e)
Start importing Assets/Asset/Cartoon Temple Building Kit/Fbx/Ground +/Ground + Dark/Ground + Dark 1x8.fbx using Guid(d541fe76856d61946899709c19457e36) Importer(2089858483,d624ce77472d68a35037170ec1d2d27e) (ScriptedImporter) -> (artifact id: '34c6e62474877b2c808ce7f44d319b0c') in 0.0162371 seconds
Number of updated asset objects reloaded before import = 0Number of asset objects unloaded after import = 8

========================================================================
Received Import Request.
  Time since last request: 0.000012 seconds.
  path: Assets/Asset/Cartoon Temple Building Kit/Fbx/Decorative/FloorBlocks Corners Walls/Floor Blocks 1.fbx
  artifactKey: Guid(5bd68a8834f2aa244bc62c1e9c32cb38) Importer(2089858483,d624ce77472d68a35037170ec1d2d27e)
Start importing Assets/Asset/Cartoon Temple Building Kit/Fbx/Decorative/FloorBlocks Corners Walls/Floor Blocks 1.fbx using Guid(5bd68a8834f2aa244bc62c1e9c32cb38) Importer(2089858483,d624ce77472d68a35037170ec1d2d27e) (ScriptedImporter) -> (artifact id: '89e00bbce6837ab201d707ac3a7e3efb') in 0.0167278 seconds
Number of updated asset objects reloaded before import = 0Number of asset objects unloaded after import = 8

========================================================================
Received Import Request.
  Time since last request: 0.000013 seconds.
  path: Assets/Asset/Simple UI/Simple Vector Icons/128px/UI_Icon_Search.png
  artifactKey: Guid(e6a79480b593b4ee1b3098d62af92909) Importer(2089858483,d624ce77472d68a35037170ec1d2d27e)
Start importing Assets/Asset/Simple UI/Simple Vector Icons/128px/UI_Icon_Search.png using Guid(e6a79480b593b4ee1b3098d62af92909) Importer(2089858483,d624ce77472d68a35037170ec1d2d27e) (ScriptedImporter) -> (artifact id: '41d0126a79f03c70b6ee4c2961673a05') in 0.0118991 seconds
Number of updated asset objects reloaded before import = 0Number of asset objects unloaded after import = 3

========================================================================
Received Import Request.
  Time since last request: 0.000031 seconds.
  path: Assets/Asset/Cartoon Temple Building Kit/Fbx/Decorative/FloorBlocks Corners Walls/Block Ruin Wall 9.fbx
  artifactKey: Guid(08f613939a9f7fa4780d909773b6f4d2) Importer(2089858483,d624ce77472d68a35037170ec1d2d27e)
Start importing Assets/Asset/Cartoon Temple Building Kit/Fbx/Decorative/FloorBlocks Corners Walls/Block Ruin Wall 9.fbx using Guid(08f613939a9f7fa4780d909773b6f4d2) Importer(2089858483,d624ce77472d68a35037170ec1d2d27e) (ScriptedImporter) -> (artifact id: 'c78a383b58ec0a82608ed50d4d0efbf2') in 0.0186786 seconds
Number of updated asset objects reloaded before import = 0Number of asset objects unloaded after import = 8

========================================================================
Received Import Request.
  Time since last request: 0.000012 seconds.
  path: Assets/Asset/Standard Assets/CrossPlatformInput/Scripts/Joystick.cs
  artifactKey: Guid(00c3c865782347f41b6358d9fba14b48) Importer(2089858483,d624ce77472d68a35037170ec1d2d27e)
Start importing Assets/Asset/Standard Assets/CrossPlatformInput/Scripts/Joystick.cs using Guid(00c3c865782347f41b6358d9fba14b48) Importer(2089858483,d624ce77472d68a35037170ec1d2d27e) (ScriptedImporter) -> (artifact id: 'b66ee1095588f33da4f6844b655a46ee') in 0.0034693 seconds
Number of updated asset objects reloaded before import = 0Number of asset objects unloaded after import = 0

========================================================================
Received Import Request.
  Time since last request: 0.000070 seconds.
  path: Assets/Asset/Cartoon Temple Building Kit/Fbx/Ground +/Ground + Mix/Ground + Mix 1x8.fbx
  artifactKey: Guid(4c665f3cbf5e70e4186ed19334a4e5f8) Importer(2089858483,d624ce77472d68a35037170ec1d2d27e)
Start importing Assets/Asset/Cartoon Temple Building Kit/Fbx/Ground +/Ground + Mix/Ground + Mix 1x8.fbx using Guid(4c665f3cbf5e70e4186ed19334a4e5f8) Importer(2089858483,d624ce77472d68a35037170ec1d2d27e) (ScriptedImporter) -> (artifact id: '1bb312ee969891ad28d4739b20002155') in 0.014989 seconds
Number of updated asset objects reloaded before import = 0Number of asset objects unloaded after import = 8

========================================================================
Received Import Request.
  Time since last request: 0.000013 seconds.
  path: Assets/Asset/Simple UI/Simple Vector Icons/128px/UI_Icon_SmileyNeutral.png
  artifactKey: Guid(d586ce8205daa4d2c84ef3553570f087) Importer(2089858483,d624ce77472d68a35037170ec1d2d27e)
Start importing Assets/Asset/Simple UI/Simple Vector Icons/128px/UI_Icon_SmileyNeutral.png using Guid(d586ce8205daa4d2c84ef3553570f087) Importer(2089858483,d624ce77472d68a35037170ec1d2d27e) (ScriptedImporter) -> (artifact id: 'd94ce4f1c98ea50df2acc71954203719') in 0.0122146 seconds
Number of updated asset objects reloaded before import = 0Number of asset objects unloaded after import = 3

========================================================================
Received Import Request.
  Time since last request: 0.000011 seconds.
  path: Assets/Asset/Cartoon Temple Building Kit/Fbx/Ground +/Ground + Bright Flat/Ground + Flat Bright 2x8.fbx
  artifactKey: Guid(66e4b863b460a30498b733004f1d6922) Importer(2089858483,d624ce77472d68a35037170ec1d2d27e)
Start importing Assets/Asset/Cartoon Temple Building Kit/Fbx/Ground +/Ground + Bright Flat/Ground + Flat Bright 2x8.fbx using Guid(66e4b863b460a30498b733004f1d6922) Importer(2089858483,d624ce77472d68a35037170ec1d2d27e) (ScriptedImporter) -> (artifact id: '13b0847d9261838ca6de7d5c784209b7') in 0.0158612 seconds
Number of updated asset objects reloaded before import = 0Number of asset objects unloaded after import = 8

========================================================================
Received Import Request.
  Time since last request: 0.000012 seconds.
  path: Assets/Asset/Cartoon Temple Building Kit/Fbx/Ground +/Ground + Bright/Ground + Bright 1x8.fbx
  artifactKey: Guid(274f00b8aaad52746b1753e1a9169438) Importer(2089858483,d624ce77472d68a35037170ec1d2d27e)
Start importing Assets/Asset/Cartoon Temple Building Kit/Fbx/Ground +/Ground + Bright/Ground + Bright 1x8.fbx using Guid(274f00b8aaad52746b1753e1a9169438) Importer(2089858483,d624ce77472d68a35037170ec1d2d27e) (ScriptedImporter) -> (artifact id: '74cd7df817b4b3e16d44fa6c9c795ac7') in 0.0164053 seconds
Number of updated asset objects reloaded before import = 0Number of asset objects unloaded after import = 8

========================================================================
Received Import Request.
  Time since last request: 0.000013 seconds.
  path: Assets/Asset/Cartoon Temple Building Kit/Fbx/Ground X/Ground X Bright/Ground X Bright 8x8.fbx
  artifactKey: Guid(e0fca2e6dbcbe4f4da63ae14a4b01ae9) Importer(2089858483,d624ce77472d68a35037170ec1d2d27e)
Start importing Assets/Asset/Cartoon Temple Building Kit/Fbx/Ground X/Ground X Bright/Ground X Bright 8x8.fbx using Guid(e0fca2e6dbcbe4f4da63ae14a4b01ae9) Importer(2089858483,d624ce77472d68a35037170ec1d2d27e) (ScriptedImporter) -> (artifact id: '4a189d2f1ac1b2fb7f7bf5580687be6e') in 0.0126459 seconds
Number of updated asset objects reloaded before import = 0Number of asset objects unloaded after import = 8

========================================================================
Received Import Request.
  Time since last request: 0.000013 seconds.
  path: Assets/Asset/Cartoon Temple Building Kit/Fbx/Decorative/FloorBlocks Corners Walls/Block Ruin Wall 8.fbx
  artifactKey: Guid(2a06f29fe991bbd46ba08f24c5ccb4f6) Importer(2089858483,d624ce77472d68a35037170ec1d2d27e)
Start importing Assets/Asset/Cartoon Temple Building Kit/Fbx/Decorative/FloorBlocks Corners Walls/Block Ruin Wall 8.fbx using Guid(2a06f29fe991bbd46ba08f24c5ccb4f6) Importer(2089858483,d624ce77472d68a35037170ec1d2d27e) (ScriptedImporter) -> (artifact id: '29f19c20f0c6324ef87a549fa61bd99f') in 0.0135193 seconds
Number of updated asset objects reloaded before import = 0Number of asset objects unloaded after import = 8

========================================================================
Received Import Request.
  Time since last request: 0.000014 seconds.
  path: Assets/Asset/Cartoon Temple Building Kit/Fbx/Ground +/Ground + Dark Flat/Ground + Dark 2x4 Flat.fbx
  artifactKey: Guid(6b884b30b7fa3ef40a9efefd88f695ca) Importer(2089858483,d624ce77472d68a35037170ec1d2d27e)
Start importing Assets/Asset/Cartoon Temple Building Kit/Fbx/Ground +/Ground + Dark Flat/Ground + Dark 2x4 Flat.fbx using Guid(6b884b30b7fa3ef40a9efefd88f695ca) Importer(2089858483,d624ce77472d68a35037170ec1d2d27e) (ScriptedImporter) -> (artifact id: 'a476e0ba6083e4f2560a234732b2ed8d') in 0.0131897 seconds
Number of updated asset objects reloaded before import = 0Number of asset objects unloaded after import = 8

========================================================================
Received Import Request.
  Time since last request: 0.000024 seconds.
  path: Assets/Asset/Cartoon Temple Building Kit/Fbx/Ground X/Ground X Bright Flat/Ground X Bright Flat 1x4.fbx
  artifactKey: Guid(ea9fbc841d2106c4cb547da379a1759a) Importer(2089858483,d624ce77472d68a35037170ec1d2d27e)
Start importing Assets/Asset/Cartoon Temple Building Kit/Fbx/Ground X/Ground X Bright Flat/Ground X Bright Flat 1x4.fbx using Guid(ea9fbc841d2106c4cb547da379a1759a) Importer(2089858483,d624ce77472d68a35037170ec1d2d27e) (ScriptedImporter) -> (artifact id: '1dadbe287dc0f17f1980531f8975b12d') in 0.0153126 seconds
Number of updated asset objects reloaded before import = 0Number of asset objects unloaded after import = 8

========================================================================
Received Import Request.
  Time since last request: 0.000018 seconds.
  path: Assets/Asset/Cartoon Temple Building Kit/Fbx/Platforms Stairs Fences/Platforms With Fence/Platform Fence 1x9x13.fbx
  artifactKey: Guid(1a694a2df492d894c857630ebbe79569) Importer(2089858483,d624ce77472d68a35037170ec1d2d27e)
Start importing Assets/Asset/Cartoon Temple Building Kit/Fbx/Platforms Stairs Fences/Platforms With Fence/Platform Fence 1x9x13.fbx using Guid(1a694a2df492d894c857630ebbe79569) Importer(2089858483,d624ce77472d68a35037170ec1d2d27e) (ScriptedImporter) -> (artifact id: '95a0f144300ed35a786e54f37b54165b') in 0.0138353 seconds
Number of updated asset objects reloaded before import = 0Number of asset objects unloaded after import = 8

========================================================================
Received Import Request.
  Time since last request: 0.000013 seconds.
  path: Assets/Asset/Cartoon Temple Building Kit/Fbx/Ground X/Ground X Dark/Ground X Dark 4x4.fbx
  artifactKey: Guid(24b6c4012b7c6cb458308db0d1410af6) Importer(2089858483,d624ce77472d68a35037170ec1d2d27e)
Start importing Assets/Asset/Cartoon Temple Building Kit/Fbx/Ground X/Ground X Dark/Ground X Dark 4x4.fbx using Guid(24b6c4012b7c6cb458308db0d1410af6) Importer(2089858483,d624ce77472d68a35037170ec1d2d27e) (ScriptedImporter) -> (artifact id: '5faec68b4a1c2535da7ec479b2c0fbc3') in 0.0147517 seconds
Number of updated asset objects reloaded before import = 0Number of asset objects unloaded after import = 8

========================================================================
Received Import Request.
  Time since last request: 0.000015 seconds.
  path: Assets/Asset/Cartoon Temple Building Kit/Fbx/Ground X/Ground X Mix Flat/Ground X Mix Flat 8x8.fbx
  artifactKey: Guid(ffcfb94d14e168644aaeb99a0c1bffe6) Importer(2089858483,d624ce77472d68a35037170ec1d2d27e)
Start importing Assets/Asset/Cartoon Temple Building Kit/Fbx/Ground X/Ground X Mix Flat/Ground X Mix Flat 8x8.fbx using Guid(ffcfb94d14e168644aaeb99a0c1bffe6) Importer(2089858483,d624ce77472d68a35037170ec1d2d27e) (ScriptedImporter) -> (artifact id: 'd6250ba8bd50c065dbb4771848d99039') in 0.0171592 seconds
Number of updated asset objects reloaded before import = 0Number of asset objects unloaded after import = 8

========================================================================
Received Import Request.
  Time since last request: 0.000013 seconds.
  path: Assets/Asset/Cartoon Temple Building Kit/Prefabs/Decorative Prefabs/Idol/Idol Base.prefab
  artifactKey: Guid(f8d08317af1bf9341ac826d5e08f34b2) Importer(2089858483,d624ce77472d68a35037170ec1d2d27e)
Start importing Assets/Asset/Cartoon Temple Building Kit/Prefabs/Decorative Prefabs/Idol/Idol Base.prefab using Guid(f8d08317af1bf9341ac826d5e08f34b2) Importer(2089858483,d624ce77472d68a35037170ec1d2d27e) (ScriptedImporter) -> (artifact id: '98c90b710569064a2afc905d3f105d99') in 0.0101502 seconds
Number of updated asset objects reloaded before import = 0Number of asset objects unloaded after import = 8

========================================================================
Received Import Request.
  Time since last request: 0.000016 seconds.
  path: Assets/Asset/Cartoon Temple Building Kit/Prefabs/Decorative Prefabs/Misc/Sun Symbol.prefab
  artifactKey: Guid(259f29dd87e6844419fa0c5c4acce752) Importer(2089858483,d624ce77472d68a35037170ec1d2d27e)
Start importing Assets/Asset/Cartoon Temple Building Kit/Prefabs/Decorative Prefabs/Misc/Sun Symbol.prefab using Guid(259f29dd87e6844419fa0c5c4acce752) Importer(2089858483,d624ce77472d68a35037170ec1d2d27e) (ScriptedImporter) -> (artifact id: 'd443dab4c875b1613d62e686c51a9dcb') in 0.0076456 seconds
Number of updated asset objects reloaded before import = 0Number of asset objects unloaded after import = 8

========================================================================
Received Import Request.
  Time since last request: 0.000015 seconds.
  path: Assets/Asset/Cartoon Temple Building Kit/Fbx/Ground X/Ground X Mix Flat/Ground X Mix Flat 4x1.fbx
  artifactKey: Guid(09e39b3d6e8718745b236d168d55de0a) Importer(2089858483,d624ce77472d68a35037170ec1d2d27e)
Start importing Assets/Asset/Cartoon Temple Building Kit/Fbx/Ground X/Ground X Mix Flat/Ground X Mix Flat 4x1.fbx using Guid(09e39b3d6e8718745b236d168d55de0a) Importer(2089858483,d624ce77472d68a35037170ec1d2d27e) (ScriptedImporter) -> (artifact id: '0de15c3e1bfe8840399572c7b7e59b5b') in 0.0157473 seconds
Number of updated asset objects reloaded before import = 0Number of asset objects unloaded after import = 8

========================================================================
Received Import Request.
  Time since last request: 0.000013 seconds.
  path: Assets/Asset/Cartoon Temple Building Kit/Fbx/Ground X/Ground X Mix Flat/Ground X Mix Flat 2x1.fbx
  artifactKey: Guid(3fdd18a2cfb674d479444b9517a7d85f) Importer(2089858483,d624ce77472d68a35037170ec1d2d27e)
Start importing Assets/Asset/Cartoon Temple Building Kit/Fbx/Ground X/Ground X Mix Flat/Ground X Mix Flat 2x1.fbx using Guid(3fdd18a2cfb674d479444b9517a7d85f) Importer(2089858483,d624ce77472d68a35037170ec1d2d27e) (ScriptedImporter) -> (artifact id: 'b704861fed94ac336ed02a1f8e930da4') in 0.015832 seconds
Number of updated asset objects reloaded before import = 0Number of asset objects unloaded after import = 8

========================================================================
Received Import Request.
  Time since last request: 0.000013 seconds.
  path: Assets/Asset/Cartoon Temple Building Kit/Fbx/Ground X/Ground X Dark Flat/Ground X Dark Flat 2x8.fbx
  artifactKey: Guid(d6652784d957d5b4e82705f5fc3eec61) Importer(2089858483,d624ce77472d68a35037170ec1d2d27e)
Start importing Assets/Asset/Cartoon Temple Building Kit/Fbx/Ground X/Ground X Dark Flat/Ground X Dark Flat 2x8.fbx using Guid(d6652784d957d5b4e82705f5fc3eec61) Importer(2089858483,d624ce77472d68a35037170ec1d2d27e) (ScriptedImporter) -> (artifact id: '20fafe8d6115fc5528cac68b3dfd314b') in 0.0166165 seconds
Number of updated asset objects reloaded before import = 0Number of asset objects unloaded after import = 8

========================================================================
Received Import Request.
  Time since last request: 0.000012 seconds.
  path: Assets/Asset/Cartoon Temple Building Kit/Prefabs/Decorative Prefabs/FloorBlocks Corners Walls Prefabs/Floor Blocks 5.prefab
  artifactKey: Guid(427758c85f579f54f91f2e3a0450fc98) Importer(2089858483,d624ce77472d68a35037170ec1d2d27e)
Start importing Assets/Asset/Cartoon Temple Building Kit/Prefabs/Decorative Prefabs/FloorBlocks Corners Walls Prefabs/Floor Blocks 5.prefab using Guid(427758c85f579f54f91f2e3a0450fc98) Importer(2089858483,d624ce77472d68a35037170ec1d2d27e) (ScriptedImporter) -> (artifact id: '94b5f8e4531e4dbb114caf65d299da6a') in 0.0085425 seconds
Number of updated asset objects reloaded before import = 0Number of asset objects unloaded after import = 8

========================================================================
Received Import Request.
  Time since last request: 0.000014 seconds.
  path: Assets/Asset/Cartoon Temple Building Kit/Fbx/Ground X/Ground X Mix/Ground X Mix 2x1.fbx
  artifactKey: Guid(cc2c337853c33774c8c6931641945171) Importer(2089858483,d624ce77472d68a35037170ec1d2d27e)
Start importing Assets/Asset/Cartoon Temple Building Kit/Fbx/Ground X/Ground X Mix/Ground X Mix 2x1.fbx using Guid(cc2c337853c33774c8c6931641945171) Importer(2089858483,d624ce77472d68a35037170ec1d2d27e) (ScriptedImporter) -> (artifact id: '4571628fddabb345f5dc9849d61db7b6') in 0.0159552 seconds
Number of updated asset objects reloaded before import = 0Number of asset objects unloaded after import = 8

========================================================================
Received Import Request.
  Time since last request: 0.000015 seconds.
  path: Assets/Asset/Cartoon Temple Building Kit/Fbx/Ground X/Ground X Mix/Ground X Mix 1x4.fbx
  artifactKey: Guid(d044071ad39098a499dd2a6706089448) Importer(2089858483,d624ce77472d68a35037170ec1d2d27e)
Start importing Assets/Asset/Cartoon Temple Building Kit/Fbx/Ground X/Ground X Mix/Ground X Mix 1x4.fbx using Guid(d044071ad39098a499dd2a6706089448) Importer(2089858483,d624ce77472d68a35037170ec1d2d27e) (ScriptedImporter) -> (artifact id: 'c17f41d729f9b404ca7f49703fb81755') in 0.0206814 seconds
Number of updated asset objects reloaded before import = 0Number of asset objects unloaded after import = 8

========================================================================
Received Import Request.
  Time since last request: 0.000015 seconds.
  path: Assets/Asset/Cartoon Temple Building Kit/Prefabs/Decorative Prefabs/FloorBlocks Corners Walls Prefabs/Block Ruin Wall 10.prefab
  artifactKey: Guid(4293d75a24751b045a36f2ab3949d8a0) Importer(2089858483,d624ce77472d68a35037170ec1d2d27e)
Start importing Assets/Asset/Cartoon Temple Building Kit/Prefabs/Decorative Prefabs/FloorBlocks Corners Walls Prefabs/Block Ruin Wall 10.prefab using Guid(4293d75a24751b045a36f2ab3949d8a0) Importer(2089858483,d624ce77472d68a35037170ec1d2d27e) (ScriptedImporter) -> (artifact id: '791f8d6b93d2ee9f6ecab32175ec893e') in 0.0083873 seconds
Number of updated asset objects reloaded before import = 0Number of asset objects unloaded after import = 8

========================================================================
Received Import Request.
  Time since last request: 0.000012 seconds.
  path: Assets/Asset/Cartoon Temple Building Kit/Fbx/Platforms Stairs Fences/Fences/Fence 2 Bright.fbx
  artifactKey: Guid(4773f78fb93481747ba6d43c5cf78f45) Importer(2089858483,d624ce77472d68a35037170ec1d2d27e)
Start importing Assets/Asset/Cartoon Temple Building Kit/Fbx/Platforms Stairs Fences/Fences/Fence 2 Bright.fbx using Guid(4773f78fb93481747ba6d43c5cf78f45) Importer(2089858483,d624ce77472d68a35037170ec1d2d27e) (ScriptedImporter) -> (artifact id: '2cfa4b5d533cf5457f6ec93aefdee7d9') in 0.0135528 seconds
Number of updated asset objects reloaded before import = 0Number of asset objects unloaded after import = 8

========================================================================
Received Import Request.
  Time since last request: 0.000013 seconds.
  path: Assets/Asset/Cartoon Temple Building Kit/Prefabs/Decorative Prefabs/FloorBlocks Corners Walls Prefabs/Corner Blocks 3.prefab
  artifactKey: Guid(e17abf8dcc2f594448572a5e3693bcbb) Importer(2089858483,d624ce77472d68a35037170ec1d2d27e)
Start importing Assets/Asset/Cartoon Temple Building Kit/Prefabs/Decorative Prefabs/FloorBlocks Corners Walls Prefabs/Corner Blocks 3.prefab using Guid(e17abf8dcc2f594448572a5e3693bcbb) Importer(2089858483,d624ce77472d68a35037170ec1d2d27e) (ScriptedImporter) -> (artifact id: '5a35737229ae75fd724786f919db3427') in 0.0071311 seconds
Number of updated asset objects reloaded before import = 0Number of asset objects unloaded after import = 8

========================================================================
Received Import Request.
  Time since last request: 0.000013 seconds.
  path: Assets/Asset/Cartoon Temple Building Kit/Fbx/Ground X/Ground X Bright Flat/Ground X Bright Flat 4x1.fbx
  artifactKey: Guid(30de72d874c1082428cc54137a216e0c) Importer(2089858483,d624ce77472d68a35037170ec1d2d27e)
Start importing Assets/Asset/Cartoon Temple Building Kit/Fbx/Ground X/Ground X Bright Flat/Ground X Bright Flat 4x1.fbx using Guid(30de72d874c1082428cc54137a216e0c) Importer(2089858483,d624ce77472d68a35037170ec1d2d27e) (ScriptedImporter) -> (artifact id: '57285c590e58a66fc29d2fc31c52da57') in 0.0130649 seconds
Number of updated asset objects reloaded before import = 0Number of asset objects unloaded after import = 8

========================================================================
Received Import Request.
  Time since last request: 0.000014 seconds.
  path: Assets/Asset/Cartoon Temple Building Kit/Fbx/Ground X/Ground X Mix Flat/Ground X Mix Flat 2x8.fbx
  artifactKey: Guid(7ad7bee924a41524c83e9d7639d5fb4e) Importer(2089858483,d624ce77472d68a35037170ec1d2d27e)
Start importing Assets/Asset/Cartoon Temple Building Kit/Fbx/Ground X/Ground X Mix Flat/Ground X Mix Flat 2x8.fbx using Guid(7ad7bee924a41524c83e9d7639d5fb4e) Importer(2089858483,d624ce77472d68a35037170ec1d2d27e) (ScriptedImporter) -> (artifact id: '9d2e7d3cc0fa6cf98c208822fa27a1b0') in 0.0139728 seconds
Number of updated asset objects reloaded before import = 0Number of asset objects unloaded after import = 8

========================================================================
Received Import Request.
  Time since last request: 0.000020 seconds.
  path: Assets/Asset/Cartoon Temple Building Kit/Prefabs/Decorative Prefabs/FloorBlocks Corners Walls Prefabs/Floor Blocks 12.prefab
  artifactKey: Guid(531df253788c0784ba8cbdb343d1d7c4) Importer(2089858483,d624ce77472d68a35037170ec1d2d27e)
Start importing Assets/Asset/Cartoon Temple Building Kit/Prefabs/Decorative Prefabs/FloorBlocks Corners Walls Prefabs/Floor Blocks 12.prefab using Guid(531df253788c0784ba8cbdb343d1d7c4) Importer(2089858483,d624ce77472d68a35037170ec1d2d27e) (ScriptedImporter) -> (artifact id: '8349f37e5c7ee77705dde7059778faab') in 0.0075461 seconds
Number of updated asset objects reloaded before import = 0Number of asset objects unloaded after import = 8

========================================================================
Received Import Request.
  Time since last request: 0.000012 seconds.
  path: Assets/Asset/Cartoon Temple Building Kit/Fbx/Platforms Stairs Fences/Stairs/Stairs 1.fbx
  artifactKey: Guid(c6afddd458be8c240a555204336b15b7) Importer(2089858483,d624ce77472d68a35037170ec1d2d27e)
Start importing Assets/Asset/Cartoon Temple Building Kit/Fbx/Platforms Stairs Fences/Stairs/Stairs 1.fbx using Guid(c6afddd458be8c240a555204336b15b7) Importer(2089858483,d624ce77472d68a35037170ec1d2d27e) (ScriptedImporter) -> (artifact id: '64e78061906d09fc253bdde30ba50539') in 0.0124295 seconds
Number of updated asset objects reloaded before import = 0Number of asset objects unloaded after import = 8

========================================================================
Received Import Request.
  Time since last request: 0.000016 seconds.
  path: Assets/Asset/Cartoon Temple Building Kit/Fbx/Ground X/Ground X Dark/Ground X Dark 4x8.fbx
  artifactKey: Guid(ad349a30163cc0a44ab42bc47f957fd2) Importer(2089858483,d624ce77472d68a35037170ec1d2d27e)
Start importing Assets/Asset/Cartoon Temple Building Kit/Fbx/Ground X/Ground X Dark/Ground X Dark 4x8.fbx using Guid(ad349a30163cc0a44ab42bc47f957fd2) Importer(2089858483,d624ce77472d68a35037170ec1d2d27e) (ScriptedImporter) -> (artifact id: '6e42ca2c8ac22caa6f139fc50223d216') in 0.018701 seconds
Number of updated asset objects reloaded before import = 0Number of asset objects unloaded after import = 8

========================================================================
Received Import Request.
  Time since last request: 0.000014 seconds.
  path: Assets/Asset/Cartoon Temple Building Kit/Fbx/Platforms Stairs Fences/Platforms/Platform 1x5x13.fbx
  artifactKey: Guid(c07feac70487ec746b8ccba3b47411b2) Importer(2089858483,d624ce77472d68a35037170ec1d2d27e)
Start importing Assets/Asset/Cartoon Temple Building Kit/Fbx/Platforms Stairs Fences/Platforms/Platform 1x5x13.fbx using Guid(c07feac70487ec746b8ccba3b47411b2) Importer(2089858483,d624ce77472d68a35037170ec1d2d27e) (ScriptedImporter) -> (artifact id: '328200473f4c187300c86048aa99cf3a') in 0.0140765 seconds
Number of updated asset objects reloaded before import = 0Number of asset objects unloaded after import = 8

========================================================================
Received Import Request.
  Time since last request: 0.000013 seconds.
  path: Assets/Asset/Cartoon Temple Building Kit/Fbx/Ground X/Ground X Dark/Ground X Dark 2x4.fbx
  artifactKey: Guid(a6019bfff25c7bd4f8deafe145f99c6c) Importer(2089858483,d624ce77472d68a35037170ec1d2d27e)
Start importing Assets/Asset/Cartoon Temple Building Kit/Fbx/Ground X/Ground X Dark/Ground X Dark 2x4.fbx using Guid(a6019bfff25c7bd4f8deafe145f99c6c) Importer(2089858483,d624ce77472d68a35037170ec1d2d27e) (ScriptedImporter) -> (artifact id: '9c9ded47d142a8976f91f60baf28bf02') in 0.0145673 seconds
Number of updated asset objects reloaded before import = 0Number of asset objects unloaded after import = 8

========================================================================
Received Import Request.
  Time since last request: 0.000012 seconds.
  path: Assets/Asset/Cartoon Temple Building Kit/Prefabs/Decorative Prefabs/FloorBlocks Corners Walls Prefabs/Block Ruin Wall 3.prefab
  artifactKey: Guid(6140da5f593ba5f4688746c72de701b2) Importer(2089858483,d624ce77472d68a35037170ec1d2d27e)
Start importing Assets/Asset/Cartoon Temple Building Kit/Prefabs/Decorative Prefabs/FloorBlocks Corners Walls Prefabs/Block Ruin Wall 3.prefab using Guid(6140da5f593ba5f4688746c72de701b2) Importer(2089858483,d624ce77472d68a35037170ec1d2d27e) (ScriptedImporter) -> (artifact id: '4b730d9964979e9efa70484aabe8380f') in 0.0073618 seconds
Number of updated asset objects reloaded before import = 0Number of asset objects unloaded after import = 8

========================================================================
Received Import Request.
  Time since last request: 0.000012 seconds.
  path: Assets/Asset/Cartoon Temple Building Kit/Fbx/Ground X/Ground X Bright Flat/Ground X Bright Flat 1x8.fbx
  artifactKey: Guid(4806fe814081b3e4f94ca306b1e23d62) Importer(2089858483,d624ce77472d68a35037170ec1d2d27e)
Start importing Assets/Asset/Cartoon Temple Building Kit/Fbx/Ground X/Ground X Bright Flat/Ground X Bright Flat 1x8.fbx using Guid(4806fe814081b3e4f94ca306b1e23d62) Importer(2089858483,d624ce77472d68a35037170ec1d2d27e) (ScriptedImporter) -> (artifact id: '766bb6c9348778067173fcd3292ca936') in 0.0123178 seconds
Number of updated asset objects reloaded before import = 0Number of asset objects unloaded after import = 8

========================================================================
Received Import Request.
  Time since last request: 0.000013 seconds.
  path: Assets/Asset/Cartoon Temple Building Kit/Prefabs/Decorative Prefabs/Vegetation Prefabs/Plant 5.prefab
  artifactKey: Guid(97b570f7d09b0e0449ff5aa9f4c56e01) Importer(2089858483,d624ce77472d68a35037170ec1d2d27e)
Start importing Assets/Asset/Cartoon Temple Building Kit/Prefabs/Decorative Prefabs/Vegetation Prefabs/Plant 5.prefab using Guid(97b570f7d09b0e0449ff5aa9f4c56e01) Importer(2089858483,d624ce77472d68a35037170ec1d2d27e) (ScriptedImporter) -> (artifact id: '9dd589a43496050770564d0dcb8b1137') in 0.0084497 seconds
Number of updated asset objects reloaded before import = 0Number of asset objects unloaded after import = 8

========================================================================
Received Import Request.
  Time since last request: 0.000012 seconds.
  path: Assets/Asset/Cartoon Temple Building Kit/Prefabs/Ground + Prefabs/Ground + Bright Flat Prefabs/Ground + Flat Bright 2x4.prefab
  artifactKey: Guid(d13f67649bb40c348953757805ac3e16) Importer(2089858483,d624ce77472d68a35037170ec1d2d27e)
Start importing Assets/Asset/Cartoon Temple Building Kit/Prefabs/Ground + Prefabs/Ground + Bright Flat Prefabs/Ground + Flat Bright 2x4.prefab using Guid(d13f67649bb40c348953757805ac3e16) Importer(2089858483,d624ce77472d68a35037170ec1d2d27e) (ScriptedImporter) -> (artifact id: 'ed805ea2abb4ac29fdb7d9a2e64d34e8') in 0.0077978 seconds
Number of updated asset objects reloaded before import = 0Number of asset objects unloaded after import = 8

========================================================================
Received Import Request.
  Time since last request: 0.000011 seconds.
  path: Assets/Asset/Cartoon Temple Building Kit/Fbx/Ground X/Ground X Dark Flat/Ground X Dark Flat 1x8.fbx
  artifactKey: Guid(32085adb5b52bb540a3a7154bc2cc06f) Importer(2089858483,d624ce77472d68a35037170ec1d2d27e)
Start importing Assets/Asset/Cartoon Temple Building Kit/Fbx/Ground X/Ground X Dark Flat/Ground X Dark Flat 1x8.fbx using Guid(32085adb5b52bb540a3a7154bc2cc06f) Importer(2089858483,d624ce77472d68a35037170ec1d2d27e) (ScriptedImporter) -> (artifact id: 'e5adef21193e61235524993d50a39dee') in 0.0125555 seconds
Number of updated asset objects reloaded before import = 0Number of asset objects unloaded after import = 8

========================================================================
Received Import Request.
  Time since last request: 0.000011 seconds.
  path: Assets/Asset/Cartoon Temple Building Kit/Fbx/Platforms Stairs Fences/Platforms/Platform 1x13x13.fbx
  artifactKey: Guid(d2e14abe5970bf44b8c52c3a4ed682cb) Importer(2089858483,d624ce77472d68a35037170ec1d2d27e)
Start importing Assets/Asset/Cartoon Temple Building Kit/Fbx/Platforms Stairs Fences/Platforms/Platform 1x13x13.fbx using Guid(d2e14abe5970bf44b8c52c3a4ed682cb) Importer(2089858483,d624ce77472d68a35037170ec1d2d27e) (ScriptedImporter) -> (artifact id: 'e51679a8ccba4abb777e1d9c333b8024') in 0.015121 seconds
Number of updated asset objects reloaded before import = 0Number of asset objects unloaded after import = 8

========================================================================
Received Import Request.
  Time since last request: 0.000014 seconds.
  path: Assets/Asset/Cartoon Temple Building Kit/Fbx/Ground X/Ground X Mix/Ground X Mix 2x8.fbx
  artifactKey: Guid(1b50b02d704e1134b8ad0b0c07fdb7b0) Importer(2089858483,d624ce77472d68a35037170ec1d2d27e)
Start importing Assets/Asset/Cartoon Temple Building Kit/Fbx/Ground X/Ground X Mix/Ground X Mix 2x8.fbx using Guid(1b50b02d704e1134b8ad0b0c07fdb7b0) Importer(2089858483,d624ce77472d68a35037170ec1d2d27e) (ScriptedImporter) -> (artifact id: '3141f4034116110f5bbf51c86eb5c75d') in 0.0173827 seconds
Number of updated asset objects reloaded before import = 0Number of asset objects unloaded after import = 8

========================================================================
Received Import Request.
  Time since last request: 0.000013 seconds.
  path: Assets/Asset/Cartoon Temple Building Kit/Fbx/Ground +/Ground + Mix/Ground + Mix 8x8.fbx
  artifactKey: Guid(73b01ac0ba0ead34f90ae2cc934bf221) Importer(2089858483,d624ce77472d68a35037170ec1d2d27e)
Start importing Assets/Asset/Cartoon Temple Building Kit/Fbx/Ground +/Ground + Mix/Ground + Mix 8x8.fbx using Guid(73b01ac0ba0ead34f90ae2cc934bf221) Importer(2089858483,d624ce77472d68a35037170ec1d2d27e) (ScriptedImporter) -> (artifact id: 'c71bd7b509d329a5a88a78c07dcd5304') in 0.012577 seconds
Number of updated asset objects reloaded before import = 0Number of asset objects unloaded after import = 8

========================================================================
Received Import Request.
  Time since last request: 0.000012 seconds.
  path: Assets/Asset/Cartoon Temple Building Kit/Fbx/Ground X/Ground X Bright Flat/Ground X Bright Flat 2x8.fbx
  artifactKey: Guid(c73e8335f732b5544b037a24750a2f50) Importer(2089858483,d624ce77472d68a35037170ec1d2d27e)
Start importing Assets/Asset/Cartoon Temple Building Kit/Fbx/Ground X/Ground X Bright Flat/Ground X Bright Flat 2x8.fbx using Guid(c73e8335f732b5544b037a24750a2f50) Importer(2089858483,d624ce77472d68a35037170ec1d2d27e) (ScriptedImporter) -> (artifact id: '4816f2fe0d7e65d583389642ce6f577c') in 0.0161032 seconds
Number of updated asset objects reloaded before import = 0Number of asset objects unloaded after import = 8

========================================================================
Received Import Request.
  Time since last request: 0.000012 seconds.
  path: Assets/Asset/Cartoon Temple Building Kit/Fbx/Platforms Stairs Fences/Fences/Fence 3 Dark.fbx
  artifactKey: Guid(307b10e8adbca304082e7eee602f852e) Importer(2089858483,d624ce77472d68a35037170ec1d2d27e)
Start importing Assets/Asset/Cartoon Temple Building Kit/Fbx/Platforms Stairs Fences/Fences/Fence 3 Dark.fbx using Guid(307b10e8adbca304082e7eee602f852e) Importer(2089858483,d624ce77472d68a35037170ec1d2d27e) (ScriptedImporter) -> (artifact id: 'fe37f72449b01423919982a7ba453178') in 0.0150384 seconds
Number of updated asset objects reloaded before import = 0Number of asset objects unloaded after import = 8

========================================================================
Received Import Request.
  Time since last request: 0.000013 seconds.
  path: Assets/Asset/Simple UI/Simple Vector Icons/128px/UI_Icon_Photo.png
  artifactKey: Guid(e460c533a82244d32bfe07ffcc1cb983) Importer(2089858483,d624ce77472d68a35037170ec1d2d27e)
Start importing Assets/Asset/Simple UI/Simple Vector Icons/128px/UI_Icon_Photo.png using Guid(e460c533a82244d32bfe07ffcc1cb983) Importer(2089858483,d624ce77472d68a35037170ec1d2d27e) (ScriptedImporter) -> (artifact id: 'e409836302cf34fdfd6adda8d5d1de0c') in 0.010921 seconds
Number of updated asset objects reloaded before import = 0Number of asset objects unloaded after import = 3

========================================================================
Received Import Request.
  Time since last request: 0.000014 seconds.
  path: Assets/Asset/Simple UI/Simple Vector Icons/128px/UI_Icon_InputJoystick.png
  artifactKey: Guid(8900b82c5f1424dfdad2998da107d486) Importer(2089858483,d624ce77472d68a35037170ec1d2d27e)
Start importing Assets/Asset/Simple UI/Simple Vector Icons/128px/UI_Icon_InputJoystick.png using Guid(8900b82c5f1424dfdad2998da107d486) Importer(2089858483,d624ce77472d68a35037170ec1d2d27e) (ScriptedImporter) -> (artifact id: '4b8ba77abb18e4384188576d570bb561') in 0.0114637 seconds
Number of updated asset objects reloaded before import = 0Number of asset objects unloaded after import = 3

========================================================================
Received Import Request.
  Time since last request: 0.000020 seconds.
  path: Assets/Asset/Cartoon Temple Building Kit/Fbx/Ground X/Ground X Mix Flat/Ground X Mix Flat 1x4.fbx
  artifactKey: Guid(c9a06fe0bc9867f439183b22efc58986) Importer(2089858483,d624ce77472d68a35037170ec1d2d27e)
Start importing Assets/Asset/Cartoon Temple Building Kit/Fbx/Ground X/Ground X Mix Flat/Ground X Mix Flat 1x4.fbx using Guid(c9a06fe0bc9867f439183b22efc58986) Importer(2089858483,d624ce77472d68a35037170ec1d2d27e) (ScriptedImporter) -> (artifact id: '55de0fc4aa09694d760354a9d727ea60') in 0.0211766 seconds
Number of updated asset objects reloaded before import = 0Number of asset objects unloaded after import = 8

========================================================================
Received Import Request.
  Time since last request: 0.000022 seconds.
  path: Assets/Asset/Cartoon Temple Building Kit/Fbx/Ground +/Ground + Dark Flat/Ground + Dark 4x8 Flat.fbx
  artifactKey: Guid(aded00f1fbf616a4faa8cbb6120b5655) Importer(2089858483,d624ce77472d68a35037170ec1d2d27e)
Start importing Assets/Asset/Cartoon Temple Building Kit/Fbx/Ground +/Ground + Dark Flat/Ground + Dark 4x8 Flat.fbx using Guid(aded00f1fbf616a4faa8cbb6120b5655) Importer(2089858483,d624ce77472d68a35037170ec1d2d27e) (ScriptedImporter) -> (artifact id: '90f7db2f081926a9ac609d26388085e1') in 0.0176647 seconds
Number of updated asset objects reloaded before import = 0Number of asset objects unloaded after import = 8

========================================================================
Received Import Request.
  Time since last request: 0.000015 seconds.
  path: Assets/Asset/Simple UI/Simple Vector Icons/128px/UI_Icon_Swap.png
  artifactKey: Guid(49b3750e931e64df6b56c901630c1214) Importer(2089858483,d624ce77472d68a35037170ec1d2d27e)
Start importing Assets/Asset/Simple UI/Simple Vector Icons/128px/UI_Icon_Swap.png using Guid(49b3750e931e64df6b56c901630c1214) Importer(2089858483,d624ce77472d68a35037170ec1d2d27e) (ScriptedImporter) -> (artifact id: 'a766ff72988b92dd67b2bfd4ddaae5ec') in 0.0138637 seconds
Number of updated asset objects reloaded before import = 0Number of asset objects unloaded after import = 3

========================================================================
Received Import Request.
  Time since last request: 0.000013 seconds.
  path: Assets/Asset/Cartoon Temple Building Kit/Fbx/Ground X/Ground X Bright/Ground X Bright 1x8.fbx
  artifactKey: Guid(f38d1760e1f34954890194d843c694c8) Importer(2089858483,d624ce77472d68a35037170ec1d2d27e)
Start importing Assets/Asset/Cartoon Temple Building Kit/Fbx/Ground X/Ground X Bright/Ground X Bright 1x8.fbx using Guid(f38d1760e1f34954890194d843c694c8) Importer(2089858483,d624ce77472d68a35037170ec1d2d27e) (ScriptedImporter) -> (artifact id: 'a233765ab458c7d82f31ef6fe665693e') in 0.0139926 seconds
Number of updated asset objects reloaded before import = 0Number of asset objects unloaded after import = 8

========================================================================
Received Import Request.
  Time since last request: 0.000013 seconds.
  path: Assets/Asset/Simple UI/Simple Vector Icons/128px/UI_Icon_SocialFacebook.png
  artifactKey: Guid(3f91cfe620296424cba5aa18b1680ab3) Importer(2089858483,d624ce77472d68a35037170ec1d2d27e)
Start importing Assets/Asset/Simple UI/Simple Vector Icons/128px/UI_Icon_SocialFacebook.png using Guid(3f91cfe620296424cba5aa18b1680ab3) Importer(2089858483,d624ce77472d68a35037170ec1d2d27e) (ScriptedImporter) -> (artifact id: '3b538126b4e641a0875cf585a7a75371') in 0.0131102 seconds
Number of updated asset objects reloaded before import = 0Number of asset objects unloaded after import = 3

========================================================================
Received Import Request.
  Time since last request: 0.000015 seconds.
  path: Assets/Asset/Cartoon Temple Building Kit/Fbx/Ground X/Ground X Bright Flat/Ground X Bright Flat 1x2.fbx
  artifactKey: Guid(a06ac787e1152d44ebfc2a6f56bef58d) Importer(2089858483,d624ce77472d68a35037170ec1d2d27e)
Start importing Assets/Asset/Cartoon Temple Building Kit/Fbx/Ground X/Ground X Bright Flat/Ground X Bright Flat 1x2.fbx using Guid(a06ac787e1152d44ebfc2a6f56bef58d) Importer(2089858483,d624ce77472d68a35037170ec1d2d27e) (ScriptedImporter) -> (artifact id: 'd3fd405cf7fdd7caf0152ea322b2de82') in 0.0144235 seconds
Number of updated asset objects reloaded before import = 0Number of asset objects unloaded after import = 8

========================================================================
Received Import Request.
  Time since last request: 0.000012 seconds.
  path: Assets/Asset/Cartoon Temple Building Kit/Fbx/Ground +/Ground + Dark Flat/Ground + Dark 1x4 Flat.fbx
  artifactKey: Guid(032264d1ca0cb854b8865166dcb98b71) Importer(2089858483,d624ce77472d68a35037170ec1d2d27e)
Start importing Assets/Asset/Cartoon Temple Building Kit/Fbx/Ground +/Ground + Dark Flat/Ground + Dark 1x4 Flat.fbx using Guid(032264d1ca0cb854b8865166dcb98b71) Importer(2089858483,d624ce77472d68a35037170ec1d2d27e) (ScriptedImporter) -> (artifact id: '11e9b5bb1e57208bce5f8d580e1848cb') in 0.0137563 seconds
Number of updated asset objects reloaded before import = 0Number of asset objects unloaded after import = 8

========================================================================
Received Import Request.
  Time since last request: 0.000013 seconds.
  path: Assets/Asset/Cartoon Temple Building Kit/Fbx/Ground X/Ground X Bright Flat/Ground X Bright Flat 2x1.fbx
  artifactKey: Guid(f4bdf4771921c654cb6561c335a6569c) Importer(2089858483,d624ce77472d68a35037170ec1d2d27e)
Start importing Assets/Asset/Cartoon Temple Building Kit/Fbx/Ground X/Ground X Bright Flat/Ground X Bright Flat 2x1.fbx using Guid(f4bdf4771921c654cb6561c335a6569c) Importer(2089858483,d624ce77472d68a35037170ec1d2d27e) (ScriptedImporter) -> (artifact id: '04ca5c884163ebadc29826aefcdf8455') in 0.0168182 seconds
Number of updated asset objects reloaded before import = 0Number of asset objects unloaded after import = 8

========================================================================
Received Import Request.
  Time since last request: 0.000014 seconds.
  path: Assets/Asset/Cartoon Temple Building Kit/Fbx/Platforms Stairs Fences/Platforms With Fence/Platform Fence 1x13x13.fbx
  artifactKey: Guid(ef5e72fdca80c0d4eb97f3da2394d1f2) Importer(2089858483,d624ce77472d68a35037170ec1d2d27e)
Start importing Assets/Asset/Cartoon Temple Building Kit/Fbx/Platforms Stairs Fences/Platforms With Fence/Platform Fence 1x13x13.fbx using Guid(ef5e72fdca80c0d4eb97f3da2394d1f2) Importer(2089858483,d624ce77472d68a35037170ec1d2d27e) (ScriptedImporter) -> (artifact id: '8dd4fcf30efe2f4b0ca041625771f1c5') in 0.0137417 seconds
Number of updated asset objects reloaded before import = 0Number of asset objects unloaded after import = 8

========================================================================
Received Import Request.
  Time since last request: 0.000012 seconds.
  path: Assets/Asset/Cartoon Temple Building Kit/Fbx/Decorative/Idol/Idol 3.fbx
  artifactKey: Guid(f5b194f483eae434393096d0da738692) Importer(2089858483,d624ce77472d68a35037170ec1d2d27e)
Start importing Assets/Asset/Cartoon Temple Building Kit/Fbx/Decorative/Idol/Idol 3.fbx using Guid(f5b194f483eae434393096d0da738692) Importer(2089858483,d624ce77472d68a35037170ec1d2d27e) (ScriptedImporter) -> (artifact id: '12a9c8e4f373180fdd2d65851960470c') in 0.0150618 seconds
Number of updated asset objects reloaded before import = 0Number of asset objects unloaded after import = 8

========================================================================
Received Import Request.
  Time since last request: 0.000012 seconds.
  path: Assets/Asset/Cartoon Temple Building Kit/Fbx/Platforms Stairs Fences/Platforms With Fence/Platform Fence 1x7x7.fbx
  artifactKey: Guid(4e3026b9dfd331f46845e745c49aebe3) Importer(2089858483,d624ce77472d68a35037170ec1d2d27e)
Start importing Assets/Asset/Cartoon Temple Building Kit/Fbx/Platforms Stairs Fences/Platforms With Fence/Platform Fence 1x7x7.fbx using Guid(4e3026b9dfd331f46845e745c49aebe3) Importer(2089858483,d624ce77472d68a35037170ec1d2d27e) (ScriptedImporter) -> (artifact id: '45f252493c0e6877650b4c82ac69ee6a') in 0.0153341 seconds
Number of updated asset objects reloaded before import = 0Number of asset objects unloaded after import = 8

========================================================================
Received Import Request.
  Time since last request: 0.000016 seconds.
  path: Assets/Asset/Cartoon Temple Building Kit/Prefabs/Ground X Prefabs/Ground X Dark Prefabs/Ground X Dark 4x1.prefab
  artifactKey: Guid(ad611b7b7c957954298926a5159fc6fa) Importer(2089858483,d624ce77472d68a35037170ec1d2d27e)
Start importing Assets/Asset/Cartoon Temple Building Kit/Prefabs/Ground X Prefabs/Ground X Dark Prefabs/Ground X Dark 4x1.prefab using Guid(ad611b7b7c957954298926a5159fc6fa) Importer(2089858483,d624ce77472d68a35037170ec1d2d27e) (ScriptedImporter) -> (artifact id: '27d77b239cc3f5ae074129d635037f23') in 0.0107421 seconds
Number of updated asset objects reloaded before import = 0Number of asset objects unloaded after import = 8

========================================================================
Received Import Request.
  Time since last request: 0.000015 seconds.
  path: Assets/Asset/Cartoon Temple Building Kit/Prefabs/Ground X Prefabs/Ground X Bright Prefabs/Ground X Bright 8x8.prefab
  artifactKey: Guid(0107a43770ed3e043a98f20347fcf8ec) Importer(2089858483,d624ce77472d68a35037170ec1d2d27e)
Start importing Assets/Asset/Cartoon Temple Building Kit/Prefabs/Ground X Prefabs/Ground X Bright Prefabs/Ground X Bright 8x8.prefab using Guid(0107a43770ed3e043a98f20347fcf8ec) Importer(2089858483,d624ce77472d68a35037170ec1d2d27e) (ScriptedImporter) -> (artifact id: '22637e206d550bbc0a9b0122d178a462') in 0.007791 seconds
Number of updated asset objects reloaded before import = 0Number of asset objects unloaded after import = 8

========================================================================
Received Import Request.
  Time since last request: 0.000016 seconds.
  path: Assets/Asset/Cartoon Temple Building Kit/Prefabs/Ground X Prefabs/Ground X Mix Flat Prefabs/Ground X Mix Flat 1x4.prefab
  artifactKey: Guid(1f3365915b19a8f4594cb28a3ea29fae) Importer(2089858483,d624ce77472d68a35037170ec1d2d27e)
Start importing Assets/Asset/Cartoon Temple Building Kit/Prefabs/Ground X Prefabs/Ground X Mix Flat Prefabs/Ground X Mix Flat 1x4.prefab using Guid(1f3365915b19a8f4594cb28a3ea29fae) Importer(2089858483,d624ce77472d68a35037170ec1d2d27e) (ScriptedImporter) -> (artifact id: 'f39eda6525469da5ab3fa6c40e956f6b') in 0.0096403 seconds
Number of updated asset objects reloaded before import = 0Number of asset objects unloaded after import = 8

========================================================================
Received Import Request.
  Time since last request: 0.000015 seconds.
  path: Assets/Asset/Cartoon Temple Building Kit/Prefabs/Ground Path Prefabs/Ground Path Prefabs/Ground Path T.prefab
  artifactKey: Guid(1a8872f226bbcca4c88f54810a8de19d) Importer(2089858483,d624ce77472d68a35037170ec1d2d27e)
Start importing Assets/Asset/Cartoon Temple Building Kit/Prefabs/Ground Path Prefabs/Ground Path Prefabs/Ground Path T.prefab using Guid(1a8872f226bbcca4c88f54810a8de19d) Importer(2089858483,d624ce77472d68a35037170ec1d2d27e) (ScriptedImporter) -> (artifact id: '29a0f4b3b63eeace0b056b947ea37608') in 0.0088128 seconds
Number of updated asset objects reloaded before import = 0Number of asset objects unloaded after import = 8

========================================================================
Received Import Request.
  Time since last request: 0.000017 seconds.
  path: Assets/Asset/Cartoon Temple Building Kit/Prefabs/Ground + Prefabs/Ground + Mix Flat Prefabs/Ground + Mix 4x4 Flat.prefab
  artifactKey: Guid(3d9ca007354fad74bbe70fecf9fe9262) Importer(2089858483,d624ce77472d68a35037170ec1d2d27e)
Start importing Assets/Asset/Cartoon Temple Building Kit/Prefabs/Ground + Prefabs/Ground + Mix Flat Prefabs/Ground + Mix 4x4 Flat.prefab using Guid(3d9ca007354fad74bbe70fecf9fe9262) Importer(2089858483,d624ce77472d68a35037170ec1d2d27e) (ScriptedImporter) -> (artifact id: 'cf9b101a05729f1f2beb0183a9d3f57a') in 0.0102846 seconds
Number of updated asset objects reloaded before import = 0Number of asset objects unloaded after import = 8

========================================================================
Received Import Request.
  Time since last request: 0.000028 seconds.
  path: Assets/Asset/Cartoon Temple Building Kit/Prefabs/Ground X Prefabs/Ground X Mix Flat Prefabs/Ground X Mix Flat 4x4.prefab
  artifactKey: Guid(7fda38dd5144ef04fb6a249ac7461a72) Importer(2089858483,d624ce77472d68a35037170ec1d2d27e)
Start importing Assets/Asset/Cartoon Temple Building Kit/Prefabs/Ground X Prefabs/Ground X Mix Flat Prefabs/Ground X Mix Flat 4x4.prefab using Guid(7fda38dd5144ef04fb6a249ac7461a72) Importer(2089858483,d624ce77472d68a35037170ec1d2d27e) (ScriptedImporter) -> (artifact id: '6a706a3932557ba1af8f4cc15336edda') in 0.0096828 seconds
Number of updated asset objects reloaded before import = 0Number of asset objects unloaded after import = 8

========================================================================
Received Import Request.
  Time since last request: 0.000014 seconds.
  path: Assets/Asset/Cartoon Temple Building Kit/Prefabs/Ground X Prefabs/Ground X Dark Prefabs/Ground X Dark 4x8.prefab
  artifactKey: Guid(199c4ed3bd689a14fb97c07c28c8e6ff) Importer(2089858483,d624ce77472d68a35037170ec1d2d27e)
Start importing Assets/Asset/Cartoon Temple Building Kit/Prefabs/Ground X Prefabs/Ground X Dark Prefabs/Ground X Dark 4x8.prefab using Guid(199c4ed3bd689a14fb97c07c28c8e6ff) Importer(2089858483,d624ce77472d68a35037170ec1d2d27e) (ScriptedImporter) -> (artifact id: '086f30b94a387142dc2969567a620093') in 0.0111322 seconds
Number of updated asset objects reloaded before import = 0Number of asset objects unloaded after import = 8

========================================================================
Received Import Request.
  Time since last request: 0.000014 seconds.
  path: Assets/Asset/Cartoon Temple Building Kit/Prefabs/Ground X Prefabs/Ground X Mix Prefabs/Ground X Mix 2x8.prefab
  artifactKey: Guid(34978aadc0956b34aae66da50f6a5e17) Importer(2089858483,d624ce77472d68a35037170ec1d2d27e)
Start importing Assets/Asset/Cartoon Temple Building Kit/Prefabs/Ground X Prefabs/Ground X Mix Prefabs/Ground X Mix 2x8.prefab using Guid(34978aadc0956b34aae66da50f6a5e17) Importer(2089858483,d624ce77472d68a35037170ec1d2d27e) (ScriptedImporter) -> (artifact id: '48549a384019e92ba366800572c1336d') in 0.0092079 seconds
Number of updated asset objects reloaded before import = 0Number of asset objects unloaded after import = 8

========================================================================
Received Import Request.
  Time since last request: 0.000015 seconds.
  path: Assets/Asset/Cartoon Temple Building Kit/Prefabs/Ground X Prefabs/Ground X Dark Flat Prefabs/Ground X Dark Flat 1x2.prefab
  artifactKey: Guid(d6a4ab9deef11434595aa94a9fcef9ab) Importer(2089858483,d624ce77472d68a35037170ec1d2d27e)
Start importing Assets/Asset/Cartoon Temple Building Kit/Prefabs/Ground X Prefabs/Ground X Dark Flat Prefabs/Ground X Dark Flat 1x2.prefab using Guid(d6a4ab9deef11434595aa94a9fcef9ab) Importer(2089858483,d624ce77472d68a35037170ec1d2d27e) (ScriptedImporter) -> (artifact id: 'c2937036f59b719c87ad7f49266c05e3') in 0.0117422 seconds
Number of updated asset objects reloaded before import = 0Number of asset objects unloaded after import = 8

========================================================================
Received Import Request.
  Time since last request: 0.000014 seconds.
  path: Assets/Asset/Cartoon Temple Building Kit/Prefabs/Ground X Prefabs/Ground X Bright Prefabs/Ground X Bright 2x1.prefab
  artifactKey: Guid(e9a6761b13863364a83167313d33d891) Importer(2089858483,d624ce77472d68a35037170ec1d2d27e)
Start importing Assets/Asset/Cartoon Temple Building Kit/Prefabs/Ground X Prefabs/Ground X Bright Prefabs/Ground X Bright 2x1.prefab using Guid(e9a6761b13863364a83167313d33d891) Importer(2089858483,d624ce77472d68a35037170ec1d2d27e) (ScriptedImporter) -> (artifact id: '58f1ed859e4dc25d93e447d5c2d6ac23') in 0.0089919 seconds
Number of updated asset objects reloaded before import = 0Number of asset objects unloaded after import = 8

========================================================================
Received Import Request.
  Time since last request: 0.000013 seconds.
  path: Assets/Asset/Cartoon Temple Building Kit/Prefabs/Ground X Prefabs/Ground X Dark Prefabs/Ground X Dark 2x2.prefab
  artifactKey: Guid(a92e337cb24c9b84d8b17b3280863f81) Importer(2089858483,d624ce77472d68a35037170ec1d2d27e)
Start importing Assets/Asset/Cartoon Temple Building Kit/Prefabs/Ground X Prefabs/Ground X Dark Prefabs/Ground X Dark 2x2.prefab using Guid(a92e337cb24c9b84d8b17b3280863f81) Importer(2089858483,d624ce77472d68a35037170ec1d2d27e) (ScriptedImporter) -> (artifact id: '2065bb2e9de3318c5560ea787f15d32e') in 0.0078948 seconds
Number of updated asset objects reloaded before import = 0Number of asset objects unloaded after import = 8

========================================================================
Received Import Request.
  Time since last request: 0.000015 seconds.
  path: Assets/Asset/Cartoon Temple Building Kit/Prefabs/Ground X Prefabs/Ground X Bright Prefabs/Ground X Bright 2x8.prefab
  artifactKey: Guid(043fe490a05fcf749a800b92a021a01e) Importer(2089858483,d624ce77472d68a35037170ec1d2d27e)
Start importing Assets/Asset/Cartoon Temple Building Kit/Prefabs/Ground X Prefabs/Ground X Bright Prefabs/Ground X Bright 2x8.prefab using Guid(043fe490a05fcf749a800b92a021a01e) Importer(2089858483,d624ce77472d68a35037170ec1d2d27e) (ScriptedImporter) -> (artifact id: '8fa69a0c68cc12b51f3e2e61c7b4184f') in 0.0092156 seconds
Number of updated asset objects reloaded before import = 0Number of asset objects unloaded after import = 8

========================================================================
Received Import Request.
  Time since last request: 0.000017 seconds.
  path: Assets/Asset/Cartoon Temple Building Kit/Prefabs/Ground Path Prefabs/Ground Path Prefabs/Ground Path Crossing.prefab
  artifactKey: Guid(51b582f3200ef414ea0adb7a26c74324) Importer(2089858483,d624ce77472d68a35037170ec1d2d27e)
Start importing Assets/Asset/Cartoon Temple Building Kit/Prefabs/Ground Path Prefabs/Ground Path Prefabs/Ground Path Crossing.prefab using Guid(51b582f3200ef414ea0adb7a26c74324) Importer(2089858483,d624ce77472d68a35037170ec1d2d27e) (ScriptedImporter) -> (artifact id: '0f353d1019e8dccf5141c611b70e1c63') in 0.0106286 seconds
Number of updated asset objects reloaded before import = 0Number of asset objects unloaded after import = 8

========================================================================
Received Import Request.
  Time since last request: 0.000013 seconds.
  path: Assets/Asset/Cartoon Temple Building Kit/Prefabs/Ground X Prefabs/Ground X Bright Prefabs/Ground X Bright 4x8.prefab
  artifactKey: Guid(8ffdfab48bca7f449af83d562ffbf4c7) Importer(2089858483,d624ce77472d68a35037170ec1d2d27e)
Start importing Assets/Asset/Cartoon Temple Building Kit/Prefabs/Ground X Prefabs/Ground X Bright Prefabs/Ground X Bright 4x8.prefab using Guid(8ffdfab48bca7f449af83d562ffbf4c7) Importer(2089858483,d624ce77472d68a35037170ec1d2d27e) (ScriptedImporter) -> (artifact id: '7c0b2df105120fecb1fe97922c461459') in 0.0094713 seconds
Number of updated asset objects reloaded before import = 0Number of asset objects unloaded after import = 8

========================================================================
Received Import Request.
  Time since last request: 0.000013 seconds.
  path: Assets/Asset/Cartoon Temple Building Kit/Prefabs/Ground X Prefabs/Ground X Mix Flat Prefabs/Ground X Mix Flat 1x8.prefab
  artifactKey: Guid(bd2201a137187d24dab8833058dc50b0) Importer(2089858483,d624ce77472d68a35037170ec1d2d27e)
Start importing Assets/Asset/Cartoon Temple Building Kit/Prefabs/Ground X Prefabs/Ground X Mix Flat Prefabs/Ground X Mix Flat 1x8.prefab using Guid(bd2201a137187d24dab8833058dc50b0) Importer(2089858483,d624ce77472d68a35037170ec1d2d27e) (ScriptedImporter) -> (artifact id: 'ab9be8da006e231a3cee0b2ec7625392') in 0.0097983 seconds
Number of updated asset objects reloaded before import = 0Number of asset objects unloaded after import = 8

========================================================================
Received Import Request.
  Time since last request: 0.000013 seconds.
  path: Assets/Asset/Cartoon Temple Building Kit/Prefabs/Ground + Prefabs/Ground + Dark Flat Prefabs/Ground + Dark 4x4 Flat.prefab
  artifactKey: Guid(4cfaf0f7b168ecb4b990e333b6f31149) Importer(2089858483,d624ce77472d68a35037170ec1d2d27e)
Start importing Assets/Asset/Cartoon Temple Building Kit/Prefabs/Ground + Prefabs/Ground + Dark Flat Prefabs/Ground + Dark 4x4 Flat.prefab using Guid(4cfaf0f7b168ecb4b990e333b6f31149) Importer(2089858483,d624ce77472d68a35037170ec1d2d27e) (ScriptedImporter) -> (artifact id: '5ffa6af41fb7cc8d07008d2f640587bc') in 0.0119991 seconds
Number of updated asset objects reloaded before import = 0Number of asset objects unloaded after import = 8

========================================================================
Received Import Request.
  Time since last request: 0.000013 seconds.
  path: Assets/Asset/Cartoon Temple Building Kit/Prefabs/Ground + Prefabs/Ground + Dark Prefabs/Ground + Dark 2x4.prefab
  artifactKey: Guid(becc750e15dbcbd4dbdab5e19a13c587) Importer(2089858483,d624ce77472d68a35037170ec1d2d27e)
Start importing Assets/Asset/Cartoon Temple Building Kit/Prefabs/Ground + Prefabs/Ground + Dark Prefabs/Ground + Dark 2x4.prefab using Guid(becc750e15dbcbd4dbdab5e19a13c587) Importer(2089858483,d624ce77472d68a35037170ec1d2d27e) (ScriptedImporter) -> (artifact id: '45c14c0067e7dc85749d064fad5b27ba') in 0.0085432 seconds
Number of updated asset objects reloaded before import = 0Number of asset objects unloaded after import = 8

========================================================================
Received Import Request.
  Time since last request: 0.000012 seconds.
  path: Assets/Asset/Cartoon Temple Building Kit/Prefabs/Ground + Prefabs/Ground + Mix Prefabs/Ground + Mix 1x4.prefab
  artifactKey: Guid(31ab354c7eff1a7448cd1145ebdd3d1e) Importer(2089858483,d624ce77472d68a35037170ec1d2d27e)
Start importing Assets/Asset/Cartoon Temple Building Kit/Prefabs/Ground + Prefabs/Ground + Mix Prefabs/Ground + Mix 1x4.prefab using Guid(31ab354c7eff1a7448cd1145ebdd3d1e) Importer(2089858483,d624ce77472d68a35037170ec1d2d27e) (ScriptedImporter) -> (artifact id: 'a20dd42ba4fc10733d6cad9ce18b8556') in 0.0113447 seconds
Number of updated asset objects reloaded before import = 0Number of asset objects unloaded after import = 8

========================================================================
Received Import Request.
  Time since last request: 0.000017 seconds.
  path: Assets/Asset/Cartoon Temple Building Kit/Prefabs/Ground Path Prefabs/Ground Path Prefabs/Ground Path One.prefab
  artifactKey: Guid(607314d96864be34ab86da1f60d6a2df) Importer(2089858483,d624ce77472d68a35037170ec1d2d27e)
Start importing Assets/Asset/Cartoon Temple Building Kit/Prefabs/Ground Path Prefabs/Ground Path Prefabs/Ground Path One.prefab using Guid(607314d96864be34ab86da1f60d6a2df) Importer(2089858483,d624ce77472d68a35037170ec1d2d27e) (ScriptedImporter) -> (artifact id: 'c39b3434c7a4914219a773d423beddd1') in 0.0105047 seconds
Number of updated asset objects reloaded before import = 0Number of asset objects unloaded after import = 8

========================================================================
Received Import Request.
  Time since last request: 0.000017 seconds.
  path: Assets/Asset/Cartoon Temple Building Kit/Prefabs/Ground + Prefabs/Ground + Mix Prefabs/Ground + Mix 1x2.prefab
  artifactKey: Guid(aaf871e877ba8ba47bac881ec578ad87) Importer(2089858483,d624ce77472d68a35037170ec1d2d27e)
Start importing Assets/Asset/Cartoon Temple Building Kit/Prefabs/Ground + Prefabs/Ground + Mix Prefabs/Ground + Mix 1x2.prefab using Guid(aaf871e877ba8ba47bac881ec578ad87) Importer(2089858483,d624ce77472d68a35037170ec1d2d27e) (ScriptedImporter) -> (artifact id: '5903c7c76a487cab5db75f0178a665d6') in 0.0097296 seconds
Number of updated asset objects reloaded before import = 0Number of asset objects unloaded after import = 8

========================================================================
Received Import Request.
  Time since last request: 0.000015 seconds.
  path: Assets/Asset/Cartoon Temple Building Kit/Prefabs/Platforms Stairs Fences Prefabs/Fences Prefabs/Fence 4 Dark.prefab
  artifactKey: Guid(93ca6f6fb03c06240842b5705b0a1a10) Importer(2089858483,d624ce77472d68a35037170ec1d2d27e)
Start importing Assets/Asset/Cartoon Temple Building Kit/Prefabs/Platforms Stairs Fences Prefabs/Fences Prefabs/Fence 4 Dark.prefab using Guid(93ca6f6fb03c06240842b5705b0a1a10) Importer(2089858483,d624ce77472d68a35037170ec1d2d27e) (ScriptedImporter) -> (artifact id: '62838d89b854c1bf135da309cfd826fb') in 0.010081 seconds
Number of updated asset objects reloaded before import = 0Number of asset objects unloaded after import = 8

========================================================================
Received Import Request.
  Time since last request: 0.000013 seconds.
  path: Assets/Asset/Cartoon Temple Building Kit/Prefabs/Ground + Prefabs/Ground + Mix Flat Prefabs/Ground + Mix 8x1 Flat.prefab
  artifactKey: Guid(f9a81da4910e3d34182f637a45911350) Importer(2089858483,d624ce77472d68a35037170ec1d2d27e)
Start importing Assets/Asset/Cartoon Temple Building Kit/Prefabs/Ground + Prefabs/Ground + Mix Flat Prefabs/Ground + Mix 8x1 Flat.prefab using Guid(f9a81da4910e3d34182f637a45911350) Importer(2089858483,d624ce77472d68a35037170ec1d2d27e) (ScriptedImporter) -> (artifact id: 'd058202bb4d9c4bf25bb47db97fa132d') in 0.0087944 seconds
Number of updated asset objects reloaded before import = 0Number of asset objects unloaded after import = 8

========================================================================
Received Import Request.
  Time since last request: 0.000013 seconds.
  path: Assets/Asset/Cartoon Temple Building Kit/Prefabs/Ground + Prefabs/Ground + Mix Prefabs/Ground + Mix 2x2.prefab
  artifactKey: Guid(70720827e55bc7c4385fa04570f60b17) Importer(2089858483,d624ce77472d68a35037170ec1d2d27e)
Start importing Assets/Asset/Cartoon Temple Building Kit/Prefabs/Ground + Prefabs/Ground + Mix Prefabs/Ground + Mix 2x2.prefab using Guid(70720827e55bc7c4385fa04570f60b17) Importer(2089858483,d624ce77472d68a35037170ec1d2d27e) (ScriptedImporter) -> (artifact id: 'f09666ea84bda739c5948e7876d9a606') in 0.0111988 seconds
Number of updated asset objects reloaded before import = 0Number of asset objects unloaded after import = 8

========================================================================
Received Import Request.
  Time since last request: 0.000015 seconds.
  path: Assets/Asset/Cartoon Temple Building Kit/Prefabs/Ground X Prefabs/Ground X Mix Flat Prefabs/Ground X Mix Flat 2x8.prefab
  artifactKey: Guid(054ed38ce5b8bad49a62b7502c6bb800) Importer(2089858483,d624ce77472d68a35037170ec1d2d27e)
Start importing Assets/Asset/Cartoon Temple Building Kit/Prefabs/Ground X Prefabs/Ground X Mix Flat Prefabs/Ground X Mix Flat 2x8.prefab using Guid(054ed38ce5b8bad49a62b7502c6bb800) Importer(2089858483,d624ce77472d68a35037170ec1d2d27e) (ScriptedImporter) -> (artifact id: 'c200c1f72d6013479b39644e518c95ee') in 0.007941 seconds
Number of updated asset objects reloaded before import = 0Number of asset objects unloaded after import = 8

========================================================================
Received Import Request.
  Time since last request: 0.000015 seconds.
  path: Assets/Asset/Cartoon Temple Building Kit/Prefabs/Ground + Prefabs/Ground + Dark Flat Prefabs/Ground + Dark 2x8 Flat.prefab
  artifactKey: Guid(d5770ddb53d30c44eb815a2b91c27bb8) Importer(2089858483,d624ce77472d68a35037170ec1d2d27e)
Start importing Assets/Asset/Cartoon Temple Building Kit/Prefabs/Ground + Prefabs/Ground + Dark Flat Prefabs/Ground + Dark 2x8 Flat.prefab using Guid(d5770ddb53d30c44eb815a2b91c27bb8) Importer(2089858483,d624ce77472d68a35037170ec1d2d27e) (ScriptedImporter) -> (artifact id: '2c70cab966aa81c4b1ba8c580bdff122') in 0.0098069 seconds
Number of updated asset objects reloaded before import = 0Number of asset objects unloaded after import = 8

========================================================================
Received Import Request.
  Time since last request: 0.000015 seconds.
  path: Assets/Asset/Cartoon Temple Building Kit/Prefabs/Ground X Prefabs/Ground X Dark Prefabs/Ground X Dark 1x2.prefab
  artifactKey: Guid(8db0189ab8753cf42b488b4487201f51) Importer(2089858483,d624ce77472d68a35037170ec1d2d27e)
Start importing Assets/Asset/Cartoon Temple Building Kit/Prefabs/Ground X Prefabs/Ground X Dark Prefabs/Ground X Dark 1x2.prefab using Guid(8db0189ab8753cf42b488b4487201f51) Importer(2089858483,d624ce77472d68a35037170ec1d2d27e) (ScriptedImporter) -> (artifact id: '0817362b21a18be617a0e1d7f99d58d4') in 0.0076148 seconds
Number of updated asset objects reloaded before import = 0Number of asset objects unloaded after import = 8

========================================================================
Received Import Request.
  Time since last request: 0.000021 seconds.
  path: Assets/Asset/Cartoon Temple Building Kit/Prefabs/Ground + Prefabs/Ground + Mix Prefabs/Ground + Mix 4x4.prefab
  artifactKey: Guid(d0b7208907c12d0488e2066b68fb39bc) Importer(2089858483,d624ce77472d68a35037170ec1d2d27e)
Start importing Assets/Asset/Cartoon Temple Building Kit/Prefabs/Ground + Prefabs/Ground + Mix Prefabs/Ground + Mix 4x4.prefab using Guid(d0b7208907c12d0488e2066b68fb39bc) Importer(2089858483,d624ce77472d68a35037170ec1d2d27e) (ScriptedImporter) -> (artifact id: 'e3489bda620517b28cd8faf597872f8d') in 0.0089625 seconds
Number of updated asset objects reloaded before import = 0Number of asset objects unloaded after import = 8

========================================================================
Received Import Request.
  Time since last request: 0.000013 seconds.
  path: Assets/Asset/Cartoon Temple Building Kit/Prefabs/Ground + Prefabs/Ground + Dark Flat Prefabs/Ground + Dark 1x4 Flat.prefab
  artifactKey: Guid(995477b4ea39ed740ab4c0ab8b831cfe) Importer(2089858483,d624ce77472d68a35037170ec1d2d27e)
Start importing Assets/Asset/Cartoon Temple Building Kit/Prefabs/Ground + Prefabs/Ground + Dark Flat Prefabs/Ground + Dark 1x4 Flat.prefab using Guid(995477b4ea39ed740ab4c0ab8b831cfe) Importer(2089858483,d624ce77472d68a35037170ec1d2d27e) (ScriptedImporter) -> (artifact id: '1572458f23ad8410cbcf071e9a97fc91') in 0.0122784 seconds
Number of updated asset objects reloaded before import = 0Number of asset objects unloaded after import = 8

========================================================================
Received Import Request.
  Time since last request: 0.000016 seconds.
  path: Assets/Asset/Cartoon Temple Building Kit/Prefabs/Ground X Prefabs/Ground X Mix Prefabs/Ground X Mix 2x4.prefab
  artifactKey: Guid(2b52bff821f7e624a8810f962c05f816) Importer(2089858483,d624ce77472d68a35037170ec1d2d27e)
Start importing Assets/Asset/Cartoon Temple Building Kit/Prefabs/Ground X Prefabs/Ground X Mix Prefabs/Ground X Mix 2x4.prefab using Guid(2b52bff821f7e624a8810f962c05f816) Importer(2089858483,d624ce77472d68a35037170ec1d2d27e) (ScriptedImporter) -> (artifact id: 'f7bec467ac17942ee9ca24a83b4782ea') in 0.0145748 seconds
Number of updated asset objects reloaded before import = 0Number of asset objects unloaded after import = 8

========================================================================
Received Import Request.
  Time since last request: 0.000016 seconds.
  path: Assets/Asset/Cartoon Temple Building Kit/Prefabs/Decorative Prefabs/FloorBlocks Corners Walls Prefabs/Block Ruin Wall 5.prefab
  artifactKey: Guid(a3b461baf4f56ba4f8a798c0a6f29980) Importer(2089858483,d624ce77472d68a35037170ec1d2d27e)
Start importing Assets/Asset/Cartoon Temple Building Kit/Prefabs/Decorative Prefabs/FloorBlocks Corners Walls Prefabs/Block Ruin Wall 5.prefab using Guid(a3b461baf4f56ba4f8a798c0a6f29980) Importer(2089858483,d624ce77472d68a35037170ec1d2d27e) (ScriptedImporter) -> (artifact id: 'e58c282934cfe88c5999198c580ef2c5') in 0.011651 seconds
Number of updated asset objects reloaded before import = 0Number of asset objects unloaded after import = 8

========================================================================
Received Import Request.
  Time since last request: 0.000015 seconds.
  path: Assets/Asset/Simple UI/Simple Vector Icons/128px/UI_Icon_Delete.png
  artifactKey: Guid(00678b7991dee44a89338a6354a42372) Importer(2089858483,d624ce77472d68a35037170ec1d2d27e)
Start importing Assets/Asset/Simple UI/Simple Vector Icons/128px/UI_Icon_Delete.png using Guid(00678b7991dee44a89338a6354a42372) Importer(2089858483,d624ce77472d68a35037170ec1d2d27e) (ScriptedImporter) -> (artifact id: '40658e82b708809a5f1b7b7704f56691') in 0.0137856 seconds
Number of updated asset objects reloaded before import = 0Number of asset objects unloaded after import = 3

========================================================================
Received Import Request.
  Time since last request: 0.000016 seconds.
  path: Assets/Asset/Cartoon Temple Building Kit/Fbx/Platforms Stairs Fences/Platforms/Platform 2x9x13.fbx
  artifactKey: Guid(00ad933d544a1fb4183aefd75eff2fa8) Importer(2089858483,d624ce77472d68a35037170ec1d2d27e)
Start importing Assets/Asset/Cartoon Temple Building Kit/Fbx/Platforms Stairs Fences/Platforms/Platform 2x9x13.fbx using Guid(00ad933d544a1fb4183aefd75eff2fa8) Importer(2089858483,d624ce77472d68a35037170ec1d2d27e) (ScriptedImporter) -> (artifact id: '6fdee15cf45bab7e7d95d42f5d62e4a0') in 0.0183136 seconds
Number of updated asset objects reloaded before import = 0Number of asset objects unloaded after import = 8

========================================================================
Received Import Request.
  Time since last request: 0.000016 seconds.
  path: Assets/Asset/Standard Assets/Editor/CrossPlatformInput/CrossPlatformInputInitialize.cs
  artifactKey: Guid(db7667203062c644ea1877077e30ebd6) Importer(2089858483,d624ce77472d68a35037170ec1d2d27e)
Start importing Assets/Asset/Standard Assets/Editor/CrossPlatformInput/CrossPlatformInputInitialize.cs using Guid(db7667203062c644ea1877077e30ebd6) Importer(2089858483,d624ce77472d68a35037170ec1d2d27e) (ScriptedImporter) -> (artifact id: 'ff8c720d3c08cec086413d0cce560c86') in 0.0046446 seconds
Number of updated asset objects reloaded before import = 0Number of asset objects unloaded after import = 0

========================================================================
Received Import Request.
  Time since last request: 0.000076 seconds.
  path: Assets/Asset/Cartoon Temple Building Kit/Prefabs/Decorative Prefabs/FloorBlocks Corners Walls Prefabs/Block Ruin Wall 1.prefab
  artifactKey: Guid(d98c8a68f8a40ba4ea6133302529ede3) Importer(2089858483,d624ce77472d68a35037170ec1d2d27e)
Start importing Assets/Asset/Cartoon Temple Building Kit/Prefabs/Decorative Prefabs/FloorBlocks Corners Walls Prefabs/Block Ruin Wall 1.prefab using Guid(d98c8a68f8a40ba4ea6133302529ede3) Importer(2089858483,d624ce77472d68a35037170ec1d2d27e) (ScriptedImporter) -> (artifact id: 'e8b1d60079f32659a023a3c7f0bf7b48') in 0.0085614 seconds
Number of updated asset objects reloaded before import = 0Number of asset objects unloaded after import = 8

========================================================================
Received Import Request.
  Time since last request: 0.000018 seconds.
  path: Assets/Asset/Cartoon Temple Building Kit/Prefabs/Decorative Prefabs/Vegetation Prefabs/Plant 4.prefab
  artifactKey: Guid(783703c53b9cbc74f8fec9a8e1a8c997) Importer(2089858483,d624ce77472d68a35037170ec1d2d27e)
Start importing Assets/Asset/Cartoon Temple Building Kit/Prefabs/Decorative Prefabs/Vegetation Prefabs/Plant 4.prefab using Guid(783703c53b9cbc74f8fec9a8e1a8c997) Importer(2089858483,d624ce77472d68a35037170ec1d2d27e) (ScriptedImporter) -> (artifact id: '5fb8b6cd45bd99279516f2c66a843cbc') in 0.0082065 seconds
Number of updated asset objects reloaded before import = 0Number of asset objects unloaded after import = 8

========================================================================
Received Import Request.
  Time since last request: 0.000013 seconds.
  path: Assets/Asset/Cartoon Temple Building Kit/Prefabs/Ground X Prefabs/Ground X Dark Prefabs/Ground X Dark 1x8.prefab
  artifactKey: Guid(2b2dc0146e4594041adef0c0735f0a5b) Importer(2089858483,d624ce77472d68a35037170ec1d2d27e)
Start importing Assets/Asset/Cartoon Temple Building Kit/Prefabs/Ground X Prefabs/Ground X Dark Prefabs/Ground X Dark 1x8.prefab using Guid(2b2dc0146e4594041adef0c0735f0a5b) Importer(2089858483,d624ce77472d68a35037170ec1d2d27e) (ScriptedImporter) -> (artifact id: 'f74bbe9d7557f87cfc8c65be1bc0b95f') in 0.0111242 seconds
Number of updated asset objects reloaded before import = 0Number of asset objects unloaded after import = 8

========================================================================
Received Import Request.
  Time since last request: 0.000013 seconds.
  path: Assets/Asset/Cartoon Temple Building Kit/Fbx/Ground X/Ground X Dark Flat/Ground X Dark Flat 2x4.fbx
  artifactKey: Guid(9ae5693c16c85bf4983ab9be706431f3) Importer(2089858483,d624ce77472d68a35037170ec1d2d27e)
Start importing Assets/Asset/Cartoon Temple Building Kit/Fbx/Ground X/Ground X Dark Flat/Ground X Dark Flat 2x4.fbx using Guid(9ae5693c16c85bf4983ab9be706431f3) Importer(2089858483,d624ce77472d68a35037170ec1d2d27e) (ScriptedImporter) -> (artifact id: '43f6ca03fb1e56ff3536e66ffc2cb86f') in 0.01515 seconds
Number of updated asset objects reloaded before import = 0Number of asset objects unloaded after import = 8

========================================================================
Received Import Request.
  Time since last request: 0.000014 seconds.
  path: Assets/Asset/Cartoon Temple Building Kit/Fbx/Ground X/Ground X Dark Flat/Ground X Dark Flat 4x8.fbx
  artifactKey: Guid(bf2132aa5e4d29449b302cb175cd4a84) Importer(2089858483,d624ce77472d68a35037170ec1d2d27e)
Start importing Assets/Asset/Cartoon Temple Building Kit/Fbx/Ground X/Ground X Dark Flat/Ground X Dark Flat 4x8.fbx using Guid(bf2132aa5e4d29449b302cb175cd4a84) Importer(2089858483,d624ce77472d68a35037170ec1d2d27e) (ScriptedImporter) -> (artifact id: '57739ea289bd2b8ae8c9513640aaa5ab') in 0.0179992 seconds
Number of updated asset objects reloaded before import = 0Number of asset objects unloaded after import = 8

========================================================================
Received Import Request.
  Time since last request: 0.000013 seconds.
  path: Assets/Asset/Cartoon Temple Building Kit/Prefabs/Ground + Prefabs/Ground + Bright Prefabs/Ground + Bright 2x8.prefab
  artifactKey: Guid(f91b819bf11bbc1499d1229c6a8551b8) Importer(2089858483,d624ce77472d68a35037170ec1d2d27e)
Start importing Assets/Asset/Cartoon Temple Building Kit/Prefabs/Ground + Prefabs/Ground + Bright Prefabs/Ground + Bright 2x8.prefab using Guid(f91b819bf11bbc1499d1229c6a8551b8) Importer(2089858483,d624ce77472d68a35037170ec1d2d27e) (ScriptedImporter) -> (artifact id: '0f9cc43d19006a7779292021aace20fc') in 0.0094789 seconds
Number of updated asset objects reloaded before import = 0Number of asset objects unloaded after import = 8

========================================================================
Received Import Request.
  Time since last request: 0.000012 seconds.
  path: Assets/Asset/Cartoon Temple Building Kit/Prefabs/Decorative Prefabs/Idol/Idol 3.prefab
  artifactKey: Guid(413723dc9de2db24e8aa2da0f3995771) Importer(2089858483,d624ce77472d68a35037170ec1d2d27e)
Start importing Assets/Asset/Cartoon Temple Building Kit/Prefabs/Decorative Prefabs/Idol/Idol 3.prefab using Guid(413723dc9de2db24e8aa2da0f3995771) Importer(2089858483,d624ce77472d68a35037170ec1d2d27e) (ScriptedImporter) -> (artifact id: '8acfdaa229e34b71c948ca2667a10ec2') in 0.0088437 seconds
Number of updated asset objects reloaded before import = 0Number of asset objects unloaded after import = 8

========================================================================
Received Import Request.
  Time since last request: 0.000016 seconds.
  path: Assets/Asset/Simple UI/Simple Vector Icons/128px/UI_Icon_List.png
  artifactKey: Guid(18ff5b5bf82bf42e6a2a4e5cf19d458e) Importer(2089858483,d624ce77472d68a35037170ec1d2d27e)
Start importing Assets/Asset/Simple UI/Simple Vector Icons/128px/UI_Icon_List.png using Guid(18ff5b5bf82bf42e6a2a4e5cf19d458e) Importer(2089858483,d624ce77472d68a35037170ec1d2d27e) (ScriptedImporter) -> (artifact id: '118cefebfcf2b8c43b542cba426c53f1') in 0.0151521 seconds
Number of updated asset objects reloaded before import = 0Number of asset objects unloaded after import = 3

========================================================================
Received Import Request.
  Time since last request: 0.000013 seconds.
  path: Assets/Asset/Cartoon Temple Building Kit/Prefabs/Ground + Prefabs/Ground + Mix Prefabs/Ground + Mix 8x8.prefab
  artifactKey: Guid(789c66d21a2b0e44a8aec2dc4b18cf03) Importer(2089858483,d624ce77472d68a35037170ec1d2d27e)
Start importing Assets/Asset/Cartoon Temple Building Kit/Prefabs/Ground + Prefabs/Ground + Mix Prefabs/Ground + Mix 8x8.prefab using Guid(789c66d21a2b0e44a8aec2dc4b18cf03) Importer(2089858483,d624ce77472d68a35037170ec1d2d27e) (ScriptedImporter) -> (artifact id: 'd0efd36b89e6fbb938b78f7e97b0afc1') in 0.0074916 seconds
Number of updated asset objects reloaded before import = 0Number of asset objects unloaded after import = 8

========================================================================
Received Import Request.
  Time since last request: 0.000012 seconds.
  path: Assets/Asset/Standard Assets/CrossPlatformInput/Sprites/ButtonThumbstickUpSprite.png
  artifactKey: Guid(9866a92691696b346901281f2b329034) Importer(2089858483,d624ce77472d68a35037170ec1d2d27e)
Start importing Assets/Asset/Standard Assets/CrossPlatformInput/Sprites/ButtonThumbstickUpSprite.png using Guid(9866a92691696b346901281f2b329034) Importer(2089858483,d624ce77472d68a35037170ec1d2d27e) (ScriptedImporter) -> (artifact id: '02ee5134663552b756c894efd00a4100') in 0.0154365 seconds
Number of updated asset objects reloaded before import = 0Number of asset objects unloaded after import = 3

========================================================================
Received Import Request.
  Time since last request: 0.000014 seconds.
  path: Assets/Asset/Cartoon Temple Building Kit/Fbx/Ground X/Ground X Bright/Ground X Bright 4x4.fbx
  artifactKey: Guid(909c3082c3c78374ab3034311da24f02) Importer(2089858483,d624ce77472d68a35037170ec1d2d27e)
Start importing Assets/Asset/Cartoon Temple Building Kit/Fbx/Ground X/Ground X Bright/Ground X Bright 4x4.fbx using Guid(909c3082c3c78374ab3034311da24f02) Importer(2089858483,d624ce77472d68a35037170ec1d2d27e) (ScriptedImporter) -> (artifact id: 'b648116c9a2d96324858144049235175') in 0.0166705 seconds
Number of updated asset objects reloaded before import = 0Number of asset objects unloaded after import = 8

========================================================================
Received Import Request.
  Time since last request: 0.000024 seconds.
  path: Assets/Asset/Cartoon Temple Building Kit/Prefabs/Platforms Stairs Fences Prefabs/Platforms Prefabs/Platform 1x7x7.prefab
  artifactKey: Guid(53132b79196544748a3dff11adbe5a7f) Importer(2089858483,d624ce77472d68a35037170ec1d2d27e)
Start importing Assets/Asset/Cartoon Temple Building Kit/Prefabs/Platforms Stairs Fences Prefabs/Platforms Prefabs/Platform 1x7x7.prefab using Guid(53132b79196544748a3dff11adbe5a7f) Importer(2089858483,d624ce77472d68a35037170ec1d2d27e) (ScriptedImporter) -> (artifact id: '91792ceaca248228385673a1c3818bd4') in 0.0092043 seconds
Number of updated asset objects reloaded before import = 0Number of asset objects unloaded after import = 8

========================================================================
Received Import Request.
  Time since last request: 0.000013 seconds.
  path: Assets/Asset/Pipes/Pipes/Materials/Textures/Pipes-2_DefaultMaterial_AlbedoTransparency.png
  artifactKey: Guid(dfbff769809793d458a424518ac2a844) Importer(2089858483,d624ce77472d68a35037170ec1d2d27e)
Start importing Assets/Asset/Pipes/Pipes/Materials/Textures/Pipes-2_DefaultMaterial_AlbedoTransparency.png using Guid(dfbff769809793d458a424518ac2a844) Importer(2089858483,d624ce77472d68a35037170ec1d2d27e) (ScriptedImporter) -> (artifact id: 'b60365e10d52731db80b69c5e1f82c43') in 0.0127011 seconds
Number of updated asset objects reloaded before import = 0Number of asset objects unloaded after import = 1

========================================================================
Received Import Request.
  Time since last request: 0.000014 seconds.
  path: Assets/GoogleMobileAds/Editor/Resources/PlaceholderAds/AdImages/320x50.png
  artifactKey: Guid(5a6531d4c9c484d679a2d6f9e6fefed5) Importer(2089858483,d624ce77472d68a35037170ec1d2d27e)
Start importing Assets/GoogleMobileAds/Editor/Resources/PlaceholderAds/AdImages/320x50.png using Guid(5a6531d4c9c484d679a2d6f9e6fefed5) Importer(2089858483,d624ce77472d68a35037170ec1d2d27e) (ScriptedImporter) -> (artifact id: '7626fb0bc28bf1781fc98948302387c8') in 0.0134608 seconds
Number of updated asset objects reloaded before import = 0Number of asset objects unloaded after import = 3

========================================================================
Received Import Request.
  Time since last request: 0.000012 seconds.
  path: Assets/GoogleMobileAds/Editor/Resources/PlaceholderAds/Banners/MEDIUM_RECTANGLE.prefab
  artifactKey: Guid(da3156337d5ca4d529cf72f8b467823b) Importer(2089858483,d624ce77472d68a35037170ec1d2d27e)
Start importing Assets/GoogleMobileAds/Editor/Resources/PlaceholderAds/Banners/MEDIUM_RECTANGLE.prefab using Guid(da3156337d5ca4d529cf72f8b467823b) Importer(2089858483,d624ce77472d68a35037170ec1d2d27e) (ScriptedImporter) -> (artifact id: 'e8efdbc652d4e0ee4d00b7e03146ed11') in 0.0115627 seconds
Number of updated asset objects reloaded before import = 0Number of asset objects unloaded after import = 13

========================================================================
Received Import Request.
  Time since last request: 0.000013 seconds.
  path: Assets/GoogleMobileAds/Editor/Resources/PlaceholderAds/AdImages/480x320.png
  artifactKey: Guid(d30303c99ba3f4b9b9924da34e6d742d) Importer(2089858483,d624ce77472d68a35037170ec1d2d27e)
Start importing Assets/GoogleMobileAds/Editor/Resources/PlaceholderAds/AdImages/480x320.png using Guid(d30303c99ba3f4b9b9924da34e6d742d) Importer(2089858483,d624ce77472d68a35037170ec1d2d27e) (ScriptedImporter) -> (artifact id: 'b0a69b5aaea15edbfa3befa65386eba4') in 0.0136138 seconds
Number of updated asset objects reloaded before import = 0Number of asset objects unloaded after import = 3

========================================================================
Received Import Request.
  Time since last request: 0.000014 seconds.
  path: Assets/Asset/FarlandSkies/Skyboxes/CloudyCrown_02_Evening/Textures/CloudyCrown_Evening_Back.png
  artifactKey: Guid(87bee338d047997489ce40bc10f18466) Importer(2089858483,d624ce77472d68a35037170ec1d2d27e)
Start importing Assets/Asset/FarlandSkies/Skyboxes/CloudyCrown_02_Evening/Textures/CloudyCrown_Evening_Back.png using Guid(87bee338d047997489ce40bc10f18466) Importer(2089858483,d624ce77472d68a35037170ec1d2d27e) (ScriptedImporter) -> (artifact id: 'ba9f30b3e494aee517dd7b1eaabca2a1') in 0.0115733 seconds
Number of updated asset objects reloaded before import = 0Number of asset objects unloaded after import = 1

========================================================================
Received Import Request.
  Time since last request: 0.000031 seconds.
  path: Assets/Asset/Standard Assets/Characters/RollerBall/Materials/Turkuaz.mat
  artifactKey: Guid(45fb92cda0ee38b4e8819d2bd01aa087) Importer(2089858483,d624ce77472d68a35037170ec1d2d27e)
Start importing Assets/Asset/Standard Assets/Characters/RollerBall/Materials/Turkuaz.mat using Guid(45fb92cda0ee38b4e8819d2bd01aa087) Importer(2089858483,d624ce77472d68a35037170ec1d2d27e) (ScriptedImporter) -> (artifact id: 'cdb2bd7ad2d829e505de0d013c2f413c') in 0.0043622 seconds
Number of updated asset objects reloaded before import = 0Number of asset objects unloaded after import = 1

========================================================================
Received Import Request.
  Time since last request: 0.000025 seconds.
  path: Assets/GoogleMobileAds/Editor/Resources/PlaceholderAds/AppOpen/768x1024.prefab
  artifactKey: Guid(7d86e5c9e525f4fadbbea7ee54246b94) Importer(2089858483,d624ce77472d68a35037170ec1d2d27e)
Start importing Assets/GoogleMobileAds/Editor/Resources/PlaceholderAds/AppOpen/768x1024.prefab using Guid(7d86e5c9e525f4fadbbea7ee54246b94) Importer(2089858483,d624ce77472d68a35037170ec1d2d27e) (ScriptedImporter) -> (artifact id: '3f19637dd052b89d5da043699c80a72a') in 0.0124759 seconds
Number of updated asset objects reloaded before import = 0Number of asset objects unloaded after import = 26

========================================================================
Received Import Request.
  Time since last request: 0.000013 seconds.
  path: Assets/Asset/Cartoon Temple Building Kit/Prefabs/Platforms Stairs Fences Prefabs/Stairs Prefabs/Stairs 7.prefab
  artifactKey: Guid(c952c76ccd6103a4595f66ad13a632d7) Importer(2089858483,d624ce77472d68a35037170ec1d2d27e)
Start importing Assets/Asset/Cartoon Temple Building Kit/Prefabs/Platforms Stairs Fences Prefabs/Stairs Prefabs/Stairs 7.prefab using Guid(c952c76ccd6103a4595f66ad13a632d7) Importer(2089858483,d624ce77472d68a35037170ec1d2d27e) (ScriptedImporter) -> (artifact id: '0e6f2caf96c80d886d38096a58f2706c') in 0.0111592 seconds
Number of updated asset objects reloaded before import = 0Number of asset objects unloaded after import = 8

========================================================================
Received Import Request.
  Time since last request: 0.000013 seconds.
  path: Assets/Asset/Cartoon Temple Building Kit/Fbx/Decorative/Idol/Materials/Cartoon Temple Builder Kit.mat
  artifactKey: Guid(56024f6fab550224d9e8c8da23257d12) Importer(2089858483,d624ce77472d68a35037170ec1d2d27e)
Start importing Assets/Asset/Cartoon Temple Building Kit/Fbx/Decorative/Idol/Materials/Cartoon Temple Builder Kit.mat using Guid(56024f6fab550224d9e8c8da23257d12) Importer(2089858483,d624ce77472d68a35037170ec1d2d27e) (ScriptedImporter) -> (artifact id: '6d76e6a35297955f54c2c4a6b793a822') in 0.0063681 seconds
Number of updated asset objects reloaded before import = 0Number of asset objects unloaded after import = 2

========================================================================
Received Import Request.
  Time since last request: 0.000012 seconds.
  path: Assets/Asset/Cartoon Temple Building Kit/Prefabs/Platforms Stairs Fences Prefabs/Platforms Prefabs/Platform 1x7x13.prefab
  artifactKey: Guid(f041b3e1e63cbbd4085e0446df4e7722) Importer(2089858483,d624ce77472d68a35037170ec1d2d27e)
Start importing Assets/Asset/Cartoon Temple Building Kit/Prefabs/Platforms Stairs Fences Prefabs/Platforms Prefabs/Platform 1x7x13.prefab using Guid(f041b3e1e63cbbd4085e0446df4e7722) Importer(2089858483,d624ce77472d68a35037170ec1d2d27e) (ScriptedImporter) -> (artifact id: '11661c0116845e3e14abbd8902452a29') in 0.0080686 seconds
Number of updated asset objects reloaded before import = 0Number of asset objects unloaded after import = 8

========================================================================
Received Import Request.
  Time since last request: 0.000013 seconds.
  path: Assets/Asset/Cartoon Temple Building Kit/Fbx/Ground X/Ground X Bright Flat/Materials/Cartoon Temple Builder Kit.mat
  artifactKey: Guid(34010e62a2d2c96418d6b5d105ff6a39) Importer(2089858483,d624ce77472d68a35037170ec1d2d27e)
Start importing Assets/Asset/Cartoon Temple Building Kit/Fbx/Ground X/Ground X Bright Flat/Materials/Cartoon Temple Builder Kit.mat using Guid(34010e62a2d2c96418d6b5d105ff6a39) Importer(2089858483,d624ce77472d68a35037170ec1d2d27e) (ScriptedImporter) -> (artifact id: 'd91d0d30dc3a3747d5b898356e487a4b') in 0.0057214 seconds
Number of updated asset objects reloaded before import = 0Number of asset objects unloaded after import = 2

========================================================================
Received Import Request.
  Time since last request: 0.000013 seconds.
  path: Assets/Asset/Pipes/Pipes/Materials/Textures/Pipes-1_AlbedoTransparency.png
  artifactKey: Guid(de61fb65fa211fd48a9450990628efde) Importer(2089858483,d624ce77472d68a35037170ec1d2d27e)
Start importing Assets/Asset/Pipes/Pipes/Materials/Textures/Pipes-1_AlbedoTransparency.png using Guid(de61fb65fa211fd48a9450990628efde) Importer(2089858483,d624ce77472d68a35037170ec1d2d27e) (ScriptedImporter) -> (artifact id: '010718fd7feca36bbb95e2cefb1be22d') in 0.0125776 seconds
Number of updated asset objects reloaded before import = 0Number of asset objects unloaded after import = 1

========================================================================
Received Import Request.
  Time since last request: 0.000027 seconds.
  path: Assets/Asset/Pipes/Pipes/Mesh/obj/pipe_col_9.obj
  artifactKey: Guid(894378c429b6719449818d1bb451f110) Importer(2089858483,d624ce77472d68a35037170ec1d2d27e)
Start importing Assets/Asset/Pipes/Pipes/Mesh/obj/pipe_col_9.obj using Guid(894378c429b6719449818d1bb451f110) Importer(2089858483,d624ce77472d68a35037170ec1d2d27e) (ScriptedImporter) -> (artifact id: 'e571691ff76e35fa740ac0680a5ac0f5') in 0.0093405 seconds
Number of updated asset objects reloaded before import = 0Number of asset objects unloaded after import = 9

========================================================================
Received Import Request.
  Time since last request: 0.000015 seconds.
  path: Assets/Asset/FarlandSkies/Skyboxes/CloudyCrown_04_Sunset/Textures/CloudyCrown_Sunset_Down.png
  artifactKey: Guid(dd10416b224641b459fe04b5eb7aec37) Importer(2089858483,d624ce77472d68a35037170ec1d2d27e)
Start importing Assets/Asset/FarlandSkies/Skyboxes/CloudyCrown_04_Sunset/Textures/CloudyCrown_Sunset_Down.png using Guid(dd10416b224641b459fe04b5eb7aec37) Importer(2089858483,d624ce77472d68a35037170ec1d2d27e) (ScriptedImporter) -> (artifact id: '0a5e9e4e247d404532d57d545819e33d') in 0.0124352 seconds
Number of updated asset objects reloaded before import = 0Number of asset objects unloaded after import = 1

========================================================================
Received Import Request.
  Time since last request: 0.000029 seconds.
  path: Assets/Asset/Cartoon Temple Building Kit/Fbx/Ground +/Ground + Mix Flat/Materials/Cartoon Temple Builder Kit.mat
  artifactKey: Guid(61287a555e4315a4f9d8c1048fcda7e1) Importer(2089858483,d624ce77472d68a35037170ec1d2d27e)
Start importing Assets/Asset/Cartoon Temple Building Kit/Fbx/Ground +/Ground + Mix Flat/Materials/Cartoon Temple Builder Kit.mat using Guid(61287a555e4315a4f9d8c1048fcda7e1) Importer(2089858483,d624ce77472d68a35037170ec1d2d27e) (ScriptedImporter) -> (artifact id: 'bda4fb786b2162be833b94635fa80837') in 0.0074803 seconds
Number of updated asset objects reloaded before import = 0Number of asset objects unloaded after import = 2

========================================================================
Received Import Request.
  Time since last request: 0.000012 seconds.
  path: Assets/Asset/FarlandSkies/Skyboxes/CloudyCrown_01_Midday/Textures/CloudyCrown_Midday_Left.png
  artifactKey: Guid(fd5f7c807ca1ea643b0ae501ff889a70) Importer(2089858483,d624ce77472d68a35037170ec1d2d27e)
Start importing Assets/Asset/FarlandSkies/Skyboxes/CloudyCrown_01_Midday/Textures/CloudyCrown_Midday_Left.png using Guid(fd5f7c807ca1ea643b0ae501ff889a70) Importer(2089858483,d624ce77472d68a35037170ec1d2d27e) (ScriptedImporter) -> (artifact id: '3687777a4f26d1cb42dc551d173270da') in 0.0133231 seconds
Number of updated asset objects reloaded before import = 0Number of asset objects unloaded after import = 1

========================================================================
Received Import Request.
  Time since last request: 0.000013 seconds.
  path: Assets/Asset/FarlandSkies/Skyboxes/CloudyCrown_02_Evening/Textures/CloudyCrown_Evening_Front.png
  artifactKey: Guid(1333dafd22b43974091d9c55f2169cde) Importer(2089858483,d624ce77472d68a35037170ec1d2d27e)
Start importing Assets/Asset/FarlandSkies/Skyboxes/CloudyCrown_02_Evening/Textures/CloudyCrown_Evening_Front.png using Guid(1333dafd22b43974091d9c55f2169cde) Importer(2089858483,d624ce77472d68a35037170ec1d2d27e) (ScriptedImporter) -> (artifact id: '92f92abb8269685c4995270d36808b26') in 0.0115068 seconds
Number of updated asset objects reloaded before import = 0Number of asset objects unloaded after import = 1

========================================================================
Received Import Request.
  Time since last request: 0.000032 seconds.
  path: Assets/Asset/Cartoon Temple Building Kit/Prefabs/Platforms Stairs Fences Prefabs/Stairs Prefabs/Stairs 9.prefab
  artifactKey: Guid(d07287beb6078614db578c80914577a9) Importer(2089858483,d624ce77472d68a35037170ec1d2d27e)
Start importing Assets/Asset/Cartoon Temple Building Kit/Prefabs/Platforms Stairs Fences Prefabs/Stairs Prefabs/Stairs 9.prefab using Guid(d07287beb6078614db578c80914577a9) Importer(2089858483,d624ce77472d68a35037170ec1d2d27e) (ScriptedImporter) -> (artifact id: '6a7f309a6b1f1324e8c374b16c436557') in 0.0079352 seconds
Number of updated asset objects reloaded before import = 0Number of asset objects unloaded after import = 8

========================================================================
Received Import Request.
  Time since last request: 0.000012 seconds.
  path: Assets/GoogleMobileAds/Editor/Resources/PlaceholderAds/Banners/CENTER.prefab
  artifactKey: Guid(452d0eeb28d68420d95c05a6712689be) Importer(2089858483,d624ce77472d68a35037170ec1d2d27e)
Start importing Assets/GoogleMobileAds/Editor/Resources/PlaceholderAds/Banners/CENTER.prefab using Guid(452d0eeb28d68420d95c05a6712689be) Importer(2089858483,d624ce77472d68a35037170ec1d2d27e) (ScriptedImporter) -> (artifact id: 'b2c69774fb391520891890e7a40a88a6') in 0.0090593 seconds
Number of updated asset objects reloaded before import = 0Number of asset objects unloaded after import = 16

========================================================================
Received Import Request.
  Time since last request: 0.000014 seconds.
  path: Assets/Asset/Cartoon Temple Building Kit/Fbx/Ground X/Ground X Bright/Materials/Cartoon Temple Builder Kit.mat
  artifactKey: Guid(2ee1c7619d1b28541a5cc3817aae1d42) Importer(2089858483,d624ce77472d68a35037170ec1d2d27e)
Start importing Assets/Asset/Cartoon Temple Building Kit/Fbx/Ground X/Ground X Bright/Materials/Cartoon Temple Builder Kit.mat using Guid(2ee1c7619d1b28541a5cc3817aae1d42) Importer(2089858483,d624ce77472d68a35037170ec1d2d27e) (ScriptedImporter) -> (artifact id: 'a321482fc31b90bfdd7871cfd1e80401') in 0.0060105 seconds
Number of updated asset objects reloaded before import = 0Number of asset objects unloaded after import = 2

========================================================================
Received Import Request.
  Time since last request: 0.000021 seconds.
  path: Assets/GoogleMobileAds/Editor/Resources/PlaceholderAds/AdImages/768x1024.png
  artifactKey: Guid(8a53f9c63a5e94b14a98698a7b07365b) Importer(2089858483,d624ce77472d68a35037170ec1d2d27e)
Start importing Assets/GoogleMobileAds/Editor/Resources/PlaceholderAds/AdImages/768x1024.png using Guid(8a53f9c63a5e94b14a98698a7b07365b) Importer(2089858483,d624ce77472d68a35037170ec1d2d27e) (ScriptedImporter) -> (artifact id: 'd605f30413ae1e51c2aedd81383fd7d8') in 0.0139773 seconds
Number of updated asset objects reloaded before import = 0Number of asset objects unloaded after import = 3

========================================================================
Received Import Request.
  Time since last request: 0.000014 seconds.
  path: Assets/GoogleMobileAds/Editor/Resources/PlaceholderAds/AdImages/468x60.png
  artifactKey: Guid(74358f5fb13a549aabac4a5a7ac76739) Importer(2089858483,d624ce77472d68a35037170ec1d2d27e)
Start importing Assets/GoogleMobileAds/Editor/Resources/PlaceholderAds/AdImages/468x60.png using Guid(74358f5fb13a549aabac4a5a7ac76739) Importer(2089858483,d624ce77472d68a35037170ec1d2d27e) (ScriptedImporter) -> (artifact id: '586197f1368b23aa7b12c24aa483e9c5') in 0.0126647 seconds
Number of updated asset objects reloaded before import = 0Number of asset objects unloaded after import = 3

========================================================================
Received Import Request.
  Time since last request: 0.000012 seconds.
  path: Assets/Asset/Pipes/Pipes/Mesh/obj/pipe_col_3.obj
  artifactKey: Guid(803aaf5b8b3b1f846a1f29e1bd0164d6) Importer(2089858483,d624ce77472d68a35037170ec1d2d27e)
Start importing Assets/Asset/Pipes/Pipes/Mesh/obj/pipe_col_3.obj using Guid(803aaf5b8b3b1f846a1f29e1bd0164d6) Importer(2089858483,d624ce77472d68a35037170ec1d2d27e) (ScriptedImporter) -> (artifact id: 'a1a5435f55aaebcd7056fb8a8e41048d') in 0.0087363 seconds
Number of updated asset objects reloaded before import = 0Number of asset objects unloaded after import = 9

========================================================================
Received Import Request.
  Time since last request: 0.000014 seconds.
  path: Assets/Asset/Standard Assets/Characters/RollerBall/Scripts/Ball.cs
  artifactKey: Guid(e004fefca5c7ba44d9c5ffd46fdee2ed) Importer(2089858483,d624ce77472d68a35037170ec1d2d27e)
Start importing Assets/Asset/Standard Assets/Characters/RollerBall/Scripts/Ball.cs using Guid(e004fefca5c7ba44d9c5ffd46fdee2ed) Importer(2089858483,d624ce77472d68a35037170ec1d2d27e) (ScriptedImporter) -> (artifact id: 'a65f529e018e875b259cb10ecf7038b1') in 0.0028302 seconds
Number of updated asset objects reloaded before import = 0Number of asset objects unloaded after import = 0

========================================================================
Received Import Request.
  Time since last request: 0.000053 seconds.
  path: Assets/Asset/FarlandSkies/Skyboxes/CloudyCrown_03_Midnight/Textures/CloudyCrown_Midnight_Up.png
  artifactKey: Guid(3af6f93d7b7b2b842ae6ac2a4e817fd4) Importer(2089858483,d624ce77472d68a35037170ec1d2d27e)
Start importing Assets/Asset/FarlandSkies/Skyboxes/CloudyCrown_03_Midnight/Textures/CloudyCrown_Midnight_Up.png using Guid(3af6f93d7b7b2b842ae6ac2a4e817fd4) Importer(2089858483,d624ce77472d68a35037170ec1d2d27e) (ScriptedImporter) -> (artifact id: 'ac857bcb1c02d89a5623e319f07d8dce') in 0.0116465 seconds
Number of updated asset objects reloaded before import = 0Number of asset objects unloaded after import = 1

========================================================================
Received Import Request.
  Time since last request: 0.000015 seconds.
  path: Assets/Asset/Standard Assets/Characters/RollerBall/Materials/RollerBallWhite.mat
  artifactKey: Guid(4b5dce0492bdfb648a389fe390071625) Importer(2089858483,d624ce77472d68a35037170ec1d2d27e)
Start importing Assets/Asset/Standard Assets/Characters/RollerBall/Materials/RollerBallWhite.mat using Guid(4b5dce0492bdfb648a389fe390071625) Importer(2089858483,d624ce77472d68a35037170ec1d2d27e) (ScriptedImporter) -> (artifact id: 'b261be16aef6972bb75a06030b7774d3') in 0.0047072 seconds
Number of updated asset objects reloaded before import = 0Number of asset objects unloaded after import = 1

========================================================================
Received Import Request.
  Time since last request: 0.000039 seconds.
  path: Assets/GoogleMobileAds/Editor/Resources/PlaceholderAds/Banners/FULL_BANNER.prefab
  artifactKey: Guid(a01bd5a6d0f504aecb61dad504950abd) Importer(2089858483,d624ce77472d68a35037170ec1d2d27e)
Start importing Assets/GoogleMobileAds/Editor/Resources/PlaceholderAds/Banners/FULL_BANNER.prefab using Guid(a01bd5a6d0f504aecb61dad504950abd) Importer(2089858483,d624ce77472d68a35037170ec1d2d27e) (ScriptedImporter) -> (artifact id: '284b7ad00343bc099a7f6c52b4438ba6') in 0.0107519 seconds
Number of updated asset objects reloaded before import = 0Number of asset objects unloaded after import = 13

========================================================================
Received Import Request.
  Time since last request: 0.000012 seconds.
  path: Assets/Asset/Cartoon Temple Building Kit/Prefabs/Platforms Stairs Fences Prefabs/Stairs Prefabs/Stairs 6.prefab
  artifactKey: Guid(d030c7288383dbf4b9a7641406e71c76) Importer(2089858483,d624ce77472d68a35037170ec1d2d27e)
Start importing Assets/Asset/Cartoon Temple Building Kit/Prefabs/Platforms Stairs Fences Prefabs/Stairs Prefabs/Stairs 6.prefab using Guid(d030c7288383dbf4b9a7641406e71c76) Importer(2089858483,d624ce77472d68a35037170ec1d2d27e) (ScriptedImporter) -> (artifact id: '8e8071d4e666a9576843cfcccbac74ce') in 0.0077891 seconds
Number of updated asset objects reloaded before import = 0Number of asset objects unloaded after import = 8

========================================================================
Received Import Request.
  Time since last request: 0.000015 seconds.
  path: Assets/Asset/FarlandSkies/Skyboxes/CloudyCrown_05_Daybreak/Textures/CloudyCrown_Daybreak_Back.png
  artifactKey: Guid(ab78a862493ed7f42a9d16bc994e6697) Importer(2089858483,d624ce77472d68a35037170ec1d2d27e)
Start importing Assets/Asset/FarlandSkies/Skyboxes/CloudyCrown_05_Daybreak/Textures/CloudyCrown_Daybreak_Back.png using Guid(ab78a862493ed7f42a9d16bc994e6697) Importer(2089858483,d624ce77472d68a35037170ec1d2d27e) (ScriptedImporter) -> (artifact id: 'dd064fa850b364bbe114eafddcdebf64') in 0.0134378 seconds
Number of updated asset objects reloaded before import = 0Number of asset objects unloaded after import = 1

========================================================================
Received Import Request.
  Time since last request: 0.000012 seconds.
  path: Assets/Asset/Cartoon Temple Building Kit/Prefabs/Decorative Prefabs/Idol/Idol 5.prefab
  artifactKey: Guid(400b69d98dbfa264b8e9e55a42fea938) Importer(2089858483,d624ce77472d68a35037170ec1d2d27e)
Start importing Assets/Asset/Cartoon Temple Building Kit/Prefabs/Decorative Prefabs/Idol/Idol 5.prefab using Guid(400b69d98dbfa264b8e9e55a42fea938) Importer(2089858483,d624ce77472d68a35037170ec1d2d27e) (ScriptedImporter) -> (artifact id: '22fa25aaa175e23ce8c4902f960d3f16') in 0.0073574 seconds
Number of updated asset objects reloaded before import = 0Number of asset objects unloaded after import = 8

========================================================================
Received Import Request.
  Time since last request: 0.000013 seconds.
  path: Assets/GoogleMobileAds/Editor/Resources/PlaceholderAds/Rewarded/1024x768.prefab
  artifactKey: Guid(ac0a546bb4fb349229fc5824b288ec00) Importer(2089858483,d624ce77472d68a35037170ec1d2d27e)
Start importing Assets/GoogleMobileAds/Editor/Resources/PlaceholderAds/Rewarded/1024x768.prefab using Guid(ac0a546bb4fb349229fc5824b288ec00) Importer(2089858483,d624ce77472d68a35037170ec1d2d27e) (ScriptedImporter) -> (artifact id: 'd8381086cfd2c476b72f7ead6c57fef0') in 0.0095017 seconds
Number of updated asset objects reloaded before import = 0Number of asset objects unloaded after import = 30

========================================================================
Received Import Request.
  Time since last request: 0.000015 seconds.
  path: Assets/Asset/Cartoon Temple Building Kit/Prefabs/Platforms Stairs Fences Prefabs/Fences Prefabs/Fence 1 Dark.prefab
  artifactKey: Guid(d5f573defbd45f144bfa9d5b7dcb50ff) Importer(2089858483,d624ce77472d68a35037170ec1d2d27e)
Start importing Assets/Asset/Cartoon Temple Building Kit/Prefabs/Platforms Stairs Fences Prefabs/Fences Prefabs/Fence 1 Dark.prefab using Guid(d5f573defbd45f144bfa9d5b7dcb50ff) Importer(2089858483,d624ce77472d68a35037170ec1d2d27e) (ScriptedImporter) -> (artifact id: '48a200131a2f77c8def4bee73736a692') in 0.0105585 seconds
Number of updated asset objects reloaded before import = 0Number of asset objects unloaded after import = 8

========================================================================
Received Import Request.
  Time since last request: 0.000011 seconds.
  path: Assets/Asset/Cartoon Temple Building Kit/Fbx/Decorative/Vegetation/Plant 2.fbx
  artifactKey: Guid(a0f074c45c473274390ee8acbec96047) Importer(2089858483,d624ce77472d68a35037170ec1d2d27e)
Start importing Assets/Asset/Cartoon Temple Building Kit/Fbx/Decorative/Vegetation/Plant 2.fbx using Guid(a0f074c45c473274390ee8acbec96047) Importer(2089858483,d624ce77472d68a35037170ec1d2d27e) (ScriptedImporter) -> (artifact id: '1f72d74f3c040c16e6d3c4225d321186') in 0.016857 seconds
Number of updated asset objects reloaded before import = 0Number of asset objects unloaded after import = 8

========================================================================
Received Import Request.
  Time since last request: 0.000015 seconds.
  path: Assets/Asset/Cartoon Temple Building Kit/Prefabs/Decorative Prefabs/FloorBlocks Corners Walls Prefabs/Floor Blocks 10.prefab
  artifactKey: Guid(dbd93157993c8244cb949c2b2de2b6b0) Importer(2089858483,d624ce77472d68a35037170ec1d2d27e)
Start importing Assets/Asset/Cartoon Temple Building Kit/Prefabs/Decorative Prefabs/FloorBlocks Corners Walls Prefabs/Floor Blocks 10.prefab using Guid(dbd93157993c8244cb949c2b2de2b6b0) Importer(2089858483,d624ce77472d68a35037170ec1d2d27e) (ScriptedImporter) -> (artifact id: '1612c734a478c2597a780b8dcbe3123f') in 0.0092582 seconds
Number of updated asset objects reloaded before import = 0Number of asset objects unloaded after import = 8

========================================================================
Received Import Request.
  Time since last request: 0.000011 seconds.
  path: Assets/Asset/Cartoon Temple Building Kit/Fbx/Ground X/Ground X Dark/Ground X Dark 4x2.fbx
  artifactKey: Guid(b14ad7494c99f3d4ca4fa96e711d65d1) Importer(2089858483,d624ce77472d68a35037170ec1d2d27e)
Start importing Assets/Asset/Cartoon Temple Building Kit/Fbx/Ground X/Ground X Dark/Ground X Dark 4x2.fbx using Guid(b14ad7494c99f3d4ca4fa96e711d65d1) Importer(2089858483,d624ce77472d68a35037170ec1d2d27e) (ScriptedImporter) -> (artifact id: '29d6b54b98af9f7a8d57e1897b7523fb') in 0.0158072 seconds
Number of updated asset objects reloaded before import = 0Number of asset objects unloaded after import = 8

========================================================================
Received Import Request.
  Time since last request: 0.000011 seconds.
  path: Assets/Asset/Cartoon Temple Building Kit/Fbx/Ground X/Ground X Mix Flat/Ground X Mix Flat 1x8.fbx
  artifactKey: Guid(586a45c31b59cda45a083113a438123c) Importer(2089858483,d624ce77472d68a35037170ec1d2d27e)
Start importing Assets/Asset/Cartoon Temple Building Kit/Fbx/Ground X/Ground X Mix Flat/Ground X Mix Flat 1x8.fbx using Guid(586a45c31b59cda45a083113a438123c) Importer(2089858483,d624ce77472d68a35037170ec1d2d27e) (ScriptedImporter) -> (artifact id: '07e502bb11f16140178e94ef73943eb7') in 0.0135237 seconds
Number of updated asset objects reloaded before import = 0Number of asset objects unloaded after import = 8

========================================================================
Received Import Request.
  Time since last request: 0.000017 seconds.
  path: Assets/Asset/Simple UI/Simple Vector Icons/128px/UI_Icon_RotateRight.png
  artifactKey: Guid(634c385f9f0f343bfb6020168a1dddda) Importer(2089858483,d624ce77472d68a35037170ec1d2d27e)
Start importing Assets/Asset/Simple UI/Simple Vector Icons/128px/UI_Icon_RotateRight.png using Guid(634c385f9f0f343bfb6020168a1dddda) Importer(2089858483,d624ce77472d68a35037170ec1d2d27e) (ScriptedImporter) -> (artifact id: '9dca4f992d00c2466c07b34f12f807e7') in 0.0134573 seconds
Number of updated asset objects reloaded before import = 0Number of asset objects unloaded after import = 3

========================================================================
Received Import Request.
  Time since last request: 0.000012 seconds.
  path: Assets/Asset/Cartoon Temple Building Kit/Fbx/Ground X/Ground X Mix Flat/Ground X Mix Flat 2x4.fbx
  artifactKey: Guid(c80b7531c5fc1494abf973bc5a543b56) Importer(2089858483,d624ce77472d68a35037170ec1d2d27e)
Start importing Assets/Asset/Cartoon Temple Building Kit/Fbx/Ground X/Ground X Mix Flat/Ground X Mix Flat 2x4.fbx using Guid(c80b7531c5fc1494abf973bc5a543b56) Importer(2089858483,d624ce77472d68a35037170ec1d2d27e) (ScriptedImporter) -> (artifact id: '797be63c1e07df9197ba1526c62a5ed3') in 0.0159746 seconds
Number of updated asset objects reloaded before import = 0Number of asset objects unloaded after import = 8

========================================================================
Received Import Request.
  Time since last request: 0.000016 seconds.
  path: Assets/Asset/Cartoon Temple Building Kit/Prefabs/Decorative Prefabs/FloorBlocks Corners Walls Prefabs/Floor Blocks 1.prefab
  artifactKey: Guid(e36c72729446ee042b8cf10e553af4c2) Importer(2089858483,d624ce77472d68a35037170ec1d2d27e)
Start importing Assets/Asset/Cartoon Temple Building Kit/Prefabs/Decorative Prefabs/FloorBlocks Corners Walls Prefabs/Floor Blocks 1.prefab using Guid(e36c72729446ee042b8cf10e553af4c2) Importer(2089858483,d624ce77472d68a35037170ec1d2d27e) (ScriptedImporter) -> (artifact id: '3981ac078a3f5dc5b9618d2c1c56a661') in 0.0085495 seconds
Number of updated asset objects reloaded before import = 0Number of asset objects unloaded after import = 8

========================================================================
Received Import Request.
  Time since last request: 0.000018 seconds.
  path: Assets/Asset/Simple UI/Simple Vector Icons/128px/UI_Icon_Versus.png
  artifactKey: Guid(cde26d34f953b4122bd277d3be2ae0ca) Importer(2089858483,d624ce77472d68a35037170ec1d2d27e)
Start importing Assets/Asset/Simple UI/Simple Vector Icons/128px/UI_Icon_Versus.png using Guid(cde26d34f953b4122bd277d3be2ae0ca) Importer(2089858483,d624ce77472d68a35037170ec1d2d27e) (ScriptedImporter) -> (artifact id: 'cd4668c51548369fe09581c630014c62') in 0.0151909 seconds
Number of updated asset objects reloaded before import = 0Number of asset objects unloaded after import = 3

========================================================================
Received Import Request.
  Time since last request: 0.000024 seconds.
  path: Assets/GoogleMobileAds/Editor/Resources/Ump/ConsentForm.prefab
  artifactKey: Guid(32087445d9e7f4577ae9170a6b11f114) Importer(2089858483,d624ce77472d68a35037170ec1d2d27e)
Start importing Assets/GoogleMobileAds/Editor/Resources/Ump/ConsentForm.prefab using Guid(32087445d9e7f4577ae9170a6b11f114) Importer(2089858483,d624ce77472d68a35037170ec1d2d27e) (ScriptedImporter) -> (artifact id: '6e54c97e3f28530590f9f056b45db33e') in 0.0120639 seconds
Number of updated asset objects reloaded before import = 0Number of asset objects unloaded after import = 27

========================================================================
Received Import Request.
  Time since last request: 0.000015 seconds.
  path: Assets/Asset/Cartoon Temple Building Kit/Prefabs/Platforms Stairs Fences Prefabs/Stairs Prefabs/Stairs 5.prefab
  artifactKey: Guid(5c72e4b087a9733449c797b71a071e86) Importer(2089858483,d624ce77472d68a35037170ec1d2d27e)
Start importing Assets/Asset/Cartoon Temple Building Kit/Prefabs/Platforms Stairs Fences Prefabs/Stairs Prefabs/Stairs 5.prefab using Guid(5c72e4b087a9733449c797b71a071e86) Importer(2089858483,d624ce77472d68a35037170ec1d2d27e) (ScriptedImporter) -> (artifact id: '806e2911154915d94bacaaf99b01b38b') in 0.0079276 seconds
Number of updated asset objects reloaded before import = 0Number of asset objects unloaded after import = 8

========================================================================
Received Import Request.
  Time since last request: 0.000012 seconds.
  path: Assets/Asset/Cartoon Temple Building Kit/Fbx/Decorative/FloorBlocks Corners Walls/Floor Blocks 10.fbx
  artifactKey: Guid(53828494d35ddad49af6496b9dff6893) Importer(2089858483,d624ce77472d68a35037170ec1d2d27e)
Start importing Assets/Asset/Cartoon Temple Building Kit/Fbx/Decorative/FloorBlocks Corners Walls/Floor Blocks 10.fbx using Guid(53828494d35ddad49af6496b9dff6893) Importer(2089858483,d624ce77472d68a35037170ec1d2d27e) (ScriptedImporter) -> (artifact id: '9d2ab138c55c82a6c8cb9534451f1ea1') in 0.0135232 seconds
Number of updated asset objects reloaded before import = 0Number of asset objects unloaded after import = 8

========================================================================
Received Import Request.
  Time since last request: 0.000013 seconds.
  path: Assets/Asset/Simple UI/Simple Vector Icons/128px/UI_Icon_CardClubs.png
  artifactKey: Guid(496c26acb9b974a1dad49d86c2f504cc) Importer(2089858483,d624ce77472d68a35037170ec1d2d27e)
Start importing Assets/Asset/Simple UI/Simple Vector Icons/128px/UI_Icon_CardClubs.png using Guid(496c26acb9b974a1dad49d86c2f504cc) Importer(2089858483,d624ce77472d68a35037170ec1d2d27e) (ScriptedImporter) -> (artifact id: '3e78aa74f39972cd99a91f2896edffad') in 0.0143225 seconds
Number of updated asset objects reloaded before import = 0Number of asset objects unloaded after import = 3

========================================================================
Received Import Request.
  Time since last request: 0.000016 seconds.
  path: Assets/Asset/Cartoon Temple Building Kit/Fbx/Ground X/Ground X Mix Flat/Ground X Mix Flat 4x2.fbx
  artifactKey: Guid(93a2f5442f68ad54cbb87c7dfadbef74) Importer(2089858483,d624ce77472d68a35037170ec1d2d27e)
Start importing Assets/Asset/Cartoon Temple Building Kit/Fbx/Ground X/Ground X Mix Flat/Ground X Mix Flat 4x2.fbx using Guid(93a2f5442f68ad54cbb87c7dfadbef74) Importer(2089858483,d624ce77472d68a35037170ec1d2d27e) (ScriptedImporter) -> (artifact id: 'dbce6788098ea9c74f75bed848b2e9dc') in 0.0148439 seconds
Number of updated asset objects reloaded before import = 0Number of asset objects unloaded after import = 8

========================================================================
Received Import Request.
  Time since last request: 0.000014 seconds.
  path: Assets/Asset/Cartoon Temple Building Kit/Fbx/Platforms Stairs Fences/Platforms/Materials/Cartoon Temple Builder Kit.mat
  artifactKey: Guid(5a81ae56390a78142b15e894c1f8ab36) Importer(2089858483,d624ce77472d68a35037170ec1d2d27e)
Start importing Assets/Asset/Cartoon Temple Building Kit/Fbx/Platforms Stairs Fences/Platforms/Materials/Cartoon Temple Builder Kit.mat using Guid(5a81ae56390a78142b15e894c1f8ab36) Importer(2089858483,d624ce77472d68a35037170ec1d2d27e) (ScriptedImporter) -> (artifact id: 'b1335ffb76cc2afdd25e6cb0c4b51f2e') in 0.0079645 seconds
Number of updated asset objects reloaded before import = 0Number of asset objects unloaded after import = 2

========================================================================
Received Import Request.
  Time since last request: 0.000013 seconds.
  path: Assets/Asset/Cartoon Temple Building Kit/Fbx/Platforms Stairs Fences/Fences/Materials/Cartoon Temple Builder Kit.mat
  artifactKey: Guid(cb28b7b530705f84a8966c72c93ceacc) Importer(2089858483,d624ce77472d68a35037170ec1d2d27e)
Start importing Assets/Asset/Cartoon Temple Building Kit/Fbx/Platforms Stairs Fences/Fences/Materials/Cartoon Temple Builder Kit.mat using Guid(cb28b7b530705f84a8966c72c93ceacc) Importer(2089858483,d624ce77472d68a35037170ec1d2d27e) (ScriptedImporter) -> (artifact id: '405b8b56634594014223e0b8105abb34') in 0.0070594 seconds
Number of updated asset objects reloaded before import = 0Number of asset objects unloaded after import = 2

========================================================================
Received Import Request.
  Time since last request: 0.000016 seconds.
  path: Assets/Asset/Cartoon Temple Building Kit/Fbx/Decorative/Idol/Idol 5.fbx
  artifactKey: Guid(2874a1ebf27d87042ae81508c53de81b) Importer(2089858483,d624ce77472d68a35037170ec1d2d27e)
Start importing Assets/Asset/Cartoon Temple Building Kit/Fbx/Decorative/Idol/Idol 5.fbx using Guid(2874a1ebf27d87042ae81508c53de81b) Importer(2089858483,d624ce77472d68a35037170ec1d2d27e) (ScriptedImporter) -> (artifact id: '8a772fcc7cd5f20b638c6227ab0f5c67') in 0.0150448 seconds
Number of updated asset objects reloaded before import = 0Number of asset objects unloaded after import = 8

========================================================================
Received Import Request.
  Time since last request: 0.000016 seconds.
  path: Assets/Asset/Cartoon Temple Building Kit/Fbx/Decorative/Idol/Idol Base.fbx
  artifactKey: Guid(7db35a564e30b86469132b02fa7b192d) Importer(2089858483,d624ce77472d68a35037170ec1d2d27e)
Start importing Assets/Asset/Cartoon Temple Building Kit/Fbx/Decorative/Idol/Idol Base.fbx using Guid(7db35a564e30b86469132b02fa7b192d) Importer(2089858483,d624ce77472d68a35037170ec1d2d27e) (ScriptedImporter) -> (artifact id: '36b904a418df3f43ee943a718e8ad14b') in 0.0166259 seconds
Number of updated asset objects reloaded before import = 0Number of asset objects unloaded after import = 8

========================================================================
Received Import Request.
  Time since last request: 0.000016 seconds.
  path: Assets/GoogleMobileAds/Editor/Resources/PlaceholderAds/Banners/LARGE_BANNER.prefab
  artifactKey: Guid(2758392ec5c0c413886eaf50350c125e) Importer(2089858483,d624ce77472d68a35037170ec1d2d27e)
Start importing Assets/GoogleMobileAds/Editor/Resources/PlaceholderAds/Banners/LARGE_BANNER.prefab using Guid(2758392ec5c0c413886eaf50350c125e) Importer(2089858483,d624ce77472d68a35037170ec1d2d27e) (ScriptedImporter) -> (artifact id: 'b483599f3711e3d3913a94631f56239b') in 0.011925 seconds
Number of updated asset objects reloaded before import = 0Number of asset objects unloaded after import = 13

========================================================================
Received Import Request.
  Time since last request: 0.000013 seconds.
  path: Assets/Asset/Cartoon Temple Building Kit/Fbx/Ground +/Ground + Dark/Ground + Dark 2x2.fbx
  artifactKey: Guid(5bcb0dbda19f2b940b0217d4e494bcfa) Importer(2089858483,d624ce77472d68a35037170ec1d2d27e)
Start importing Assets/Asset/Cartoon Temple Building Kit/Fbx/Ground +/Ground + Dark/Ground + Dark 2x2.fbx using Guid(5bcb0dbda19f2b940b0217d4e494bcfa) Importer(2089858483,d624ce77472d68a35037170ec1d2d27e) (ScriptedImporter) -> (artifact id: 'e5b51063d755373324fdfc0b7ca44baf') in 0.018296 seconds
Number of updated asset objects reloaded before import = 0Number of asset objects unloaded after import = 8

========================================================================
Received Import Request.
  Time since last request: 0.000012 seconds.
  path: Assets/Asset/Cartoon Temple Building Kit/Fbx/Ground +/Ground + Bright Flat/Ground + Flat Bright 1x4.fbx
  artifactKey: Guid(7a2753e6f1b379a4dbf042984875225b) Importer(2089858483,d624ce77472d68a35037170ec1d2d27e)
Start importing Assets/Asset/Cartoon Temple Building Kit/Fbx/Ground +/Ground + Bright Flat/Ground + Flat Bright 1x4.fbx using Guid(7a2753e6f1b379a4dbf042984875225b) Importer(2089858483,d624ce77472d68a35037170ec1d2d27e) (ScriptedImporter) -> (artifact id: '1a2cef820b2afa4f96e861485f861693') in 0.0192555 seconds
Number of updated asset objects reloaded before import = 0Number of asset objects unloaded after import = 8

========================================================================
Received Import Request.
  Time since last request: 0.000013 seconds.
  path: Assets/Asset/Cartoon Temple Building Kit/Prefabs/Ground + Prefabs/Ground + Mix Flat Prefabs/Ground + Mix 8x8 Flat.prefab
  artifactKey: Guid(1aa75d789376a2e48be30144f8f2bf27) Importer(2089858483,d624ce77472d68a35037170ec1d2d27e)
Start importing Assets/Asset/Cartoon Temple Building Kit/Prefabs/Ground + Prefabs/Ground + Mix Flat Prefabs/Ground + Mix 8x8 Flat.prefab using Guid(1aa75d789376a2e48be30144f8f2bf27) Importer(2089858483,d624ce77472d68a35037170ec1d2d27e) (ScriptedImporter) -> (artifact id: '3d07139e9dfcf3637e7f7568b643eebc') in 0.0078423 seconds
Number of updated asset objects reloaded before import = 0Number of asset objects unloaded after import = 8

========================================================================
Received Import Request.
  Time since last request: 0.000012 seconds.
  path: Assets/Asset/Cartoon Temple Building Kit/Fbx/Decorative/Vegetation/Plant 3.fbx
  artifactKey: Guid(9b42ff2a05f75694e85a80261655896b) Importer(2089858483,d624ce77472d68a35037170ec1d2d27e)
Start importing Assets/Asset/Cartoon Temple Building Kit/Fbx/Decorative/Vegetation/Plant 3.fbx using Guid(9b42ff2a05f75694e85a80261655896b) Importer(2089858483,d624ce77472d68a35037170ec1d2d27e) (ScriptedImporter) -> (artifact id: '7f88d86ccbafe9425b7993be7e270d35') in 0.0172368 seconds
Number of updated asset objects reloaded before import = 0Number of asset objects unloaded after import = 8

========================================================================
Received Import Request.
  Time since last request: 0.000012 seconds.
  path: Assets/Asset/Cartoon Temple Building Kit/Prefabs/Platforms Stairs Fences Prefabs/Platforms Prefabs/Platform 2x7x13.prefab
  artifactKey: Guid(d728ad88a432faf44ac66d401d379e6c) Importer(2089858483,d624ce77472d68a35037170ec1d2d27e)
Start importing Assets/Asset/Cartoon Temple Building Kit/Prefabs/Platforms Stairs Fences Prefabs/Platforms Prefabs/Platform 2x7x13.prefab using Guid(d728ad88a432faf44ac66d401d379e6c) Importer(2089858483,d624ce77472d68a35037170ec1d2d27e) (ScriptedImporter) -> (artifact id: '0b1b7b2fb7dcbd6266679d64b2cdc330') in 0.0086076 seconds
Number of updated asset objects reloaded before import = 0Number of asset objects unloaded after import = 8

========================================================================
Received Import Request.
  Time since last request: 0.000013 seconds.
  path: Assets/Asset/Cartoon Temple Building Kit/Prefabs/Ground Path Prefabs/Ground Path Prefabs/Ground Path Corner.prefab
  artifactKey: Guid(8cf38f1e7b316994ab7d58551e900441) Importer(2089858483,d624ce77472d68a35037170ec1d2d27e)
Start importing Assets/Asset/Cartoon Temple Building Kit/Prefabs/Ground Path Prefabs/Ground Path Prefabs/Ground Path Corner.prefab using Guid(8cf38f1e7b316994ab7d58551e900441) Importer(2089858483,d624ce77472d68a35037170ec1d2d27e) (ScriptedImporter) -> (artifact id: '75cae8c5569e85600b3467273c6babef') in 0.0102896 seconds
Number of updated asset objects reloaded before import = 0Number of asset objects unloaded after import = 8

========================================================================
Received Import Request.
  Time since last request: 0.000016 seconds.
  path: Assets/Asset/Cartoon Temple Building Kit/Prefabs/Decorative Prefabs/FloorBlocks Corners Walls Prefabs/Floor Blocks 7.prefab
  artifactKey: Guid(9c71c9440b33f8f46b57582255da27bc) Importer(2089858483,d624ce77472d68a35037170ec1d2d27e)
Start importing Assets/Asset/Cartoon Temple Building Kit/Prefabs/Decorative Prefabs/FloorBlocks Corners Walls Prefabs/Floor Blocks 7.prefab using Guid(9c71c9440b33f8f46b57582255da27bc) Importer(2089858483,d624ce77472d68a35037170ec1d2d27e) (ScriptedImporter) -> (artifact id: '91536f1e72ebbe66690b59aa761319af') in 0.0086506 seconds
Number of updated asset objects reloaded before import = 0Number of asset objects unloaded after import = 8

========================================================================
Received Import Request.
  Time since last request: 0.000020 seconds.
  path: Assets/Asset/Cartoon Temple Building Kit/Prefabs/Ground + Prefabs/Ground + Bright Prefabs/Ground + Bright 2x2.prefab
  artifactKey: Guid(6cd61f54b2399284f973282aed842b8c) Importer(2089858483,d624ce77472d68a35037170ec1d2d27e)
Start importing Assets/Asset/Cartoon Temple Building Kit/Prefabs/Ground + Prefabs/Ground + Bright Prefabs/Ground + Bright 2x2.prefab using Guid(6cd61f54b2399284f973282aed842b8c) Importer(2089858483,d624ce77472d68a35037170ec1d2d27e) (ScriptedImporter) -> (artifact id: 'fe8d51e42cf7065d40d5c2c733dc65e2') in 0.0083798 seconds
Number of updated asset objects reloaded before import = 0Number of asset objects unloaded after import = 8

========================================================================
Received Import Request.
  Time since last request: 0.000013 seconds.
  path: Assets/Asset/FarlandSkies/Skyboxes/CloudyCrown_03_Midnight/Textures/CloudyCrown_Midnight_Front.png
  artifactKey: Guid(6c2f5f53cf8256c42b90da9a536584c5) Importer(2089858483,d624ce77472d68a35037170ec1d2d27e)
Start importing Assets/Asset/FarlandSkies/Skyboxes/CloudyCrown_03_Midnight/Textures/CloudyCrown_Midnight_Front.png using Guid(6c2f5f53cf8256c42b90da9a536584c5) Importer(2089858483,d624ce77472d68a35037170ec1d2d27e) (ScriptedImporter) -> (artifact id: '5a7947baefbb708f8ae2845a24058297') in 0.0114287 seconds
Number of updated asset objects reloaded before import = 0Number of asset objects unloaded after import = 1

========================================================================
Received Import Request.
  Time since last request: 0.000062 seconds.
  path: Assets/Asset/Cartoon Temple Building Kit/Prefabs/Ground X Prefabs/Ground X Mix Flat Prefabs/Ground X Mix Flat 2x2.prefab
  artifactKey: Guid(f7c4388d2020bfa4e9962282d485926e) Importer(2089858483,d624ce77472d68a35037170ec1d2d27e)
Start importing Assets/Asset/Cartoon Temple Building Kit/Prefabs/Ground X Prefabs/Ground X Mix Flat Prefabs/Ground X Mix Flat 2x2.prefab using Guid(f7c4388d2020bfa4e9962282d485926e) Importer(2089858483,d624ce77472d68a35037170ec1d2d27e) (ScriptedImporter) -> (artifact id: '042c612d8516edb756bc24d675d0d668') in 0.0080986 seconds
Number of updated asset objects reloaded before import = 0Number of asset objects unloaded after import = 8

========================================================================
Received Import Request.
  Time since last request: 0.000014 seconds.
  path: Assets/Asset/Simple UI/Simple Vector Icons/128px/UI_Icon_SkipBack.png
  artifactKey: Guid(0e3875234c5954b6f9954c5d2eb1c64c) Importer(2089858483,d624ce77472d68a35037170ec1d2d27e)
Start importing Assets/Asset/Simple UI/Simple Vector Icons/128px/UI_Icon_SkipBack.png using Guid(0e3875234c5954b6f9954c5d2eb1c64c) Importer(2089858483,d624ce77472d68a35037170ec1d2d27e) (ScriptedImporter) -> (artifact id: '8f07c6a208bb3cce5aaf3bd610ff3f77') in 0.0117917 seconds
Number of updated asset objects reloaded before import = 0Number of asset objects unloaded after import = 3

========================================================================
Received Import Request.
  Time since last request: 0.000015 seconds.
  path: Assets/Asset/Cartoon Temple Building Kit/Prefabs/Decorative Prefabs/FloorBlocks Corners Walls Prefabs/Corner Blocks 4.prefab
  artifactKey: Guid(44f94b666fee09f42ad50c17f5e24f66) Importer(2089858483,d624ce77472d68a35037170ec1d2d27e)
Start importing Assets/Asset/Cartoon Temple Building Kit/Prefabs/Decorative Prefabs/FloorBlocks Corners Walls Prefabs/Corner Blocks 4.prefab using Guid(44f94b666fee09f42ad50c17f5e24f66) Importer(2089858483,d624ce77472d68a35037170ec1d2d27e) (ScriptedImporter) -> (artifact id: 'f2dc27993474c8185f9a60268d20f5ab') in 0.0100643 seconds
Number of updated asset objects reloaded before import = 0Number of asset objects unloaded after import = 8

========================================================================
Received Import Request.
  Time since last request: 0.000013 seconds.
  path: Assets/Asset/Cartoon Temple Building Kit/Prefabs/Ground + Prefabs/Ground + Mix Prefabs/Ground + Mix 1x8.prefab
  artifactKey: Guid(d82730a235fbb0d429b2d3801d9464cb) Importer(2089858483,d624ce77472d68a35037170ec1d2d27e)
Start importing Assets/Asset/Cartoon Temple Building Kit/Prefabs/Ground + Prefabs/Ground + Mix Prefabs/Ground + Mix 1x8.prefab using Guid(d82730a235fbb0d429b2d3801d9464cb) Importer(2089858483,d624ce77472d68a35037170ec1d2d27e) (ScriptedImporter) -> (artifact id: 'c95cb7767215a2a9946cb451e6fda374') in 0.0078493 seconds
Number of updated asset objects reloaded before import = 0Number of asset objects unloaded after import = 8

========================================================================
Received Import Request.
  Time since last request: 0.000012 seconds.
  path: Assets/Asset/Cartoon Temple Building Kit/Fbx/Ground X/Ground X Dark/Ground X Dark 1x2.fbx
  artifactKey: Guid(e44cfdae86be4a34fac61b804bb6b9c6) Importer(2089858483,d624ce77472d68a35037170ec1d2d27e)
Start importing Assets/Asset/Cartoon Temple Building Kit/Fbx/Ground X/Ground X Dark/Ground X Dark 1x2.fbx using Guid(e44cfdae86be4a34fac61b804bb6b9c6) Importer(2089858483,d624ce77472d68a35037170ec1d2d27e) (ScriptedImporter) -> (artifact id: 'b330b6385093f5007e25fa7829f6be1b') in 0.0143435 seconds
Number of updated asset objects reloaded before import = 0Number of asset objects unloaded after import = 8

========================================================================
Received Import Request.
  Time since last request: 0.000013 seconds.
  path: Assets/Asset/Cartoon Temple Building Kit/Prefabs/Ground X Prefabs/Ground X Dark Flat Prefabs/Ground X Dark Flat 1x4.prefab
  artifactKey: Guid(f120b2add3af0f64288418c4aa17941b) Importer(2089858483,d624ce77472d68a35037170ec1d2d27e)
Start importing Assets/Asset/Cartoon Temple Building Kit/Prefabs/Ground X Prefabs/Ground X Dark Flat Prefabs/Ground X Dark Flat 1x4.prefab using Guid(f120b2add3af0f64288418c4aa17941b) Importer(2089858483,d624ce77472d68a35037170ec1d2d27e) (ScriptedImporter) -> (artifact id: '0b884acc7edc8a5f9f70f2ab5f81bf03') in 0.0087805 seconds
Number of updated asset objects reloaded before import = 0Number of asset objects unloaded after import = 8

========================================================================
Received Import Request.
  Time since last request: 0.000013 seconds.
  path: Assets/Asset/Cartoon Temple Building Kit/Prefabs/Decorative Prefabs/FloorBlocks Corners Walls Prefabs/Floor Blocks 4.prefab
  artifactKey: Guid(70f3e49fd48258b41bd6525e6708c283) Importer(2089858483,d624ce77472d68a35037170ec1d2d27e)
Start importing Assets/Asset/Cartoon Temple Building Kit/Prefabs/Decorative Prefabs/FloorBlocks Corners Walls Prefabs/Floor Blocks 4.prefab using Guid(70f3e49fd48258b41bd6525e6708c283) Importer(2089858483,d624ce77472d68a35037170ec1d2d27e) (ScriptedImporter) -> (artifact id: 'da9e293cb85478549219a90ee89ad7da') in 0.0071522 seconds
Number of updated asset objects reloaded before import = 0Number of asset objects unloaded after import = 8

========================================================================
Received Import Request.
  Time since last request: 0.000017 seconds.
  path: Assets/Asset/Simple UI/Simple Vector Icons/128px/UI_Icon_Stop.png
  artifactKey: Guid(98c97713bc58246d382975939d863c4b) Importer(2089858483,d624ce77472d68a35037170ec1d2d27e)
Start importing Assets/Asset/Simple UI/Simple Vector Icons/128px/UI_Icon_Stop.png using Guid(98c97713bc58246d382975939d863c4b) Importer(2089858483,d624ce77472d68a35037170ec1d2d27e) (ScriptedImporter) -> (artifact id: '55fef7c85ab8ad84777d9983a5d89cbe') in 0.0134916 seconds
Number of updated asset objects reloaded before import = 0Number of asset objects unloaded after import = 3

========================================================================
Received Import Request.
  Time since last request: 0.000013 seconds.
  path: Assets/Asset/Cartoon Temple Building Kit/Prefabs/Ground + Prefabs/Ground + Dark Prefabs/Ground + Dark 2x2.prefab
  artifactKey: Guid(c04185e8d66802740899f22c843f42f1) Importer(2089858483,d624ce77472d68a35037170ec1d2d27e)
Start importing Assets/Asset/Cartoon Temple Building Kit/Prefabs/Ground + Prefabs/Ground + Dark Prefabs/Ground + Dark 2x2.prefab using Guid(c04185e8d66802740899f22c843f42f1) Importer(2089858483,d624ce77472d68a35037170ec1d2d27e) (ScriptedImporter) -> (artifact id: 'ea1b1f1e5e0cf93d11e8b6729a868d30') in 0.00918 seconds
Number of updated asset objects reloaded before import = 0Number of asset objects unloaded after import = 8

========================================================================
Received Import Request.
  Time since last request: 0.000013 seconds.
  path: Assets/Asset/Cartoon Temple Building Kit/Prefabs/Decorative Prefabs/FloorBlocks Corners Walls Prefabs/Floor Blocks 20.prefab
  artifactKey: Guid(720bce293a144834e87a8a50a7a6d503) Importer(2089858483,d624ce77472d68a35037170ec1d2d27e)
Start importing Assets/Asset/Cartoon Temple Building Kit/Prefabs/Decorative Prefabs/FloorBlocks Corners Walls Prefabs/Floor Blocks 20.prefab using Guid(720bce293a144834e87a8a50a7a6d503) Importer(2089858483,d624ce77472d68a35037170ec1d2d27e) (ScriptedImporter) -> (artifact id: '8912d90630370f6e41aa50731d1d7005') in 0.0078917 seconds
Number of updated asset objects reloaded before import = 0Number of asset objects unloaded after import = 8

========================================================================
Received Import Request.
  Time since last request: 0.000015 seconds.
  path: Assets/Asset/Standard Assets/CrossPlatformInput/Sprites/ButtonTimescaleFullUpSprite.png
  artifactKey: Guid(0c6271a290ef75b4c97d58746c86c5b8) Importer(2089858483,d624ce77472d68a35037170ec1d2d27e)
Start importing Assets/Asset/Standard Assets/CrossPlatformInput/Sprites/ButtonTimescaleFullUpSprite.png using Guid(0c6271a290ef75b4c97d58746c86c5b8) Importer(2089858483,d624ce77472d68a35037170ec1d2d27e) (ScriptedImporter) -> (artifact id: 'bcc12cfa0ea0c21031aa242378ac64f8') in 0.0134292 seconds
Number of updated asset objects reloaded before import = 0Number of asset objects unloaded after import = 3

========================================================================
Received Import Request.
  Time since last request: 0.000016 seconds.
  path: Assets/Asset/Cartoon Temple Building Kit/Prefabs/Ground X Prefabs/Ground X Mix Flat Prefabs/Ground X Mix Flat 4x2.prefab
  artifactKey: Guid(4a7fea9e80157aa469651ce6706aeb1c) Importer(2089858483,d624ce77472d68a35037170ec1d2d27e)
Start importing Assets/Asset/Cartoon Temple Building Kit/Prefabs/Ground X Prefabs/Ground X Mix Flat Prefabs/Ground X Mix Flat 4x2.prefab using Guid(4a7fea9e80157aa469651ce6706aeb1c) Importer(2089858483,d624ce77472d68a35037170ec1d2d27e) (ScriptedImporter) -> (artifact id: '179d59f7a931c9101c222435690a042c') in 0.0078922 seconds
Number of updated asset objects reloaded before import = 0Number of asset objects unloaded after import = 8

========================================================================
Received Import Request.
  Time since last request: 0.000017 seconds.
  path: Assets/Asset/Cartoon Temple Building Kit/Fbx/Platforms Stairs Fences/Platforms With Fence/Platform Fence 2x7x13.fbx
  artifactKey: Guid(de0b36b6ba4243e47ba0a3d8038ec33f) Importer(2089858483,d624ce77472d68a35037170ec1d2d27e)
Start importing Assets/Asset/Cartoon Temple Building Kit/Fbx/Platforms Stairs Fences/Platforms With Fence/Platform Fence 2x7x13.fbx using Guid(de0b36b6ba4243e47ba0a3d8038ec33f) Importer(2089858483,d624ce77472d68a35037170ec1d2d27e) (ScriptedImporter) -> (artifact id: '35fe47bd2f42fd18b8ad97a6697e84ec') in 0.0123144 seconds
Number of updated asset objects reloaded before import = 0Number of asset objects unloaded after import = 8

========================================================================
Received Import Request.
  Time since last request: 0.000013 seconds.
  path: Assets/Asset/Cartoon Temple Building Kit/Prefabs/Ground X Prefabs/Ground X Mix Prefabs/Ground X Mix 4x4.prefab
  artifactKey: Guid(59b24224ed39899449a9bcd15f8498b5) Importer(2089858483,d624ce77472d68a35037170ec1d2d27e)
Start importing Assets/Asset/Cartoon Temple Building Kit/Prefabs/Ground X Prefabs/Ground X Mix Prefabs/Ground X Mix 4x4.prefab using Guid(59b24224ed39899449a9bcd15f8498b5) Importer(2089858483,d624ce77472d68a35037170ec1d2d27e) (ScriptedImporter) -> (artifact id: '0677a2b412f6140c289cfdad22a3bcf7') in 0.0076217 seconds
Number of updated asset objects reloaded before import = 0Number of asset objects unloaded after import = 8

========================================================================
Received Import Request.
  Time since last request: 0.000015 seconds.
  path: Assets/Asset/Standard Assets/CrossPlatformInput/Scripts/PlatformSpecific/StandaloneInput.cs
  artifactKey: Guid(9961032f4f02c4f41997c3ea399d2f22) Importer(2089858483,d624ce77472d68a35037170ec1d2d27e)
Start importing Assets/Asset/Standard Assets/CrossPlatformInput/Scripts/PlatformSpecific/StandaloneInput.cs using Guid(9961032f4f02c4f41997c3ea399d2f22) Importer(2089858483,d624ce77472d68a35037170ec1d2d27e) (ScriptedImporter) -> (artifact id: '48425045231e1dab5dff4e4aadcd3307') in 0.0030709 seconds
Number of updated asset objects reloaded before import = 0Number of asset objects unloaded after import = 0

========================================================================
Received Import Request.
  Time since last request: 0.000039 seconds.
  path: Assets/GoogleMobileAds/Editor/Resources/PlaceholderAds/Banners/BANNER.prefab
  artifactKey: Guid(b2a8ac187bcca47a286cb00c8094da36) Importer(2089858483,d624ce77472d68a35037170ec1d2d27e)
Start importing Assets/GoogleMobileAds/Editor/Resources/PlaceholderAds/Banners/BANNER.prefab using Guid(b2a8ac187bcca47a286cb00c8094da36) Importer(2089858483,d624ce77472d68a35037170ec1d2d27e) (ScriptedImporter) -> (artifact id: '9b989e09a22cfd9e5dd194d76eda22bb') in 0.0103825 seconds
Number of updated asset objects reloaded before import = 0Number of asset objects unloaded after import = 13

========================================================================
Received Import Request.
  Time since last request: 0.000014 seconds.
  path: Assets/Asset/Cartoon Temple Building Kit/Fbx/Ground X/Ground X Dark/Ground X Dark 1x4.fbx
  artifactKey: Guid(a368cf0e5a282db49853af619923298d) Importer(2089858483,d624ce77472d68a35037170ec1d2d27e)
Start importing Assets/Asset/Cartoon Temple Building Kit/Fbx/Ground X/Ground X Dark/Ground X Dark 1x4.fbx using Guid(a368cf0e5a282db49853af619923298d) Importer(2089858483,d624ce77472d68a35037170ec1d2d27e) (ScriptedImporter) -> (artifact id: '93a89be2a17c7b34bc04eeaa031d4299') in 0.0156814 seconds
Number of updated asset objects reloaded before import = 0Number of asset objects unloaded after import = 8

========================================================================
Received Import Request.
  Time since last request: 0.000012 seconds.
  path: Assets/Asset/Cartoon Temple Building Kit/Prefabs/Decorative Prefabs/Idol/Idol 4.prefab
  artifactKey: Guid(47f4bdff69a722841a7869cbf7d88810) Importer(2089858483,d624ce77472d68a35037170ec1d2d27e)
Start importing Assets/Asset/Cartoon Temple Building Kit/Prefabs/Decorative Prefabs/Idol/Idol 4.prefab using Guid(47f4bdff69a722841a7869cbf7d88810) Importer(2089858483,d624ce77472d68a35037170ec1d2d27e) (ScriptedImporter) -> (artifact id: '3833a319d475385a8ff9f6326be056b9') in 0.0073868 seconds
Number of updated asset objects reloaded before import = 0Number of asset objects unloaded after import = 8

========================================================================
Received Import Request.
  Time since last request: 0.000013 seconds.
  path: Assets/Asset/Cartoon Temple Building Kit/Fbx/Ground X/Ground X Dark Flat/Ground X Dark Flat 2x2.fbx
  artifactKey: Guid(62cdd14b5a9f91f4f9083a0b05fa1772) Importer(2089858483,d624ce77472d68a35037170ec1d2d27e)
Start importing Assets/Asset/Cartoon Temple Building Kit/Fbx/Ground X/Ground X Dark Flat/Ground X Dark Flat 2x2.fbx using Guid(62cdd14b5a9f91f4f9083a0b05fa1772) Importer(2089858483,d624ce77472d68a35037170ec1d2d27e) (ScriptedImporter) -> (artifact id: '88b4a24a89e32fefec626f26d096a1b9') in 0.0130858 seconds
Number of updated asset objects reloaded before import = 0Number of asset objects unloaded after import = 8

========================================================================
Received Import Request.
  Time since last request: 0.000017 seconds.
  path: Assets/Asset/FarlandSkies/Skyboxes/CloudyCrown_01_Midday/Textures/CloudyCrown_Midday_Up.png
  artifactKey: Guid(4e02df907356e0848a5d76021b80192a) Importer(2089858483,d624ce77472d68a35037170ec1d2d27e)
Start importing Assets/Asset/FarlandSkies/Skyboxes/CloudyCrown_01_Midday/Textures/CloudyCrown_Midday_Up.png using Guid(4e02df907356e0848a5d76021b80192a) Importer(2089858483,d624ce77472d68a35037170ec1d2d27e) (ScriptedImporter) -> (artifact id: '8c54c741984762d498d7cb3d2d3abd1d') in 0.0138728 seconds
Number of updated asset objects reloaded before import = 0Number of asset objects unloaded after import = 1

========================================================================
Received Import Request.
  Time since last request: 0.000025 seconds.
  path: Assets/Asset/Simple UI/Simple Vector Icons/128px/UI_Icon_CurrencyYen.png
  artifactKey: Guid(51dc20df08e604f4a89561ea078e5270) Importer(2089858483,d624ce77472d68a35037170ec1d2d27e)
Start importing Assets/Asset/Simple UI/Simple Vector Icons/128px/UI_Icon_CurrencyYen.png using Guid(51dc20df08e604f4a89561ea078e5270) Importer(2089858483,d624ce77472d68a35037170ec1d2d27e) (ScriptedImporter) -> (artifact id: 'a60813f19ee07208271e8fab022934e9') in 0.0156444 seconds
Number of updated asset objects reloaded before import = 0Number of asset objects unloaded after import = 3

========================================================================
Received Import Request.
  Time since last request: 0.000012 seconds.
  path: Assets/Asset/Simple UI/Simple Vector Icons/128px/UI_Icon_SoundOff.png
  artifactKey: Guid(c1439c82ab3d143d0a37dbf58bec5491) Importer(2089858483,d624ce77472d68a35037170ec1d2d27e)
Start importing Assets/Asset/Simple UI/Simple Vector Icons/128px/UI_Icon_SoundOff.png using Guid(c1439c82ab3d143d0a37dbf58bec5491) Importer(2089858483,d624ce77472d68a35037170ec1d2d27e) (ScriptedImporter) -> (artifact id: '50b07cd7278aa3ee5d7b5eb00458e9b4') in 0.0121153 seconds
Number of updated asset objects reloaded before import = 0Number of asset objects unloaded after import = 3

========================================================================
Received Import Request.
  Time since last request: 0.000013 seconds.
  path: Assets/Asset/Cartoon Temple Building Kit/Prefabs/Decorative Prefabs/Misc/Wall Lantern With Orb.prefab
  artifactKey: Guid(dd083ccb5ffa8c84e8d6c09cc326beb3) Importer(2089858483,d624ce77472d68a35037170ec1d2d27e)
Start importing Assets/Asset/Cartoon Temple Building Kit/Prefabs/Decorative Prefabs/Misc/Wall Lantern With Orb.prefab using Guid(dd083ccb5ffa8c84e8d6c09cc326beb3) Importer(2089858483,d624ce77472d68a35037170ec1d2d27e) (ScriptedImporter) -> (artifact id: '520abaac1416a52344835a3c4ab9f675') in 0.010483 seconds
Number of updated asset objects reloaded before import = 0Number of asset objects unloaded after import = 13

========================================================================
Received Import Request.
  Time since last request: 0.000016 seconds.
  path: Assets/Asset/Simple UI/Simple Vector Icons/Source/SimpleVectorIcons.psd
  artifactKey: Guid(c7c32571618c742fda15f890060ba9be) Importer(2089858483,d624ce77472d68a35037170ec1d2d27e)
Start importing Assets/Asset/Simple UI/Simple Vector Icons/Source/SimpleVectorIcons.psd using Guid(c7c32571618c742fda15f890060ba9be) Importer(2089858483,d624ce77472d68a35037170ec1d2d27e) (ScriptedImporter) -> (artifact id: 'dfaf748ce46ef8030fa9903773c55c20') in 0.0115356 seconds
Number of updated asset objects reloaded before import = 0Number of asset objects unloaded after import = 1

========================================================================
Received Import Request.
  Time since last request: 0.000012 seconds.
  path: Assets/Asset/Standard Assets/CrossPlatformInput/Prefabs/MobileSingleStickControl.prefab
  artifactKey: Guid(9529ecc3d479da5499993355e6c2cb4f) Importer(2089858483,d624ce77472d68a35037170ec1d2d27e)
Start importing Assets/Asset/Standard Assets/CrossPlatformInput/Prefabs/MobileSingleStickControl.prefab using Guid(9529ecc3d479da5499993355e6c2cb4f) Importer(2089858483,d624ce77472d68a35037170ec1d2d27e) (ScriptedImporter) -> (artifact id: '85ec9f098e7b96d7310f8905ac268a34') in 0.0088289 seconds
Number of updated asset objects reloaded before import = 0Number of asset objects unloaded after import = 25

========================================================================
Received Import Request.
  Time since last request: 0.000014 seconds.
  path: Assets/Asset/Cartoon Temple Building Kit/Fbx/Decorative/FloorBlocks Corners Walls/Floor Blocks 12.fbx
  artifactKey: Guid(e8e4f6970ef10f54b8ee4aadb8e29bff) Importer(2089858483,d624ce77472d68a35037170ec1d2d27e)
Start importing Assets/Asset/Cartoon Temple Building Kit/Fbx/Decorative/FloorBlocks Corners Walls/Floor Blocks 12.fbx using Guid(e8e4f6970ef10f54b8ee4aadb8e29bff) Importer(2089858483,d624ce77472d68a35037170ec1d2d27e) (ScriptedImporter) -> (artifact id: '1e63d51aa0898ca1bc8342673623772c') in 0.015371 seconds
Number of updated asset objects reloaded before import = 0Number of asset objects unloaded after import = 8

========================================================================
Received Import Request.
  Time since last request: 0.000012 seconds.
  path: Assets/Asset/Cartoon Temple Building Kit/Fbx/Ground X/Ground X Mix/Ground X Mix 1x8.fbx
  artifactKey: Guid(1696e9c852a98134f8ddccd6f2c7468e) Importer(2089858483,d624ce77472d68a35037170ec1d2d27e)
Start importing Assets/Asset/Cartoon Temple Building Kit/Fbx/Ground X/Ground X Mix/Ground X Mix 1x8.fbx using Guid(1696e9c852a98134f8ddccd6f2c7468e) Importer(2089858483,d624ce77472d68a35037170ec1d2d27e) (ScriptedImporter) -> (artifact id: '15c9ba7522aca668b571883c17deb59a') in 0.0129688 seconds
Number of updated asset objects reloaded before import = 0Number of asset objects unloaded after import = 8

========================================================================
Received Import Request.
  Time since last request: 0.000015 seconds.
  path: Assets/Asset/Cartoon Temple Building Kit/Fbx/Decorative/FloorBlocks Corners Walls/Materials/Cartoon Temple Builder Kit.mat
  artifactKey: Guid(56fe05bd1a574554a9771ed5752a00fa) Importer(2089858483,d624ce77472d68a35037170ec1d2d27e)
Start importing Assets/Asset/Cartoon Temple Building Kit/Fbx/Decorative/FloorBlocks Corners Walls/Materials/Cartoon Temple Builder Kit.mat using Guid(56fe05bd1a574554a9771ed5752a00fa) Importer(2089858483,d624ce77472d68a35037170ec1d2d27e) (ScriptedImporter) -> (artifact id: '4d617f471f2f345492d6cb08369e9616') in 0.0069813 seconds
Number of updated asset objects reloaded before import = 0Number of asset objects unloaded after import = 2

========================================================================
Received Import Request.
  Time since last request: 0.000015 seconds.
  path: Assets/Asset/Simple UI/Simple Vector Icons/128px/UI_Icon_Confirm.png
  artifactKey: Guid(88924534b9ea345778719b733ed99479) Importer(2089858483,d624ce77472d68a35037170ec1d2d27e)
Start importing Assets/Asset/Simple UI/Simple Vector Icons/128px/UI_Icon_Confirm.png using Guid(88924534b9ea345778719b733ed99479) Importer(2089858483,d624ce77472d68a35037170ec1d2d27e) (ScriptedImporter) -> (artifact id: 'eb297da6994b3e4878dec75b56b8da0f') in 0.0154853 seconds
Number of updated asset objects reloaded before import = 0Number of asset objects unloaded after import = 3

========================================================================
Received Import Request.
  Time since last request: 0.000016 seconds.
  path: Assets/GoogleMobileAds/Editor/Resources/PlaceholderAds/AdImages/AdInspectorHome.png
  artifactKey: Guid(d271d6a1aed6848559ecad6252e333b1) Importer(2089858483,d624ce77472d68a35037170ec1d2d27e)
Start importing Assets/GoogleMobileAds/Editor/Resources/PlaceholderAds/AdImages/AdInspectorHome.png using Guid(d271d6a1aed6848559ecad6252e333b1) Importer(2089858483,d624ce77472d68a35037170ec1d2d27e) (ScriptedImporter) -> (artifact id: '5462a780aa9673574040b01b385804cd') in 0.0171408 seconds
Number of updated asset objects reloaded before import = 0Number of asset objects unloaded after import = 3

========================================================================
Received Import Request.
  Time since last request: 0.000016 seconds.
  path: Assets/Asset/Simple UI/Simple Vector Icons/128px/UI_Icon_NewPlayer.png
  artifactKey: Guid(43b12a9fd2753417d810ea2952bb5c70) Importer(2089858483,d624ce77472d68a35037170ec1d2d27e)
Start importing Assets/Asset/Simple UI/Simple Vector Icons/128px/UI_Icon_NewPlayer.png using Guid(43b12a9fd2753417d810ea2952bb5c70) Importer(2089858483,d624ce77472d68a35037170ec1d2d27e) (ScriptedImporter) -> (artifact id: 'ed2bbe2662c1bac11c30a485596d5bea') in 0.0141959 seconds
Number of updated asset objects reloaded before import = 0Number of asset objects unloaded after import = 3

========================================================================
Received Import Request.
  Time since last request: 0.000014 seconds.
  path: Assets/Asset/Cartoon Temple Building Kit/Fbx/Ground +/Ground + Mix/Ground + Mix 2x2.fbx
  artifactKey: Guid(ae6b311317f398749991f98896be54a1) Importer(2089858483,d624ce77472d68a35037170ec1d2d27e)
Start importing Assets/Asset/Cartoon Temple Building Kit/Fbx/Ground +/Ground + Mix/Ground + Mix 2x2.fbx using Guid(ae6b311317f398749991f98896be54a1) Importer(2089858483,d624ce77472d68a35037170ec1d2d27e) (ScriptedImporter) -> (artifact id: '7ec214c6da29006c69dcef16118a274d') in 0.0149201 seconds
Number of updated asset objects reloaded before import = 0Number of asset objects unloaded after import = 8

========================================================================
Received Import Request.
  Time since last request: 0.000017 seconds.
  path: Assets/Asset/Simple UI/Simple Vector Icons/128px/UI_Icon_CurrencyRuble.png
  artifactKey: Guid(b960247ed33f94932a571b7d8f190005) Importer(2089858483,d624ce77472d68a35037170ec1d2d27e)
Start importing Assets/Asset/Simple UI/Simple Vector Icons/128px/UI_Icon_CurrencyRuble.png using Guid(b960247ed33f94932a571b7d8f190005) Importer(2089858483,d624ce77472d68a35037170ec1d2d27e) (ScriptedImporter) -> (artifact id: '7ccba4224078d1ce387f3398246975fa') in 0.0129944 seconds
Number of updated asset objects reloaded before import = 0Number of asset objects unloaded after import = 3

========================================================================
Received Import Request.
  Time since last request: 0.000017 seconds.
  path: Assets/GoogleMobileAds/Editor/Resources/PlaceholderAds/AdImages/728x90.png
  artifactKey: Guid(cfead63ff9d9d48e2b4ba3c2dee7cea9) Importer(2089858483,d624ce77472d68a35037170ec1d2d27e)
Start importing Assets/GoogleMobileAds/Editor/Resources/PlaceholderAds/AdImages/728x90.png using Guid(cfead63ff9d9d48e2b4ba3c2dee7cea9) Importer(2089858483,d624ce77472d68a35037170ec1d2d27e) (ScriptedImporter) -> (artifact id: '63cce274f2198856483ffa5bf02de065') in 0.0133059 seconds
Number of updated asset objects reloaded before import = 0Number of asset objects unloaded after import = 3

========================================================================
Received Import Request.
  Time since last request: 0.000014 seconds.
  path: Assets/Asset/FarlandSkies/Skyboxes/CloudyCrown_02_Evening/Textures/CloudyCrown_Evening_Right.png
  artifactKey: Guid(f33d9e3a86071394c83b568257570dd5) Importer(2089858483,d624ce77472d68a35037170ec1d2d27e)
Start importing Assets/Asset/FarlandSkies/Skyboxes/CloudyCrown_02_Evening/Textures/CloudyCrown_Evening_Right.png using Guid(f33d9e3a86071394c83b568257570dd5) Importer(2089858483,d624ce77472d68a35037170ec1d2d27e) (ScriptedImporter) -> (artifact id: '8d09e8a66115004bb2537facdb3f2617') in 0.0128044 seconds
Number of updated asset objects reloaded before import = 0Number of asset objects unloaded after import = 1

========================================================================
Received Import Request.
  Time since last request: 0.000013 seconds.
  path: Assets/Asset/Cartoon Temple Building Kit/Prefabs/Platforms Stairs Fences Prefabs/Stairs Prefabs/Stairs 3.prefab
  artifactKey: Guid(69206f20216879044bcad16c5fe2bf97) Importer(2089858483,d624ce77472d68a35037170ec1d2d27e)
Start importing Assets/Asset/Cartoon Temple Building Kit/Prefabs/Platforms Stairs Fences Prefabs/Stairs Prefabs/Stairs 3.prefab using Guid(69206f20216879044bcad16c5fe2bf97) Importer(2089858483,d624ce77472d68a35037170ec1d2d27e) (ScriptedImporter) -> (artifact id: '12f879e5a0a5a6d8617c0c8420af5fc0') in 0.009046 seconds
Number of updated asset objects reloaded before import = 0Number of asset objects unloaded after import = 8

========================================================================
Received Import Request.
  Time since last request: 0.000015 seconds.
  path: Assets/Asset/Simple UI/Simple Vector Icons/128px/UI_Icon_FileDocument.png
  artifactKey: Guid(163d5e5b9102a4e448afc1f7e08d4efa) Importer(2089858483,d624ce77472d68a35037170ec1d2d27e)
Start importing Assets/Asset/Simple UI/Simple Vector Icons/128px/UI_Icon_FileDocument.png using Guid(163d5e5b9102a4e448afc1f7e08d4efa) Importer(2089858483,d624ce77472d68a35037170ec1d2d27e) (ScriptedImporter) -> (artifact id: 'c453551d184f3383670f4a7cd35dd42b') in 0.014673 seconds
Number of updated asset objects reloaded before import = 0Number of asset objects unloaded after import = 3

========================================================================
Received Import Request.
  Time since last request: 0.000021 seconds.
  path: Assets/Asset/Simple UI/Simple Vector Icons/128px/UI_Icon_FullscreenExit.png
  artifactKey: Guid(40326d99531e547368b3959b040f548d) Importer(2089858483,d624ce77472d68a35037170ec1d2d27e)
Start importing Assets/Asset/Simple UI/Simple Vector Icons/128px/UI_Icon_FullscreenExit.png using Guid(40326d99531e547368b3959b040f548d) Importer(2089858483,d624ce77472d68a35037170ec1d2d27e) (ScriptedImporter) -> (artifact id: 'b6714648f29eda68ace3a2096c45ad6d') in 0.0139498 seconds
Number of updated asset objects reloaded before import = 0Number of asset objects unloaded after import = 3

========================================================================
Received Import Request.
  Time since last request: 0.000013 seconds.
  path: Assets/Asset/Pipes/Pipes/Materials/Textures/Pipes-2_DefaultMaterial_Normal.png
  artifactKey: Guid(2314e0f9c7bba5e498fde540912b04fb) Importer(2089858483,d624ce77472d68a35037170ec1d2d27e)
Start importing Assets/Asset/Pipes/Pipes/Materials/Textures/Pipes-2_DefaultMaterial_Normal.png using Guid(2314e0f9c7bba5e498fde540912b04fb) Importer(2089858483,d624ce77472d68a35037170ec1d2d27e) (ScriptedImporter) -> (artifact id: '8e6d1229179db704550f5072a8c45566') in 0.0131153 seconds
Number of updated asset objects reloaded before import = 0Number of asset objects unloaded after import = 1

========================================================================
Received Import Request.
  Time since last request: 0.000019 seconds.
  path: Assets/Asset/Pipes/Pipes/Mesh/obj/pipe_col_2.obj
  artifactKey: Guid(b6dd57b699cc5f448aad9dd6d7bdb85d) Importer(2089858483,d624ce77472d68a35037170ec1d2d27e)
Start importing Assets/Asset/Pipes/Pipes/Mesh/obj/pipe_col_2.obj using Guid(b6dd57b699cc5f448aad9dd6d7bdb85d) Importer(2089858483,d624ce77472d68a35037170ec1d2d27e) (ScriptedImporter) -> (artifact id: '648a85a5a2f1e2fb23d17be0684d8577') in 0.0108096 seconds
Number of updated asset objects reloaded before import = 0Number of asset objects unloaded after import = 9

========================================================================
Received Import Request.
  Time since last request: 0.000012 seconds.
  path: Assets/Asset/Simple UI/Simple Vector Icons/128px/UI_Icon_CardDiamonds.png
  artifactKey: Guid(39dca1c9ed1a04f6f92c42352ccbce3b) Importer(2089858483,d624ce77472d68a35037170ec1d2d27e)
Start importing Assets/Asset/Simple UI/Simple Vector Icons/128px/UI_Icon_CardDiamonds.png using Guid(39dca1c9ed1a04f6f92c42352ccbce3b) Importer(2089858483,d624ce77472d68a35037170ec1d2d27e) (ScriptedImporter) -> (artifact id: '329e320507b1949d0536b99bd3f99e68') in 0.0118173 seconds
Number of updated asset objects reloaded before import = 0Number of asset objects unloaded after import = 3

========================================================================
Received Import Request.
  Time since last request: 0.000015 seconds.
  path: Assets/Asset/FarlandSkies/Skyboxes/CloudyCrown_01_Midday/Textures/CloudyCrown_Midday_Right.png
  artifactKey: Guid(14877617607f5fb47af48fcd766426ad) Importer(2089858483,d624ce77472d68a35037170ec1d2d27e)
Start importing Assets/Asset/FarlandSkies/Skyboxes/CloudyCrown_01_Midday/Textures/CloudyCrown_Midday_Right.png using Guid(14877617607f5fb47af48fcd766426ad) Importer(2089858483,d624ce77472d68a35037170ec1d2d27e) (ScriptedImporter) -> (artifact id: '66449e6119b391f206663e9d69d1d667') in 0.0122365 seconds
Number of updated asset objects reloaded before import = 0Number of asset objects unloaded after import = 1

========================================================================
Received Import Request.
  Time since last request: 0.000014 seconds.
  path: Assets/Asset/Cartoon Temple Building Kit/Fbx/Ground +/Ground + Mix/Ground + Mix 2x4.fbx
  artifactKey: Guid(8b484a9147300714eb830ff3c0e495aa) Importer(2089858483,d624ce77472d68a35037170ec1d2d27e)
Start importing Assets/Asset/Cartoon Temple Building Kit/Fbx/Ground +/Ground + Mix/Ground + Mix 2x4.fbx using Guid(8b484a9147300714eb830ff3c0e495aa) Importer(2089858483,d624ce77472d68a35037170ec1d2d27e) (ScriptedImporter) -> (artifact id: 'a6b73a89326e6f68fee45b5fb48b88ed') in 0.0124578 seconds
Number of updated asset objects reloaded before import = 0Number of asset objects unloaded after import = 8

========================================================================
Received Import Request.
  Time since last request: 0.000013 seconds.
  path: Assets/Asset/Cartoon Temple Building Kit/Fbx/Ground Path/Ground Path/Ground Path Corner.fbx
  artifactKey: Guid(55ea637da60fa214b98e9c50f87d082b) Importer(2089858483,d624ce77472d68a35037170ec1d2d27e)
Start importing Assets/Asset/Cartoon Temple Building Kit/Fbx/Ground Path/Ground Path/Ground Path Corner.fbx using Guid(55ea637da60fa214b98e9c50f87d082b) Importer(2089858483,d624ce77472d68a35037170ec1d2d27e) (ScriptedImporter) -> (artifact id: 'a8726990f5dc5a44f897bbf56878b276') in 0.0158962 seconds
Number of updated asset objects reloaded before import = 0Number of asset objects unloaded after import = 8

========================================================================
Received Import Request.
  Time since last request: 0.000012 seconds.
  path: Assets/Asset/Cartoon Temple Building Kit/Prefabs/Decorative Prefabs/Idol/Idol Hat.prefab
  artifactKey: Guid(c92c2aca1ed8a484490ad5b376619e03) Importer(2089858483,d624ce77472d68a35037170ec1d2d27e)
Start importing Assets/Asset/Cartoon Temple Building Kit/Prefabs/Decorative Prefabs/Idol/Idol Hat.prefab using Guid(c92c2aca1ed8a484490ad5b376619e03) Importer(2089858483,d624ce77472d68a35037170ec1d2d27e) (ScriptedImporter) -> (artifact id: 'bdc31ff88e048b7bbfad8834ca818907') in 0.0102303 seconds
Number of updated asset objects reloaded before import = 0Number of asset objects unloaded after import = 8

========================================================================
Received Import Request.
  Time since last request: 0.000013 seconds.
  path: Assets/Asset/Cartoon Temple Building Kit/Fbx/Ground +/Ground + Dark/Ground + Dark 1x4.fbx
  artifactKey: Guid(eb69e5058fb112e4894cdb57ac626d81) Importer(2089858483,d624ce77472d68a35037170ec1d2d27e)
Start importing Assets/Asset/Cartoon Temple Building Kit/Fbx/Ground +/Ground + Dark/Ground + Dark 1x4.fbx using Guid(eb69e5058fb112e4894cdb57ac626d81) Importer(2089858483,d624ce77472d68a35037170ec1d2d27e) (ScriptedImporter) -> (artifact id: '5ebea779bdef44fcbba9a4f3e72a33e9') in 0.0153037 seconds
Number of updated asset objects reloaded before import = 0Number of asset objects unloaded after import = 8

========================================================================
Received Import Request.
  Time since last request: 0.000013 seconds.
  path: Assets/Asset/Cartoon Temple Building Kit/Fbx/Platforms Stairs Fences/Fences/Fence 4 Bright.fbx
  artifactKey: Guid(8cbc83db2e1668a4ba6eed176660d7f9) Importer(2089858483,d624ce77472d68a35037170ec1d2d27e)
Start importing Assets/Asset/Cartoon Temple Building Kit/Fbx/Platforms Stairs Fences/Fences/Fence 4 Bright.fbx using Guid(8cbc83db2e1668a4ba6eed176660d7f9) Importer(2089858483,d624ce77472d68a35037170ec1d2d27e) (ScriptedImporter) -> (artifact id: 'b6cfc4b7f8d2f6785a3004a7a26785e8') in 0.0153932 seconds
Number of updated asset objects reloaded before import = 0Number of asset objects unloaded after import = 8

========================================================================
Received Import Request.
  Time since last request: 0.000014 seconds.
  path: Assets/Asset/Cartoon Temple Building Kit/Fbx/Doors Gates Hallways/Materials/Cartoon Temple Builder Kit.mat
  artifactKey: Guid(be425a8b52ecdb84ebe555ac5859b087) Importer(2089858483,d624ce77472d68a35037170ec1d2d27e)
Start importing Assets/Asset/Cartoon Temple Building Kit/Fbx/Doors Gates Hallways/Materials/Cartoon Temple Builder Kit.mat using Guid(be425a8b52ecdb84ebe555ac5859b087) Importer(2089858483,d624ce77472d68a35037170ec1d2d27e) (ScriptedImporter) -> (artifact id: 'fc0805fbbf3cea7175fd30beb3a3e1f5') in 0.0488245 seconds
Number of updated asset objects reloaded before import = 0Number of asset objects unloaded after import = 2

========================================================================
Received Import Request.
  Time since last request: 0.000012 seconds.
  path: Assets/Asset/Simple UI/Simple Vector Icons/128px/UI_Icon_SmileyUnhappy.png
  artifactKey: Guid(f2643421932a441f294d812ebfcf924f) Importer(2089858483,d624ce77472d68a35037170ec1d2d27e)
Start importing Assets/Asset/Simple UI/Simple Vector Icons/128px/UI_Icon_SmileyUnhappy.png using Guid(f2643421932a441f294d812ebfcf924f) Importer(2089858483,d624ce77472d68a35037170ec1d2d27e) (ScriptedImporter) -> (artifact id: '862f075e574da736ea9032de2daf05db') in 0.01157 seconds
Number of updated asset objects reloaded before import = 0Number of asset objects unloaded after import = 3

========================================================================
Received Import Request.
  Time since last request: 0.000012 seconds.
  path: Assets/Asset/Cartoon Temple Building Kit/Prefabs/Ground X Prefabs/Ground X Mix Prefabs/Ground X Mix 1x2.prefab
  artifactKey: Guid(f111547fc0a5f504e8fbf9bd011be6d6) Importer(2089858483,d624ce77472d68a35037170ec1d2d27e)
Start importing Assets/Asset/Cartoon Temple Building Kit/Prefabs/Ground X Prefabs/Ground X Mix Prefabs/Ground X Mix 1x2.prefab using Guid(f111547fc0a5f504e8fbf9bd011be6d6) Importer(2089858483,d624ce77472d68a35037170ec1d2d27e) (ScriptedImporter) -> (artifact id: 'ee614ba5be1a56e2368ade5713c318b0') in 0.0100744 seconds
Number of updated asset objects reloaded before import = 0Number of asset objects unloaded after import = 8

Editor requested this worker to shutdown with reason: Scaling down because of idle timeout
AssetImportWorker is now disconnected from the server
Process exiting
Exiting without the bug reporter. Application will terminate with return code 0