[Licensing::Module] Trying to connect to existing licensing client channel...
Built from '6000.3/respin/6000.3.6f1-732c1ec89f18' branch; Version is '6000.3.6f1 (bbb010bdb8a3) revision 12300304'; Using compiler version '194234433'; Build Type 'Release'
[Licensing::IpcConnector] Successfully connected to: "LicenseClient-0qO4RG0smNyzMicC1YpnT" at "2026-02-26T16:04:09.9394561Z"
OS: 'Windows 10  (10.0.19045) 64bit Professional' Language: 'tr' Physical Memory: 65451 MB
BatchMode: 1, IsHumanControllingUs: 0, StartBugReporterOnCrash: 0, Is64bit: 1
System  architecture: x64
Process architecture: x64
Date: 2026-02-26T16:04:09Z

COMMAND LINE ARGUMENTS:
C:\Program Files\Unity\Hub\Editor\6000.3.6f1\Editor\Unity.exe
-adb2
-batchMode
-noUpm
-name
AssetImportWorker1
-projectPath
C:/Users/SIBEL/Documents/UnityProjects/Ball Game 3D New Generation
-logFile
Logs/AssetImportWorker1.log
-srvPort
64767
-licensingIpc
LicenseClient-0qO4RG0smNyzMicC1YpnT
-job-worker-count
5
-background-job-worker-count
8
-gc-helper-count
1
-name
AssetImport
Successfully changed project path to: C:/Users/SIBEL/Documents/UnityProjects/Ball Game 3D New Generation
C:/Users/SIBEL/Documents/UnityProjects/Ball Game 3D New Generation
[UnityMemory] Configuration Parameters - Can be set up in boot.config
    "memorysetup-temp-allocator-size-nav-mesh-worker=65536"
    "memorysetup-temp-allocator-size-audio-worker=65536"
    "memorysetup-temp-allocator-size-gfx=262144"
    "memorysetup-allocator-temp-initial-block-size-main=262144"
    "memorysetup-allocator-temp-initial-block-size-worker=262144"
    "memorysetup-temp-allocator-size-background-worker=32768"
    "memorysetup-temp-allocator-size-job-worker=262144"
    "memorysetup-temp-allocator-size-preload-manager=33554432"
    "memorysetup-temp-allocator-size-gi-baking-worker=262144"
    "memorysetup-temp-allocator-size-gi-baking-worker=262144"
    "memorysetup-temp-allocator-size-gi-baking-worker=262144"
    "memorysetup-temp-allocator-size-gi-baking-worker=262144"
    "memorysetup-temp-allocator-size-gi-baking-worker=262144"
    "memorysetup-bucket-allocator-granularity=16"
    "memorysetup-bucket-allocator-bucket-count=8"
    "memorysetup-bucket-allocator-block-size=33554432"
    "memorysetup-bucket-allocator-block-count=8"
    "memorysetup-main-allocator-block-size=16777216"
    "memorysetup-thread-allocator-block-size=16777216"
    "memorysetup-gfx-main-allocator-block-size=16777216"
    "memorysetup-gfx-thread-allocator-block-size=16777216"
    "memorysetup-cache-allocator-block-size=4194304"
    "memorysetup-typetree-allocator-block-size=2097152"
    "memorysetup-profiler-bucket-allocator-granularity=16"
    "memorysetup-profiler-bucket-allocator-bucket-count=8"
    "memorysetup-profiler-bucket-allocator-block-size=33554432"
    "memorysetup-profiler-bucket-allocator-block-count=8"
    "memorysetup-profiler-allocator-block-size=16777216"
    "memorysetup-profiler-editor-allocator-block-size=1048576"
    "memorysetup-temp-allocator-size-main=16777216"
    "memorysetup-job-temp-allocator-block-size=2097152"
    "memorysetup-job-temp-allocator-block-size-background=1048576"
    "memorysetup-job-temp-allocator-reduction-small-platforms=262144"
    "memorysetup-temp-allocator-size-cloud-worker=32768"
Player connection [31352]  Target information:

Player connection [31352]  * "[IP] 192.168.1.33 [Port] 0 [Flags] 2 [Guid] 2388541576 [EditorId] 2388541576 [Version] 1048832 [Id] WindowsEditor(7,DESKTOP-BD7EVPL) [Debug] 1 [PackageName] WindowsEditor [ProjectName] Editor" 

Player connection [31352] Host joined multi-casting on [225.0.0.222:54997]...
Player connection [31352] Host joined alternative multi-casting on [225.0.0.222:34997]...
JobSystem: Creating JobQueue using job-worker-count value 5
Input System module state changed to: Initialized.
[Physics::Module] Initialized fallback backend.
[Physics::Module] Id: 0xdecafbad
Library Redirect Path: Library/
[Physics::Module] Selected backend.
[Physics::Module] Name: PhysX
[Physics::Module] Id: 0xf2b8ea05
[Physics::Module] SDK Version: 4.1.2
[Physics::Module] Integration Version: 1.0.0
[Physics::Module] Threading Mode: Multi-Threaded
Refreshing native plugins compatible for Editor in 3.45 ms, found 3 plugins.
Preloading 0 native plugins for Editor in 0.00 ms.
Initialize engine version: 6000.3.6f1 (bbb010bdb8a3)
[Subsystems] Discovering subsystems at path C:/Program Files/Unity/Hub/Editor/6000.3.6f1/Editor/Data/Resources/UnitySubsystems
[Subsystems] Discovering subsystems at path C:/Users/SIBEL/Documents/UnityProjects/Ball Game 3D New Generation/Assets
GfxDevice: creating device client; kGfxThreadingModeNonThreaded
Direct3D:
    Version:  Direct3D 11.0 [level 11.1]
    Renderer: NVIDIA GeForce RTX 3070 Ti (ID=0x2207)
    Vendor:   NVIDIA
    VRAM:     8017 MB
    Driver:   32.0.15.6094
Initialize mono
Mono path[0] = 'C:/Program Files/Unity/Hub/Editor/6000.3.6f1/Editor/Data/Managed'
Mono path[1] = 'C:/Program Files/Unity/Hub/Editor/6000.3.6f1/Editor/Data/MonoBleedingEdge/lib/mono/unityjit-win32'
Mono config path = 'C:/Program Files/Unity/Hub/Editor/6000.3.6f1/Editor/Data/MonoBleedingEdge/etc'
Using monoOptions --debugger-agent=transport=dt_socket,embedding=1,server=y,suspend=n,address=127.0.0.1:56200
Begin MonoManager ReloadAssembly
[Licensing::Client] Handshaking with LicensingClient:
  Version:                 1.17.4+4293ba1
  Session Id:              7443495db11e4ef0bacae1319722fac6
  Correlation Id:          a74b6858ba237ce04b2847156c6777c9
  External correlation Id: 212872861066109681
  Machine Id:              /6zaNv+6eGLL6qn56fjxQ807t4U=
[Licensing::Module] Successfully connected to LicensingClient on channel: "LicenseClient-0qO4RG0smNyzMicC1YpnT" (connect: 0.00s, validation: 0.00s, handshake: 0.84s)
[Licensing::IpcConnector] Successfully connected to: "LicenseClient-0qO4RG0smNyzMicC1YpnT-notifications" at "2026-02-26T16:04:10.7838308Z"
[Licensing::Module] Licensing Background thread has ended after 0.84s
Registering precompiled unity dll's ...
Register platform support module: C:/Program Files/Unity/Hub/Editor/6000.3.6f1/Editor/Data/PlaybackEngines/WindowsStandaloneSupport/UnityEditor.WindowsStandalone.Extensions.dll
[Licensing::Client] Successfully resolved entitlement details
[Licensing::Module] License group:
  Id: F4-G4K8-TRJR-MNCK-3D9U-XXXX
  Product: Unity Personal
  Type: ULF
  Expiration: Unlimited
[Licensing::Module] License group:
  Id: 5920867-UnityPersXXXX
  Product: Unity Personal
  Type: Assigned
  Expiration: Unlimited
Register platform support module: C:/Program Files/Unity/Hub/Editor/6000.3.6f1/Editor/Data/PlaybackEngines/AndroidPlayer/UnityEditor.Android.Extensions.dll
Registered in 0.003917 seconds.
- Loaded All Assemblies, in  0.442 seconds
Native extension for Android target not found
Android Extension - Scanning For ADB Devices 971 ms
Native extension for WindowsStandalone target not found
ScheduleIndexationOnStartup MainProcess:False IndexOnStartup:True
Mono: successfully reloaded assembly
- Finished resetting the current domain, in  1.451 seconds
Domain Reload Profiling: 1890ms
	BeginReloadAssembly (170ms)
		ExecutionOrderSort (0ms)
		DisableScriptedObjects (0ms)
		BackupInstance (0ms)
		ReleaseScriptingObjects (0ms)
		CreateAndSetChildDomain (1ms)
	RebuildCommonClasses (44ms)
	RebuildNativeTypeToScriptingClass (12ms)
	initialDomainReloadingComplete (52ms)
	LoadAllAssembliesAndSetupDomain (160ms)
		LoadAssemblies (164ms)
		RebuildTransferFunctionScriptingTraits (0ms)
		AnalyzeDomain (156ms)
			TypeCache.Refresh (155ms)
				TypeCache.ScanAssembly (143ms)
			BuildScriptInfoCaches (0ms)
			ResolveRequiredComponents (0ms)
	FinalizeReload (1452ms)
		ReleaseScriptCaches (0ms)
		RebuildScriptCaches (0ms)
		SetupLoadedEditorAssemblies (1421ms)
			LogAssemblyErrors (0ms)
			InitializePlatformSupportModulesInManaged (1062ms)
			SetLoadedEditorAssemblies (8ms)
			BeforeProcessingInitializeOnLoad (119ms)
			ProcessInitializeOnLoadAttributes (163ms)
			ProcessInitializeOnLoadMethodAttributes (69ms)
			AfterProcessingInitializeOnLoad (0ms)
			EditorAssembliesLoaded (0ms)
		ExecutionOrderSort2 (0ms)
		AwakeInstancesAfterBackupRestoration (0ms)
========================================================================
Worker process is ready to serve import requests
Import Worker Mode flag is 0x00
Begin MonoManager ReloadAssembly
[Licensing::Client] Successfully resolved entitlement details
[Licensing::Module] License group:
  Id: F4-G4K8-TRJR-MNCK-3D9U-XXXX
  Product: Unity Personal
  Type: ULF
  Expiration: Unlimited
[Licensing::Module] License group:
  Id: 5920867-UnityPersXXXX
  Product: Unity Personal
  Type: Assigned
  Expiration: Unlimited
- Loaded All Assemblies, in  0.872 seconds
Refreshing native plugins compatible for Editor in 2.50 ms, found 3 plugins.
Native extension for Android target not found
Native extension for WindowsStandalone target not found
Package Manager log level set to [2]
[Package Manager] Failed to launch server process. Reason: Unity was launched with the -noUpm command-line argument
[Package Manager] Unable to send message (not connected to server process).
[Package Manager] Cannot connect to Unity Package Manager local server
ScheduleIndexationOnStartup MainProcess:False IndexOnStartup:True
Mono: successfully reloaded assembly
- Finished resetting the current domain, in  0.778 seconds
Domain Reload Profiling: 1645ms
	BeginReloadAssembly (210ms)
		ExecutionOrderSort (0ms)
		DisableScriptedObjects (6ms)
		BackupInstance (0ms)
		ReleaseScriptingObjects (0ms)
		CreateAndSetChildDomain (41ms)
	RebuildCommonClasses (40ms)
	RebuildNativeTypeToScriptingClass (12ms)
	initialDomainReloadingComplete (52ms)
	LoadAllAssembliesAndSetupDomain (553ms)
		LoadAssemblies (427ms)
		RebuildTransferFunctionScriptingTraits (0ms)
		AnalyzeDomain (241ms)
			TypeCache.Refresh (179ms)
				TypeCache.ScanAssembly (162ms)
			BuildScriptInfoCaches (51ms)
			ResolveRequiredComponents (7ms)
	FinalizeReload (778ms)
		ReleaseScriptCaches (0ms)
		RebuildScriptCaches (0ms)
		SetupLoadedEditorAssemblies (643ms)
			LogAssemblyErrors (0ms)
			InitializePlatformSupportModulesInManaged (14ms)
			SetLoadedEditorAssemblies (7ms)
			BeforeProcessingInitializeOnLoad (206ms)
			ProcessInitializeOnLoadAttributes (370ms)
			ProcessInitializeOnLoadMethodAttributes (39ms)
			AfterProcessingInitializeOnLoad (7ms)
			EditorAssembliesLoaded (0ms)
		ExecutionOrderSort2 (0ms)
		AwakeInstancesAfterBackupRestoration (6ms)
Launched and connected shader compiler UnityShaderCompiler.exe after 0.01 seconds
Refreshing native plugins compatible for Editor in 1.86 ms, found 3 plugins.
Preloading 0 native plugins for Editor in 0.00 ms.
Unloading 0 Unused Serialized files (Serialized files now loaded: 0)
Unloading 3632 unused Assets / (0.9 MB). Loaded Objects now: 4227.
Memory consumption went from 96.3 MB to 95.3 MB.
Total: 6.146600 ms (FindLiveObjects: 0.367400 ms CreateObjectMapping: 0.194700 ms MarkObjects: 4.889000 ms  DeleteObjects: 0.694800 ms)

========================================================================
Received Import Request.
  Time since last request: 29860.574070 seconds.
  path: Assets/Asset/Joystick Pack/Prefabs/Floating Joystick.prefab
  artifactKey: Guid(0d230cc8be529a542a08cb878ab14b18) Importer(2089858483,d624ce77472d68a35037170ec1d2d27e)
Start importing Assets/Asset/Joystick Pack/Prefabs/Floating Joystick.prefab using Guid(0d230cc8be529a542a08cb878ab14b18) Importer(2089858483,d624ce77472d68a35037170ec1d2d27e) (ScriptedImporter) -> (artifact id: 'e206fe2dfb310de73d264f495ccf3c4d') in 0.1402329 seconds
Number of updated asset objects reloaded before import = 0Number of asset objects unloaded after import = 17

========================================================================
Received Import Request.
  Time since last request: 0.000014 seconds.
  path: Assets/Scenes/Level17.unity
  artifactKey: Guid(b3f8b8a21b8388540b07a975eac33276) Importer(2089858483,d624ce77472d68a35037170ec1d2d27e)
Start importing Assets/Scenes/Level17.unity using Guid(b3f8b8a21b8388540b07a975eac33276) Importer(2089858483,d624ce77472d68a35037170ec1d2d27e) (ScriptedImporter) -> (artifact id: '17a75e5529fa94071bc1cfb58f1e260e') in 0.0027771 seconds
Number of updated asset objects reloaded before import = 0Number of asset objects unloaded after import = 1

========================================================================
Received Import Request.
  Time since last request: 0.000056 seconds.
  path: Assets/Scenes/Level08.unity
  artifactKey: Guid(ad32c1ad154958041bceb7db523f4fa8) Importer(2089858483,d624ce77472d68a35037170ec1d2d27e)
Start importing Assets/Scenes/Level08.unity using Guid(ad32c1ad154958041bceb7db523f4fa8) Importer(2089858483,d624ce77472d68a35037170ec1d2d27e) (ScriptedImporter) -> (artifact id: '80e3243b0f94125fcd28489feed8b61c') in 0.0021824 seconds
Number of updated asset objects reloaded before import = 0Number of asset objects unloaded after import = 1

========================================================================
Received Import Request.
  Time since last request: 0.000074 seconds.
  path: Assets/Scenes/TheEnd.unity
  artifactKey: Guid(83252f8e5ea70ee479ddd90e6dea709e) Importer(2089858483,d624ce77472d68a35037170ec1d2d27e)
Start importing Assets/Scenes/TheEnd.unity using Guid(83252f8e5ea70ee479ddd90e6dea709e) Importer(2089858483,d624ce77472d68a35037170ec1d2d27e) (ScriptedImporter) -> (artifact id: '66a1eec184652b8e55883750d1e12a92') in 0.0026764 seconds
Number of updated asset objects reloaded before import = 0Number of asset objects unloaded after import = 1

========================================================================
Received Import Request.
  Time since last request: 0.000071 seconds.
  path: Assets/Textures/Materials/Mesh1_Group1_ModelMat.mat
  artifactKey: Guid(331bb9484962e6a4793a650e24d23f05) Importer(2089858483,d624ce77472d68a35037170ec1d2d27e)
Start importing Assets/Textures/Materials/Mesh1_Group1_ModelMat.mat using Guid(331bb9484962e6a4793a650e24d23f05) Importer(2089858483,d624ce77472d68a35037170ec1d2d27e) (ScriptedImporter) -> (artifact id: '6ffd61435e2d42618f7ef6c03e367cf0') in 0.0161694 seconds
Number of updated asset objects reloaded before import = 0Number of asset objects unloaded after import = 1

========================================================================
Received Import Request.
  Time since last request: 0.000015 seconds.
  path: Assets/Asset/Joystick Pack/Examples/JoystickSetterExample.cs
  artifactKey: Guid(3d73bf03f88f371469fd7b43fc97d77e) Importer(2089858483,d624ce77472d68a35037170ec1d2d27e)
Start importing Assets/Asset/Joystick Pack/Examples/JoystickSetterExample.cs using Guid(3d73bf03f88f371469fd7b43fc97d77e) Importer(2089858483,d624ce77472d68a35037170ec1d2d27e) (ScriptedImporter) -> (artifact id: '186e18dc011cee52afe3ad734e51482b') in 0.004305 seconds
Number of updated asset objects reloaded before import = 0Number of asset objects unloaded after import = 0

========================================================================
Received Import Request.
  Time since last request: 0.000068 seconds.
  path: Assets/Scenes/Level10/ReflectionProbe-0.exr
  artifactKey: Guid(d95e56cd378e6c9488eab6b7618e62e2) Importer(2089858483,d624ce77472d68a35037170ec1d2d27e)
Start importing Assets/Scenes/Level10/ReflectionProbe-0.exr using Guid(d95e56cd378e6c9488eab6b7618e62e2) Importer(2089858483,d624ce77472d68a35037170ec1d2d27e) (ScriptedImporter) -> (artifact id: 'ed28882f5869bdf7d1d99dee47df1476') in 0.0701173 seconds
Number of updated asset objects reloaded before import = 0Number of asset objects unloaded after import = 1

========================================================================
Received Import Request.
  Time since last request: 0.000046 seconds.
  path: Assets/Asset/Joystick Pack/Examples/JoystickPlayerExample.cs
  artifactKey: Guid(a37d705c8e9115e439ec799186182634) Importer(2089858483,d624ce77472d68a35037170ec1d2d27e)
Start importing Assets/Asset/Joystick Pack/Examples/JoystickPlayerExample.cs using Guid(a37d705c8e9115e439ec799186182634) Importer(2089858483,d624ce77472d68a35037170ec1d2d27e) (ScriptedImporter) -> (artifact id: 'ecdcc47196146cd58990bed73bcbd285') in 0.0049507 seconds
Number of updated asset objects reloaded before import = 0Number of asset objects unloaded after import = 0

========================================================================
Received Import Request.
  Time since last request: 0.000068 seconds.
  path: Assets/Asset/DungeonTraps/Trap/GreatAxe.FBX
  artifactKey: Guid(b9cb6abd86b0af442b58106bea0f3ebe) Importer(2089858483,d624ce77472d68a35037170ec1d2d27e)
Start importing Assets/Asset/DungeonTraps/Trap/GreatAxe.FBX using Guid(b9cb6abd86b0af442b58106bea0f3ebe) Importer(2089858483,d624ce77472d68a35037170ec1d2d27e) (ScriptedImporter) -> (artifact id: '78947a6a7b00c8f5ad85431c47305610') in 0.0533606 seconds
Number of updated asset objects reloaded before import = 0Number of asset objects unloaded after import = 8

========================================================================
Received Import Request.
  Time since last request: 0.000012 seconds.
  path: Assets/Scenes/Level03/ReflectionProbe-0.exr
  artifactKey: Guid(7667c5e44756ef9478359ff73485589f) Importer(2089858483,d624ce77472d68a35037170ec1d2d27e)
Start importing Assets/Scenes/Level03/ReflectionProbe-0.exr using Guid(7667c5e44756ef9478359ff73485589f) Importer(2089858483,d624ce77472d68a35037170ec1d2d27e) (ScriptedImporter) -> (artifact id: 'ce7488bce7115f65dd2e4f4c43d2296c') in 0.022116 seconds
Number of updated asset objects reloaded before import = 0Number of asset objects unloaded after import = 1

========================================================================
Received Import Request.
  Time since last request: 0.000023 seconds.
  path: Assets/Scenes/Level20/LightingData.asset
  artifactKey: Guid(96ee0271fbf547a41b747795e510a57c) Importer(2089858483,d624ce77472d68a35037170ec1d2d27e)
Start importing Assets/Scenes/Level20/LightingData.asset using Guid(96ee0271fbf547a41b747795e510a57c) Importer(2089858483,d624ce77472d68a35037170ec1d2d27e) (ScriptedImporter) -> (artifact id: '58dcf203e2a0eba531a90ced2fef1985') in 0.0052771 seconds
Number of updated asset objects reloaded before import = 0Number of asset objects unloaded after import = 2

========================================================================
Received Import Request.
  Time since last request: 0.000012 seconds.
  path: Assets/Scenes/Level16/ReflectionProbe-0.exr
  artifactKey: Guid(6c3fbb20dab181141a9dfcb7ff75171f) Importer(2089858483,d624ce77472d68a35037170ec1d2d27e)
Start importing Assets/Scenes/Level16/ReflectionProbe-0.exr using Guid(6c3fbb20dab181141a9dfcb7ff75171f) Importer(2089858483,d624ce77472d68a35037170ec1d2d27e) (ScriptedImporter) -> (artifact id: '0509ebe8eaf07bf83493ae779e060169') in 0.0106802 seconds
Number of updated asset objects reloaded before import = 0Number of asset objects unloaded after import = 1

========================================================================
Received Import Request.
  Time since last request: 0.000023 seconds.
  path: Assets/Scenes/Level12/ReflectionProbe-0.exr
  artifactKey: Guid(acdccb15a1a8d3b41a3856c7fd1c59ef) Importer(2089858483,d624ce77472d68a35037170ec1d2d27e)
Start importing Assets/Scenes/Level12/ReflectionProbe-0.exr using Guid(acdccb15a1a8d3b41a3856c7fd1c59ef) Importer(2089858483,d624ce77472d68a35037170ec1d2d27e) (ScriptedImporter) -> (artifact id: '6fbb8243bb6e24c0babb51f16fccb824') in 0.0094543 seconds
Number of updated asset objects reloaded before import = 0Number of asset objects unloaded after import = 1

========================================================================
Received Import Request.
  Time since last request: 0.000015 seconds.
  path: Assets/Asset/Gem/Materials/TurquoiseGem.mat
  artifactKey: Guid(0a58941bbd115a7011005aba44295342) Importer(2089858483,d624ce77472d68a35037170ec1d2d27e)
Start importing Assets/Asset/Gem/Materials/TurquoiseGem.mat using Guid(0a58941bbd115a7011005aba44295342) Importer(2089858483,d624ce77472d68a35037170ec1d2d27e) (ScriptedImporter) -> (artifact id: 'bb6a7107e0d0a5b44df5a8cf47fcde8a') in 0.0069935 seconds
Number of updated asset objects reloaded before import = 0Number of asset objects unloaded after import = 2

========================================================================
Received Import Request.
  Time since last request: 0.000039 seconds.
  path: Assets/Asset/DungeonTraps/Trap/Trap_Cutter.FBX
  artifactKey: Guid(9bf07121db191094aa8381ef67016a19) Importer(2089858483,d624ce77472d68a35037170ec1d2d27e)
Start importing Assets/Asset/DungeonTraps/Trap/Trap_Cutter.FBX using Guid(9bf07121db191094aa8381ef67016a19) Importer(2089858483,d624ce77472d68a35037170ec1d2d27e) (ScriptedImporter) -> (artifact id: '45cbf406edb58cf3c891061e95971202') in 0.0107943 seconds
Number of updated asset objects reloaded before import = 0Number of asset objects unloaded after import = 14

========================================================================
Received Import Request.
  Time since last request: 0.000017 seconds.
  path: Assets/Asset/Gem/Textures/GemRefractions.cubemap
  artifactKey: Guid(51e3f49dbd110a7011005aba44295342) Importer(2089858483,d624ce77472d68a35037170ec1d2d27e)
Start importing Assets/Asset/Gem/Textures/GemRefractions.cubemap using Guid(51e3f49dbd110a7011005aba44295342) Importer(2089858483,d624ce77472d68a35037170ec1d2d27e) (ScriptedImporter) -> (artifact id: '3ee75125ddd5ff21e8bd72cd230d74f0') in 0.0091193 seconds
Number of updated asset objects reloaded before import = 0Number of asset objects unloaded after import = 1

========================================================================
Received Import Request.
  Time since last request: 0.000022 seconds.
  path: Assets/Scenes/Level08/LightingData.asset
  artifactKey: Guid(2d94f26b7341a2a4393eafcbb099fd46) Importer(2089858483,d624ce77472d68a35037170ec1d2d27e)
Start importing Assets/Scenes/Level08/LightingData.asset using Guid(2d94f26b7341a2a4393eafcbb099fd46) Importer(2089858483,d624ce77472d68a35037170ec1d2d27e) (ScriptedImporter) -> (artifact id: 'e203396431a8b0c81ab5fe0245c779d5') in 0.0050149 seconds
Number of updated asset objects reloaded before import = 0Number of asset objects unloaded after import = 2

========================================================================
Received Import Request.
  Time since last request: 0.000013 seconds.
  path: Assets/Scenes/Level13/ReflectionProbe-0.exr
  artifactKey: Guid(bab025580125eb54aafde2c0c86c65f1) Importer(2089858483,d624ce77472d68a35037170ec1d2d27e)
Start importing Assets/Scenes/Level13/ReflectionProbe-0.exr using Guid(bab025580125eb54aafde2c0c86c65f1) Importer(2089858483,d624ce77472d68a35037170ec1d2d27e) (ScriptedImporter) -> (artifact id: 'cea4c170ec1d89c5eb1aab9dddb415c8') in 0.0147589 seconds
Number of updated asset objects reloaded before import = 0Number of asset objects unloaded after import = 1

========================================================================
Received Import Request.
  Time since last request: 0.000017 seconds.
  path: Assets/Scenes/Level13/LightingData.asset
  artifactKey: Guid(0131e6b36e2880b479d1c06f3797e477) Importer(2089858483,d624ce77472d68a35037170ec1d2d27e)
Start importing Assets/Scenes/Level13/LightingData.asset using Guid(0131e6b36e2880b479d1c06f3797e477) Importer(2089858483,d624ce77472d68a35037170ec1d2d27e) (ScriptedImporter) -> (artifact id: 'dba4fa0bc28afc823cdd3dd4c2872720') in 0.0041752 seconds
Number of updated asset objects reloaded before import = 0Number of asset objects unloaded after import = 2

========================================================================
Received Import Request.
  Time since last request: 0.000028 seconds.
  path: Assets/Scenes/Level12.unity
  artifactKey: Guid(1619321f42cd48f438b75c7bb3437379) Importer(2089858483,d624ce77472d68a35037170ec1d2d27e)
Start importing Assets/Scenes/Level12.unity using Guid(1619321f42cd48f438b75c7bb3437379) Importer(2089858483,d624ce77472d68a35037170ec1d2d27e) (ScriptedImporter) -> (artifact id: 'da73de01feb2a55c6d988d4bbbfd3268') in 0.0030185 seconds
Number of updated asset objects reloaded before import = 0Number of asset objects unloaded after import = 1

========================================================================
Received Import Request.
  Time since last request: 0.000038 seconds.
  path: Assets/Asset/DungeonTraps/Trap/SawBlade.FBX
  artifactKey: Guid(e3a25d4ccafb5c740aa3c70982a173e2) Importer(2089858483,d624ce77472d68a35037170ec1d2d27e)
Start importing Assets/Asset/DungeonTraps/Trap/SawBlade.FBX using Guid(e3a25d4ccafb5c740aa3c70982a173e2) Importer(2089858483,d624ce77472d68a35037170ec1d2d27e) (ScriptedImporter) -> (artifact id: 'b70daa240f74118264f51fb19fff81c0') in 0.0179016 seconds
Number of updated asset objects reloaded before import = 0Number of asset objects unloaded after import = 8

========================================================================
Received Import Request.
  Time since last request: 0.000017 seconds.
  path: Assets/Asset/DungeonTraps/Trap/Shuriken01.FBX
  artifactKey: Guid(778d36db5b078174c93a9b156467e4f5) Importer(2089858483,d624ce77472d68a35037170ec1d2d27e)
Start importing Assets/Asset/DungeonTraps/Trap/Shuriken01.FBX using Guid(778d36db5b078174c93a9b156467e4f5) Importer(2089858483,d624ce77472d68a35037170ec1d2d27e) (ScriptedImporter) -> (artifact id: 'bba74f20526ca2f328c7232e1855443c') in 0.0188362 seconds
Number of updated asset objects reloaded before import = 0Number of asset objects unloaded after import = 8

========================================================================
Received Import Request.
  Time since last request: 0.000021 seconds.
  path: Assets/Asset/Simple UI/PNG/LevelButton (3).prefab
  artifactKey: Guid(844aa1820b82f7549bd99bf3e04d4ed4) Importer(2089858483,d624ce77472d68a35037170ec1d2d27e)
Start importing Assets/Asset/Simple UI/PNG/LevelButton (3).prefab using Guid(844aa1820b82f7549bd99bf3e04d4ed4) Importer(2089858483,d624ce77472d68a35037170ec1d2d27e) (ScriptedImporter) -> (artifact id: '21b13678d2bb5097d8d982417416f7e4') in 0.0298013 seconds
Number of updated asset objects reloaded before import = 0Number of asset objects unloaded after import = 14

========================================================================
Received Import Request.
  Time since last request: 0.000021 seconds.
  path: Assets/Scenes/Level04/ReflectionProbe-0.exr
  artifactKey: Guid(939d15c37ef847049b9f144c4e7382d5) Importer(2089858483,d624ce77472d68a35037170ec1d2d27e)
Start importing Assets/Scenes/Level04/ReflectionProbe-0.exr using Guid(939d15c37ef847049b9f144c4e7382d5) Importer(2089858483,d624ce77472d68a35037170ec1d2d27e) (ScriptedImporter) -> (artifact id: 'cc5bea087e82ee09950d4abb8893a157') in 0.0145736 seconds
Number of updated asset objects reloaded before import = 0Number of asset objects unloaded after import = 1

========================================================================
Received Import Request.
  Time since last request: 0.000029 seconds.
  path: Assets/Scenes/Level20.unity
  artifactKey: Guid(51f7b41f32051e94d860ac6a4b4a2b59) Importer(2089858483,d624ce77472d68a35037170ec1d2d27e)
Start importing Assets/Scenes/Level20.unity using Guid(51f7b41f32051e94d860ac6a4b4a2b59) Importer(2089858483,d624ce77472d68a35037170ec1d2d27e) (ScriptedImporter) -> (artifact id: 'ae496a6e8f57730567ce1a174ace0c8a') in 0.0032523 seconds
Number of updated asset objects reloaded before import = 0Number of asset objects unloaded after import = 1

========================================================================
Received Import Request.
  Time since last request: 0.000061 seconds.
  path: Assets/Scenes/Level05/LightingData.asset
  artifactKey: Guid(d8834259d2b76f444ac5306f27f7a902) Importer(2089858483,d624ce77472d68a35037170ec1d2d27e)
Start importing Assets/Scenes/Level05/LightingData.asset using Guid(d8834259d2b76f444ac5306f27f7a902) Importer(2089858483,d624ce77472d68a35037170ec1d2d27e) (ScriptedImporter) -> (artifact id: '4a340fbfeaa70286a79f64d7267e0591') in 0.0038399 seconds
Number of updated asset objects reloaded before import = 0Number of asset objects unloaded after import = 2

========================================================================
Received Import Request.
  Time since last request: 0.000016 seconds.
  path: Assets/Asset/Simple UI/PNG/UI_Button_Standard_Orange.png
  artifactKey: Guid(edf711441da8c428bae528686532e5e4) Importer(2089858483,d624ce77472d68a35037170ec1d2d27e)
Start importing Assets/Asset/Simple UI/PNG/UI_Button_Standard_Orange.png using Guid(edf711441da8c428bae528686532e5e4) Importer(2089858483,d624ce77472d68a35037170ec1d2d27e) (ScriptedImporter) -> (artifact id: '68c357f59384b6c2fbc35941e44c6945') in 0.0342673 seconds
Number of updated asset objects reloaded before import = 0Number of asset objects unloaded after import = 3

========================================================================
Received Import Request.
  Time since last request: 0.000013 seconds.
  path: Assets/Asset/Joystick Pack/Examples/Player.mat
  artifactKey: Guid(59e4faf24927edf4a82f463ad16f1c37) Importer(2089858483,d624ce77472d68a35037170ec1d2d27e)
Start importing Assets/Asset/Joystick Pack/Examples/Player.mat using Guid(59e4faf24927edf4a82f463ad16f1c37) Importer(2089858483,d624ce77472d68a35037170ec1d2d27e) (ScriptedImporter) -> (artifact id: '0c8cea48ddf5ebbb639e8a7b03ed2499') in 0.0040601 seconds
Number of updated asset objects reloaded before import = 0Number of asset objects unloaded after import = 1

========================================================================
Received Import Request.
  Time since last request: 0.000040 seconds.
  path: Assets/Textures/Level Picture/PNG_level16.png
  artifactKey: Guid(d2538c59f72a0024b95b4c93c6fba0b9) Importer(2089858483,d624ce77472d68a35037170ec1d2d27e)
Start importing Assets/Textures/Level Picture/PNG_level16.png using Guid(d2538c59f72a0024b95b4c93c6fba0b9) Importer(2089858483,d624ce77472d68a35037170ec1d2d27e) (ScriptedImporter) -> (artifact id: 'c7390776181b50748ab817e848e8e97c') in 0.0156898 seconds
Number of updated asset objects reloaded before import = 0Number of asset objects unloaded after import = 3

========================================================================
Received Import Request.
  Time since last request: 0.000014 seconds.
  path: Assets/Asset/DungeonTraps/Trap/SpearLauncher.FBX
  artifactKey: Guid(6d1acf5ed9a24034892904fdd6c59359) Importer(2089858483,d624ce77472d68a35037170ec1d2d27e)
Start importing Assets/Asset/DungeonTraps/Trap/SpearLauncher.FBX using Guid(6d1acf5ed9a24034892904fdd6c59359) Importer(2089858483,d624ce77472d68a35037170ec1d2d27e) (ScriptedImporter) -> (artifact id: 'cd9ce09f3a7520d5307f6d573bbcd085') in 0.0124969 seconds
Number of updated asset objects reloaded before import = 0Number of asset objects unloaded after import = 8

========================================================================
Received Import Request.
  Time since last request: 0.000012 seconds.
  path: Assets/Scenes/Level14.unity
  artifactKey: Guid(b3c5afc1adb40144b896159737f0ea2c) Importer(2089858483,d624ce77472d68a35037170ec1d2d27e)
Start importing Assets/Scenes/Level14.unity using Guid(b3c5afc1adb40144b896159737f0ea2c) Importer(2089858483,d624ce77472d68a35037170ec1d2d27e) (ScriptedImporter) -> (artifact id: 'f3040eedb49ef7e0be93f821d90e184d') in 0.0026349 seconds
Number of updated asset objects reloaded before import = 0Number of asset objects unloaded after import = 1

========================================================================
Received Import Request.
  Time since last request: 0.000050 seconds.
  path: Assets/Scenes/Level09/LightingData.asset
  artifactKey: Guid(e9e41f9d3d411b3468309830c6507e25) Importer(2089858483,d624ce77472d68a35037170ec1d2d27e)
Start importing Assets/Scenes/Level09/LightingData.asset using Guid(e9e41f9d3d411b3468309830c6507e25) Importer(2089858483,d624ce77472d68a35037170ec1d2d27e) (ScriptedImporter) -> (artifact id: 'e09bcb5d8e03fe08a43e8473cbb49a90') in 0.0031469 seconds
Number of updated asset objects reloaded before import = 0Number of asset objects unloaded after import = 2

========================================================================
Received Import Request.
  Time since last request: 0.000020 seconds.
  path: Assets/Textures/Level Picture/PNG_level18.png
  artifactKey: Guid(647c1409ae4c31a4d9e822937d6a3443) Importer(2089858483,d624ce77472d68a35037170ec1d2d27e)
Start importing Assets/Textures/Level Picture/PNG_level18.png using Guid(647c1409ae4c31a4d9e822937d6a3443) Importer(2089858483,d624ce77472d68a35037170ec1d2d27e) (ScriptedImporter) -> (artifact id: 'f0f1072f854f1f4baa8adce526c62b4d') in 0.0110816 seconds
Number of updated asset objects reloaded before import = 0Number of asset objects unloaded after import = 3

========================================================================
Received Import Request.
  Time since last request: 0.000018 seconds.
  path: Assets/Plugins/Android/gradleTemplate.properties
  artifactKey: Guid(5a003fdfcfdc1de4ab8b014dc5f9bdd7) Importer(2089858483,d624ce77472d68a35037170ec1d2d27e)
Start importing Assets/Plugins/Android/gradleTemplate.properties using Guid(5a003fdfcfdc1de4ab8b014dc5f9bdd7) Importer(2089858483,d624ce77472d68a35037170ec1d2d27e) (ScriptedImporter) -> (artifact id: '76259f12b8e967cecb5275e64c244a31') in 0.0031899 seconds
Number of updated asset objects reloaded before import = 0Number of asset objects unloaded after import = 1

========================================================================
Received Import Request.
  Time since last request: 0.000067 seconds.
  path: Assets/Plugins/Android/googlemobileads-unity.aar
  artifactKey: Guid(e3cd5d23b2b04d0d9407e658bba7391d) Importer(2089858483,d624ce77472d68a35037170ec1d2d27e)
Start importing Assets/Plugins/Android/googlemobileads-unity.aar using Guid(e3cd5d23b2b04d0d9407e658bba7391d) Importer(2089858483,d624ce77472d68a35037170ec1d2d27e) (ScriptedImporter) -> (artifact id: '73b2d41271b7db2b44d56a3deb7cab57') in 0.0062813 seconds
Number of updated asset objects reloaded before import = 0Number of asset objects unloaded after import = 0

========================================================================
Received Import Request.
  Time since last request: 0.000056 seconds.
  path: Assets/Asset/DungeonTraps/Trap/SawBladeFrameCap.FBX
  artifactKey: Guid(08b067646baffe04ea136d5357680c44) Importer(2089858483,d624ce77472d68a35037170ec1d2d27e)
Start importing Assets/Asset/DungeonTraps/Trap/SawBladeFrameCap.FBX using Guid(08b067646baffe04ea136d5357680c44) Importer(2089858483,d624ce77472d68a35037170ec1d2d27e) (ScriptedImporter) -> (artifact id: '04f67cf02a0f9c1ee13e51ce41155f24') in 0.0142007 seconds
Number of updated asset objects reloaded before import = 0Number of asset objects unloaded after import = 8

========================================================================
Received Import Request.
  Time since last request: 0.000019 seconds.
  path: Assets/Textures/Level Picture/PNG_level24.png
  artifactKey: Guid(e77d967ddd68bd64f847ab7d4daff52d) Importer(2089858483,d624ce77472d68a35037170ec1d2d27e)
Start importing Assets/Textures/Level Picture/PNG_level24.png using Guid(e77d967ddd68bd64f847ab7d4daff52d) Importer(2089858483,d624ce77472d68a35037170ec1d2d27e) (ScriptedImporter) -> (artifact id: 'caf16fa7094b0c1a0aaff272b54921eb') in 0.0151029 seconds
Number of updated asset objects reloaded before import = 0Number of asset objects unloaded after import = 3

========================================================================
Received Import Request.
  Time since last request: 0.000012 seconds.
  path: Assets/Textures/Level Picture/PNG_level3.png
  artifactKey: Guid(b47f3e96880129d4f81e7cc7d7f2507a) Importer(2089858483,d624ce77472d68a35037170ec1d2d27e)
Start importing Assets/Textures/Level Picture/PNG_level3.png using Guid(b47f3e96880129d4f81e7cc7d7f2507a) Importer(2089858483,d624ce77472d68a35037170ec1d2d27e) (ScriptedImporter) -> (artifact id: 'c53180ef39961a01d696ced950725b7c') in 0.012186 seconds
Number of updated asset objects reloaded before import = 0Number of asset objects unloaded after import = 3

========================================================================
Received Import Request.
  Time since last request: 0.000015 seconds.
  path: Assets/Textures/Level Picture/PNG_level27.png
  artifactKey: Guid(4deff7d764bae4348b0ae6911df6425f) Importer(2089858483,d624ce77472d68a35037170ec1d2d27e)
Start importing Assets/Textures/Level Picture/PNG_level27.png using Guid(4deff7d764bae4348b0ae6911df6425f) Importer(2089858483,d624ce77472d68a35037170ec1d2d27e) (ScriptedImporter) -> (artifact id: 'bdb6b670b67c256e2fe16ce652c89fe0') in 0.0135838 seconds
Number of updated asset objects reloaded before import = 0Number of asset objects unloaded after import = 3

========================================================================
Received Import Request.
  Time since last request: 0.000014 seconds.
  path: Assets/Textures/Level Picture/PNG_level30.png
  artifactKey: Guid(6a81195221f07024da19a4e75b57d07e) Importer(2089858483,d624ce77472d68a35037170ec1d2d27e)
Start importing Assets/Textures/Level Picture/PNG_level30.png using Guid(6a81195221f07024da19a4e75b57d07e) Importer(2089858483,d624ce77472d68a35037170ec1d2d27e) (ScriptedImporter) -> (artifact id: 'dd8facdbf3b4e68f156b0d0b23701f9c') in 0.0117183 seconds
Number of updated asset objects reloaded before import = 0Number of asset objects unloaded after import = 3

========================================================================
Received Import Request.
  Time since last request: 0.000014 seconds.
  path: Assets/Asset/Joystick Pack/Prefabs/Dynamic Joystick.prefab
  artifactKey: Guid(56fae09712773584fb63896d473a98ee) Importer(2089858483,d624ce77472d68a35037170ec1d2d27e)
Start importing Assets/Asset/Joystick Pack/Prefabs/Dynamic Joystick.prefab using Guid(56fae09712773584fb63896d473a98ee) Importer(2089858483,d624ce77472d68a35037170ec1d2d27e) (ScriptedImporter) -> (artifact id: 'e3f365020fe09fe79d7010f82adc85a9') in 0.0117281 seconds
Number of updated asset objects reloaded before import = 0Number of asset objects unloaded after import = 17

========================================================================
Received Import Request.
  Time since last request: 0.000012 seconds.
  path: Assets/Scenes/AnaMenu.unity
  artifactKey: Guid(bdbb36a5982adb44da1b543be0f2208d) Importer(2089858483,d624ce77472d68a35037170ec1d2d27e)
Start importing Assets/Scenes/AnaMenu.unity using Guid(bdbb36a5982adb44da1b543be0f2208d) Importer(2089858483,d624ce77472d68a35037170ec1d2d27e) (ScriptedImporter) -> (artifact id: '7d6345904111f95ffdcb3a3748aed3ff') in 0.002374 seconds
Number of updated asset objects reloaded before import = 0Number of asset objects unloaded after import = 1

========================================================================
Received Import Request.
  Time since last request: 0.000048 seconds.
  path: Assets/Prefabs/Pipes/Sboru.prefab
  artifactKey: Guid(0b7756d9177907d47b065b5ffd44dd1b) Importer(2089858483,d624ce77472d68a35037170ec1d2d27e)
Start importing Assets/Prefabs/Pipes/Sboru.prefab using Guid(0b7756d9177907d47b065b5ffd44dd1b) Importer(2089858483,d624ce77472d68a35037170ec1d2d27e) (ScriptedImporter) -> (artifact id: '0424faf3b954f50af0ff235ef09df45b') in 0.0046993 seconds
Number of updated asset objects reloaded before import = 0Number of asset objects unloaded after import = 49

========================================================================
Received Import Request.
  Time since last request: 0.000012 seconds.
  path: Assets/Textures/Level Picture/PNG_level21.png
  artifactKey: Guid(2a03c0777774b8440a1306dd2d50abdf) Importer(2089858483,d624ce77472d68a35037170ec1d2d27e)
Start importing Assets/Textures/Level Picture/PNG_level21.png using Guid(2a03c0777774b8440a1306dd2d50abdf) Importer(2089858483,d624ce77472d68a35037170ec1d2d27e) (ScriptedImporter) -> (artifact id: '39eef7b0943ad1a3c0cb43ae275f519f') in 0.0117605 seconds
Number of updated asset objects reloaded before import = 0Number of asset objects unloaded after import = 3

========================================================================
Received Import Request.
  Time since last request: 0.000078 seconds.
  path: Assets/Scenes/Level01/ReflectionProbe-0.exr
  artifactKey: Guid(e9a723eb3f37f064ea9b8c65facf98b2) Importer(2089858483,d624ce77472d68a35037170ec1d2d27e)
Start importing Assets/Scenes/Level01/ReflectionProbe-0.exr using Guid(e9a723eb3f37f064ea9b8c65facf98b2) Importer(2089858483,d624ce77472d68a35037170ec1d2d27e) (ScriptedImporter) -> (artifact id: '9ed80bff39b82a917a18f90214887a7a') in 0.0132649 seconds
Number of updated asset objects reloaded before import = 0Number of asset objects unloaded after import = 1

========================================================================
Received Import Request.
  Time since last request: 0.000036 seconds.
  path: Assets/Textures/Level Picture/PNG_level23.png
  artifactKey: Guid(21ad3f3ad8dc83443a3a1a16bcc5863b) Importer(2089858483,d624ce77472d68a35037170ec1d2d27e)
Start importing Assets/Textures/Level Picture/PNG_level23.png using Guid(21ad3f3ad8dc83443a3a1a16bcc5863b) Importer(2089858483,d624ce77472d68a35037170ec1d2d27e) (ScriptedImporter) -> (artifact id: 'cb40929ba5f75d646e7b68fbe58e0601') in 0.0123432 seconds
Number of updated asset objects reloaded before import = 0Number of asset objects unloaded after import = 3

========================================================================
Received Import Request.
  Time since last request: 0.000015 seconds.
  path: Assets/Textures/Level Picture/lock.png
  artifactKey: Guid(0a6de97e3f47a98469c43cf3aeebdbb2) Importer(2089858483,d624ce77472d68a35037170ec1d2d27e)
Start importing Assets/Textures/Level Picture/lock.png using Guid(0a6de97e3f47a98469c43cf3aeebdbb2) Importer(2089858483,d624ce77472d68a35037170ec1d2d27e) (ScriptedImporter) -> (artifact id: '16aecad7ea42fa1e16026f64f94a0fb1') in 0.012009 seconds
Number of updated asset objects reloaded before import = 0Number of asset objects unloaded after import = 3

========================================================================
Received Import Request.
  Time since last request: 0.375590 seconds.
  path: Assets/Asset/Simple UI/PNG/UI_Fill_Red.png
  artifactKey: Guid(18e2ff1d451834543904126f62d5eb65) Importer(2089858483,d624ce77472d68a35037170ec1d2d27e)
Start importing Assets/Asset/Simple UI/PNG/UI_Fill_Red.png using Guid(18e2ff1d451834543904126f62d5eb65) Importer(2089858483,d624ce77472d68a35037170ec1d2d27e) (ScriptedImporter) -> (artifact id: 'fb86e2ed230b7605ab26c9229767c211') in 0.0152649 seconds
Number of updated asset objects reloaded before import = 0Number of asset objects unloaded after import = 3

========================================================================
Received Import Request.
  Time since last request: 0.000018 seconds.
  path: Assets/Asset/Standard Assets/PhysicsMaterials/Rubber.physicmaterial
  artifactKey: Guid(52baaeb214519f347a35cf0edfd262ff) Importer(2089858483,d624ce77472d68a35037170ec1d2d27e)
Start importing Assets/Asset/Standard Assets/PhysicsMaterials/Rubber.physicmaterial using Guid(52baaeb214519f347a35cf0edfd262ff) Importer(2089858483,d624ce77472d68a35037170ec1d2d27e) (ScriptedImporter) -> (artifact id: '6c48516af9da1d97f5edda3f8d635dc8') in 0.0040296 seconds
Number of updated asset objects reloaded before import = 0Number of asset objects unloaded after import = 1

========================================================================
Received Import Request.
  Time since last request: 0.000018 seconds.
  path: Assets/Asset/Cartoon Temple Building Kit/Fbx/Blocks/Block 3x4.fbx
  artifactKey: Guid(75746121cb3282a4db21d0c4e347f75b) Importer(2089858483,d624ce77472d68a35037170ec1d2d27e)
Start importing Assets/Asset/Cartoon Temple Building Kit/Fbx/Blocks/Block 3x4.fbx using Guid(75746121cb3282a4db21d0c4e347f75b) Importer(2089858483,d624ce77472d68a35037170ec1d2d27e) (ScriptedImporter) -> (artifact id: '4af4c1c12f729878894c321b68056b7e') in 0.0197566 seconds
Number of updated asset objects reloaded before import = 0Number of asset objects unloaded after import = 8

========================================================================
Received Import Request.
  Time since last request: 0.000013 seconds.
  path: Assets/Plugins/iOS/NativeTemplates/GADTMediumTemplateView.xib
  artifactKey: Guid(766f36c9503c48e5915b2dbb1b312f64) Importer(2089858483,d624ce77472d68a35037170ec1d2d27e)
Start importing Assets/Plugins/iOS/NativeTemplates/GADTMediumTemplateView.xib using Guid(766f36c9503c48e5915b2dbb1b312f64) Importer(2089858483,d624ce77472d68a35037170ec1d2d27e) (ScriptedImporter) -> (artifact id: 'c4dba672e7e5fe622e11301ca38915f3') in 0.0046145 seconds
Number of updated asset objects reloaded before import = 0Number of asset objects unloaded after import = 0

========================================================================
Received Import Request.
  Time since last request: 0.000060 seconds.
  path: Assets/Asset/Cartoon Temple Building Kit/Fbx/Blocks And Bricks/Blocks And Bricks 15.fbx
  artifactKey: Guid(03f25cff3b9e2ea4899be871a4c089a8) Importer(2089858483,d624ce77472d68a35037170ec1d2d27e)
Start importing Assets/Asset/Cartoon Temple Building Kit/Fbx/Blocks And Bricks/Blocks And Bricks 15.fbx using Guid(03f25cff3b9e2ea4899be871a4c089a8) Importer(2089858483,d624ce77472d68a35037170ec1d2d27e) (ScriptedImporter) -> (artifact id: '8b713411f43300a0b6bbc0ef488246ba') in 0.0178791 seconds
Number of updated asset objects reloaded before import = 0Number of asset objects unloaded after import = 8

========================================================================
Received Import Request.
  Time since last request: 0.000014 seconds.
  path: Assets/Asset/Cartoon Temple Building Kit/Fbx/Round/Round Hollow 2.fbx
  artifactKey: Guid(e744f214e3adf274ba5fa84d728c0aee) Importer(2089858483,d624ce77472d68a35037170ec1d2d27e)
Start importing Assets/Asset/Cartoon Temple Building Kit/Fbx/Round/Round Hollow 2.fbx using Guid(e744f214e3adf274ba5fa84d728c0aee) Importer(2089858483,d624ce77472d68a35037170ec1d2d27e) (ScriptedImporter) -> (artifact id: 'c5d6305c9744b9b36ce0686e8da6f60a') in 0.0149088 seconds
Number of updated asset objects reloaded before import = 0Number of asset objects unloaded after import = 8

========================================================================
Received Import Request.
  Time since last request: 0.000014 seconds.
  path: Assets/Asset/Simple UI/Resource Icons/UI_Graphic_Resource_Tools.png
  artifactKey: Guid(b6adf1cf14f6d464194562461987edf1) Importer(2089858483,d624ce77472d68a35037170ec1d2d27e)
Start importing Assets/Asset/Simple UI/Resource Icons/UI_Graphic_Resource_Tools.png using Guid(b6adf1cf14f6d464194562461987edf1) Importer(2089858483,d624ce77472d68a35037170ec1d2d27e) (ScriptedImporter) -> (artifact id: 'e825072b7a30c9c09e7b7edf6f435047') in 0.0155388 seconds
Number of updated asset objects reloaded before import = 0Number of asset objects unloaded after import = 3

========================================================================
Received Import Request.
  Time since last request: 0.000013 seconds.
  path: Assets/Asset/Cartoon Temple Building Kit/Fbx/Blocks And Bricks/Blocks And Bricks 8 One Sided.fbx
  artifactKey: Guid(20c2570275ac89e46a84e153729a41ba) Importer(2089858483,d624ce77472d68a35037170ec1d2d27e)
Start importing Assets/Asset/Cartoon Temple Building Kit/Fbx/Blocks And Bricks/Blocks And Bricks 8 One Sided.fbx using Guid(20c2570275ac89e46a84e153729a41ba) Importer(2089858483,d624ce77472d68a35037170ec1d2d27e) (ScriptedImporter) -> (artifact id: '245941dc3c727753729ad7ad46d9b093') in 0.0163955 seconds
Number of updated asset objects reloaded before import = 0Number of asset objects unloaded after import = 8

========================================================================
Received Import Request.
  Time since last request: 0.000013 seconds.
  path: Assets/ExternalDependencyManager/Editor/1.2.187/Google.VersionHandlerImpl.pdb
  artifactKey: Guid(631695c6f49c48f98c72b46e1ab6c1f7) Importer(2089858483,d624ce77472d68a35037170ec1d2d27e)
Start importing Assets/ExternalDependencyManager/Editor/1.2.187/Google.VersionHandlerImpl.pdb using Guid(631695c6f49c48f98c72b46e1ab6c1f7) Importer(2089858483,d624ce77472d68a35037170ec1d2d27e) (ScriptedImporter) -> (artifact id: '125294dc7b361fa550cda18d89d453fa') in 0.0029905 seconds
Number of updated asset objects reloaded before import = 0Number of asset objects unloaded after import = 1

========================================================================
Received Import Request.
  Time since last request: 0.000051 seconds.
  path: Assets/Asset/Cartoon Temple Building Kit/Fbx/Blocks/Block 5x3x5.fbx
  artifactKey: Guid(4a5c56a2564ed05479c79f1c3deee81e) Importer(2089858483,d624ce77472d68a35037170ec1d2d27e)
Start importing Assets/Asset/Cartoon Temple Building Kit/Fbx/Blocks/Block 5x3x5.fbx using Guid(4a5c56a2564ed05479c79f1c3deee81e) Importer(2089858483,d624ce77472d68a35037170ec1d2d27e) (ScriptedImporter) -> (artifact id: 'ca8a6d3b9d4c952fb2925ab90ff95b5e') in 0.0170922 seconds
Number of updated asset objects reloaded before import = 0Number of asset objects unloaded after import = 8

========================================================================
Received Import Request.
  Time since last request: 0.000014 seconds.
  path: Assets/Asset/Cartoon Temple Building Kit/Fbx/Blocks/Block 3x2x5.fbx
  artifactKey: Guid(18119b8c50ee7844eb18c1e7081d4210) Importer(2089858483,d624ce77472d68a35037170ec1d2d27e)
Start importing Assets/Asset/Cartoon Temple Building Kit/Fbx/Blocks/Block 3x2x5.fbx using Guid(18119b8c50ee7844eb18c1e7081d4210) Importer(2089858483,d624ce77472d68a35037170ec1d2d27e) (ScriptedImporter) -> (artifact id: '0ee3de55e2b5fcf26748ef4b3e5d8599') in 0.0144462 seconds
Number of updated asset objects reloaded before import = 0Number of asset objects unloaded after import = 8

========================================================================
Received Import Request.
  Time since last request: 0.000014 seconds.
  path: Assets/Asset/Simple UI/PNG/UI_Frame_White.png
  artifactKey: Guid(159709bc538104a329b60b7b07386209) Importer(2089858483,d624ce77472d68a35037170ec1d2d27e)
Start importing Assets/Asset/Simple UI/PNG/UI_Frame_White.png using Guid(159709bc538104a329b60b7b07386209) Importer(2089858483,d624ce77472d68a35037170ec1d2d27e) (ScriptedImporter) -> (artifact id: '376d026fad06f8e11e02b81bd2d3af02') in 0.0131629 seconds
Number of updated asset objects reloaded before import = 0Number of asset objects unloaded after import = 3

========================================================================
Received Import Request.
  Time since last request: 0.000013 seconds.
  path: Assets/Asset/Simple UI/Resource Icons/UI_Graphic_Resource_Coins.png
  artifactKey: Guid(aebcbaf5d1d2146bf9ff69b1b95334d6) Importer(2089858483,d624ce77472d68a35037170ec1d2d27e)
Start importing Assets/Asset/Simple UI/Resource Icons/UI_Graphic_Resource_Coins.png using Guid(aebcbaf5d1d2146bf9ff69b1b95334d6) Importer(2089858483,d624ce77472d68a35037170ec1d2d27e) (ScriptedImporter) -> (artifact id: '3524f93909fd9ee3d9a4a941d0191df9') in 0.0123354 seconds
Number of updated asset objects reloaded before import = 0Number of asset objects unloaded after import = 3

========================================================================
Received Import Request.
  Time since last request: 0.000013 seconds.
  path: Assets/ExternalDependencyManager/Editor/1.2.187/Google.JarResolver.pdb
  artifactKey: Guid(fc3a620e92284458bd5f6f314dcaaf06) Importer(2089858483,d624ce77472d68a35037170ec1d2d27e)
Start importing Assets/ExternalDependencyManager/Editor/1.2.187/Google.JarResolver.pdb using Guid(fc3a620e92284458bd5f6f314dcaaf06) Importer(2089858483,d624ce77472d68a35037170ec1d2d27e) (ScriptedImporter) -> (artifact id: 'e51046cde9f321cf15ac5a0f33f35a65') in 0.0027986 seconds
Number of updated asset objects reloaded before import = 0Number of asset objects unloaded after import = 1

========================================================================
Received Import Request.
  Time since last request: 0.000040 seconds.
  path: Assets/Asset/Cartoon Temple Building Kit/Fbx/Ground Stones Tile/Ground Stones Tiles 5x5.fbx
  artifactKey: Guid(ef59713f5fc82354780ebda9788b679e) Importer(2089858483,d624ce77472d68a35037170ec1d2d27e)
Start importing Assets/Asset/Cartoon Temple Building Kit/Fbx/Ground Stones Tile/Ground Stones Tiles 5x5.fbx using Guid(ef59713f5fc82354780ebda9788b679e) Importer(2089858483,d624ce77472d68a35037170ec1d2d27e) (ScriptedImporter) -> (artifact id: '75e3919f83f5773d2fad8a6124d45a1f') in 0.0145248 seconds
Number of updated asset objects reloaded before import = 0Number of asset objects unloaded after import = 8

========================================================================
Received Import Request.
  Time since last request: 0.000015 seconds.
  path: Assets/Asset/Cartoon Temple Building Kit/Fbx/Blocks And Bricks/Blocks And Bricks 12.fbx
  artifactKey: Guid(fb15609b31ebfd84d919d4b6aabdb14c) Importer(2089858483,d624ce77472d68a35037170ec1d2d27e)
Start importing Assets/Asset/Cartoon Temple Building Kit/Fbx/Blocks And Bricks/Blocks And Bricks 12.fbx using Guid(fb15609b31ebfd84d919d4b6aabdb14c) Importer(2089858483,d624ce77472d68a35037170ec1d2d27e) (ScriptedImporter) -> (artifact id: '3060591a5d176b3e767277e95e5d8846') in 0.0159934 seconds
Number of updated asset objects reloaded before import = 0Number of asset objects unloaded after import = 8

========================================================================
Received Import Request.
  Time since last request: 0.000024 seconds.
  path: Assets/Asset/Cartoon Temple Building Kit/Fbx/Blocks And Bricks/Blocks And Bricks 3.fbx
  artifactKey: Guid(2a2ad7a477784da498c89200c19bbfd5) Importer(2089858483,d624ce77472d68a35037170ec1d2d27e)
Start importing Assets/Asset/Cartoon Temple Building Kit/Fbx/Blocks And Bricks/Blocks And Bricks 3.fbx using Guid(2a2ad7a477784da498c89200c19bbfd5) Importer(2089858483,d624ce77472d68a35037170ec1d2d27e) (ScriptedImporter) -> (artifact id: '36d3ff93a7c570fac810596c45754ce6') in 0.0150867 seconds
Number of updated asset objects reloaded before import = 0Number of asset objects unloaded after import = 8

========================================================================
Received Import Request.
  Time since last request: 0.000012 seconds.
  path: Assets/Asset/Cartoon Temple Building Kit/Fbx/Blocks And Bricks/Blocks And Bricks 16 One Sided.fbx
  artifactKey: Guid(e1f14089cd41c634d9ab7eaa74910054) Importer(2089858483,d624ce77472d68a35037170ec1d2d27e)
Start importing Assets/Asset/Cartoon Temple Building Kit/Fbx/Blocks And Bricks/Blocks And Bricks 16 One Sided.fbx using Guid(e1f14089cd41c634d9ab7eaa74910054) Importer(2089858483,d624ce77472d68a35037170ec1d2d27e) (ScriptedImporter) -> (artifact id: '9103d843e57bff8cb5a3868f75d936d3') in 0.0134951 seconds
Number of updated asset objects reloaded before import = 0Number of asset objects unloaded after import = 8

========================================================================
Received Import Request.
  Time since last request: 0.000013 seconds.
  path: Assets/Asset/Cartoon Temple Building Kit/Fbx/Blocks And Bricks/Blocks And Bricks 17.fbx
  artifactKey: Guid(caf8be345eb49c64391085b39fba2381) Importer(2089858483,d624ce77472d68a35037170ec1d2d27e)
Start importing Assets/Asset/Cartoon Temple Building Kit/Fbx/Blocks And Bricks/Blocks And Bricks 17.fbx using Guid(caf8be345eb49c64391085b39fba2381) Importer(2089858483,d624ce77472d68a35037170ec1d2d27e) (ScriptedImporter) -> (artifact id: '670f2e05be51c6cafe95c7b244384406') in 0.0179259 seconds
Number of updated asset objects reloaded before import = 0Number of asset objects unloaded after import = 8

========================================================================
Received Import Request.
  Time since last request: 0.000014 seconds.
  path: Assets/Plugins/iOS/NativeTemplates/GADTSmallTemplateView.xib
  artifactKey: Guid(6af78782470b4da9994fc4cf04f03183) Importer(2089858483,d624ce77472d68a35037170ec1d2d27e)
Start importing Assets/Plugins/iOS/NativeTemplates/GADTSmallTemplateView.xib using Guid(6af78782470b4da9994fc4cf04f03183) Importer(2089858483,d624ce77472d68a35037170ec1d2d27e) (ScriptedImporter) -> (artifact id: '014552a57099d7ed9819b1f33a336e0f') in 0.0046503 seconds
Number of updated asset objects reloaded before import = 0Number of asset objects unloaded after import = 0

========================================================================
Received Import Request.
  Time since last request: 0.000084 seconds.
  path: Assets/Asset/Cartoon Temple Building Kit/Fbx/Ground Stones Tile/Ground Stones Tiles 1x4.fbx
  artifactKey: Guid(f2fe01c0e2fd758408ca495509bc6dd1) Importer(2089858483,d624ce77472d68a35037170ec1d2d27e)
Start importing Assets/Asset/Cartoon Temple Building Kit/Fbx/Ground Stones Tile/Ground Stones Tiles 1x4.fbx using Guid(f2fe01c0e2fd758408ca495509bc6dd1) Importer(2089858483,d624ce77472d68a35037170ec1d2d27e) (ScriptedImporter) -> (artifact id: '04336d74841fd1eca9decd92a8a6cf42') in 0.0126567 seconds
Number of updated asset objects reloaded before import = 0Number of asset objects unloaded after import = 8

========================================================================
Received Import Request.
  Time since last request: 0.000013 seconds.
  path: Assets/Asset/Standard Assets/PhysicsMaterials/Bouncy.physicmaterial
  artifactKey: Guid(9f93f63d068b08c459038c40fce897d8) Importer(2089858483,d624ce77472d68a35037170ec1d2d27e)
Start importing Assets/Asset/Standard Assets/PhysicsMaterials/Bouncy.physicmaterial using Guid(9f93f63d068b08c459038c40fce897d8) Importer(2089858483,d624ce77472d68a35037170ec1d2d27e) (ScriptedImporter) -> (artifact id: 'd3a5f8985b34379b492a12dffc49e03b') in 0.0031596 seconds
Number of updated asset objects reloaded before import = 0Number of asset objects unloaded after import = 1

========================================================================
Received Import Request.
  Time since last request: 0.000020 seconds.
  path: Assets/Asset/Simple UI/Resource Icons/UI_Graphic_Resource_Gems.png
  artifactKey: Guid(51cbf6e0aefa3464ba1c716d3be413aa) Importer(2089858483,d624ce77472d68a35037170ec1d2d27e)
Start importing Assets/Asset/Simple UI/Resource Icons/UI_Graphic_Resource_Gems.png using Guid(51cbf6e0aefa3464ba1c716d3be413aa) Importer(2089858483,d624ce77472d68a35037170ec1d2d27e) (ScriptedImporter) -> (artifact id: '895708a6d7fbdae031b3cc9915f6aa11') in 0.0122866 seconds
Number of updated asset objects reloaded before import = 0Number of asset objects unloaded after import = 3

========================================================================
Received Import Request.
  Time since last request: 0.000013 seconds.
  path: Assets/Asset/Cartoon Temple Building Kit/Fbx/Round/Round Corner.fbx
  artifactKey: Guid(dfd8e817c382e16478985565936362c7) Importer(2089858483,d624ce77472d68a35037170ec1d2d27e)
Start importing Assets/Asset/Cartoon Temple Building Kit/Fbx/Round/Round Corner.fbx using Guid(dfd8e817c382e16478985565936362c7) Importer(2089858483,d624ce77472d68a35037170ec1d2d27e) (ScriptedImporter) -> (artifact id: '6d53aee7a70f774f38df9d0a7b92c97e') in 0.0137352 seconds
Number of updated asset objects reloaded before import = 0Number of asset objects unloaded after import = 8

========================================================================
Received Import Request.
  Time since last request: 0.000013 seconds.
  path: Assets/Asset/Cartoon Temple Building Kit/Fbx/Blocks/Block 2x5.fbx
  artifactKey: Guid(2fefb673f9bde9345a52fe9c6d73a40c) Importer(2089858483,d624ce77472d68a35037170ec1d2d27e)
Start importing Assets/Asset/Cartoon Temple Building Kit/Fbx/Blocks/Block 2x5.fbx using Guid(2fefb673f9bde9345a52fe9c6d73a40c) Importer(2089858483,d624ce77472d68a35037170ec1d2d27e) (ScriptedImporter) -> (artifact id: 'f45d327f44727b4c7d00353ed781243a') in 0.0128371 seconds
Number of updated asset objects reloaded before import = 0Number of asset objects unloaded after import = 8

========================================================================
Received Import Request.
  Time since last request: 0.000014 seconds.
  path: Assets/Asset/Cartoon Temple Building Kit/Fbx/Doors Gates Hallways/Gate 4 Hallway x2.fbx
  artifactKey: Guid(8f0ae87685ddd10429bfc1dfae0ceb53) Importer(2089858483,d624ce77472d68a35037170ec1d2d27e)
Start importing Assets/Asset/Cartoon Temple Building Kit/Fbx/Doors Gates Hallways/Gate 4 Hallway x2.fbx using Guid(8f0ae87685ddd10429bfc1dfae0ceb53) Importer(2089858483,d624ce77472d68a35037170ec1d2d27e) (ScriptedImporter) -> (artifact id: 'b244ceaabddb6d4c68b7aaec5e50d2f5') in 0.0127007 seconds
Number of updated asset objects reloaded before import = 0Number of asset objects unloaded after import = 8

========================================================================
Received Import Request.
  Time since last request: 0.000012 seconds.
  path: Assets/Asset/Standard Assets/CrossPlatformInput/CrossPlatformInputGuidelines.txt
  artifactKey: Guid(a3b997593a4f12c4c991490593f3b513) Importer(2089858483,d624ce77472d68a35037170ec1d2d27e)
Start importing Assets/Asset/Standard Assets/CrossPlatformInput/CrossPlatformInputGuidelines.txt using Guid(a3b997593a4f12c4c991490593f3b513) Importer(2089858483,d624ce77472d68a35037170ec1d2d27e) (ScriptedImporter) -> (artifact id: 'd290cbcb2f07576f6c80f4f2ca1049ff') in 0.0025206 seconds
Number of updated asset objects reloaded before import = 0Number of asset objects unloaded after import = 1

========================================================================
Received Import Request.
  Time since last request: 0.000059 seconds.
  path: Assets/Asset/Cartoon Temple Building Kit/Fbx/Ground Stones Tile/Ground Stones Tile Half 3.fbx
  artifactKey: Guid(74dcbbdd4269f4546a2f5c7c034cce6f) Importer(2089858483,d624ce77472d68a35037170ec1d2d27e)
Start importing Assets/Asset/Cartoon Temple Building Kit/Fbx/Ground Stones Tile/Ground Stones Tile Half 3.fbx using Guid(74dcbbdd4269f4546a2f5c7c034cce6f) Importer(2089858483,d624ce77472d68a35037170ec1d2d27e) (ScriptedImporter) -> (artifact id: '67753ca0cf86179675c33ffada86474c') in 0.0143977 seconds
Number of updated asset objects reloaded before import = 0Number of asset objects unloaded after import = 8

========================================================================
Received Import Request.
  Time since last request: 0.000013 seconds.
  path: Assets/Asset/Cartoon Temple Building Kit/Fbx/Blocks And Bricks/Blocks And Bricks 18 One Sided.fbx
  artifactKey: Guid(734dec4c49d3f1f4eb37ee27a8ec9af9) Importer(2089858483,d624ce77472d68a35037170ec1d2d27e)
Start importing Assets/Asset/Cartoon Temple Building Kit/Fbx/Blocks And Bricks/Blocks And Bricks 18 One Sided.fbx using Guid(734dec4c49d3f1f4eb37ee27a8ec9af9) Importer(2089858483,d624ce77472d68a35037170ec1d2d27e) (ScriptedImporter) -> (artifact id: '9e326e88868e42c53711d24e16715387') in 0.0158879 seconds
Number of updated asset objects reloaded before import = 0Number of asset objects unloaded after import = 8

========================================================================
Received Import Request.
  Time since last request: 0.000013 seconds.
  path: Assets/Asset/Cartoon Temple Building Kit/Fbx/Blocks And Bricks/Blocks And Bricks 10.fbx
  artifactKey: Guid(d0fe14f8ad4bcc7458efc7f301c4a2f9) Importer(2089858483,d624ce77472d68a35037170ec1d2d27e)
Start importing Assets/Asset/Cartoon Temple Building Kit/Fbx/Blocks And Bricks/Blocks And Bricks 10.fbx using Guid(d0fe14f8ad4bcc7458efc7f301c4a2f9) Importer(2089858483,d624ce77472d68a35037170ec1d2d27e) (ScriptedImporter) -> (artifact id: '5dc76cd111e1c92ddf88e44f5c67ec3d') in 0.0171125 seconds
Number of updated asset objects reloaded before import = 0Number of asset objects unloaded after import = 8

========================================================================
Received Import Request.
  Time since last request: 0.000016 seconds.
  path: Assets/Asset/Cartoon Temple Building Kit/Fbx/Doors Gates Hallways/Hallway 3x2.fbx
  artifactKey: Guid(feec5e7b1615c9048bec19b4232db54e) Importer(2089858483,d624ce77472d68a35037170ec1d2d27e)
Start importing Assets/Asset/Cartoon Temple Building Kit/Fbx/Doors Gates Hallways/Hallway 3x2.fbx using Guid(feec5e7b1615c9048bec19b4232db54e) Importer(2089858483,d624ce77472d68a35037170ec1d2d27e) (ScriptedImporter) -> (artifact id: 'b88cd4ded9387b7a46506c7b80ffdf29') in 0.0159682 seconds
Number of updated asset objects reloaded before import = 0Number of asset objects unloaded after import = 8

========================================================================
Received Import Request.
  Time since last request: 0.000013 seconds.
  path: Assets/Asset/Cartoon Temple Building Kit/Fbx/Doors Gates Hallways/Gate 3.fbx
  artifactKey: Guid(d1ee97b145070fd4dbde78e2b54253f7) Importer(2089858483,d624ce77472d68a35037170ec1d2d27e)
Start importing Assets/Asset/Cartoon Temple Building Kit/Fbx/Doors Gates Hallways/Gate 3.fbx using Guid(d1ee97b145070fd4dbde78e2b54253f7) Importer(2089858483,d624ce77472d68a35037170ec1d2d27e) (ScriptedImporter) -> (artifact id: '06b2f7e8a415ce4cf0a49cd60960f08e') in 0.0132911 seconds
Number of updated asset objects reloaded before import = 0Number of asset objects unloaded after import = 8

========================================================================
Received Import Request.
  Time since last request: 0.000015 seconds.
  path: Assets/Asset/Cartoon Temple Building Kit/Fbx/Blocks/Block 5x5x7.fbx
  artifactKey: Guid(42cd95475d12d5547b7c08c7dc38a1e1) Importer(2089858483,d624ce77472d68a35037170ec1d2d27e)
Start importing Assets/Asset/Cartoon Temple Building Kit/Fbx/Blocks/Block 5x5x7.fbx using Guid(42cd95475d12d5547b7c08c7dc38a1e1) Importer(2089858483,d624ce77472d68a35037170ec1d2d27e) (ScriptedImporter) -> (artifact id: '9c34cf02bee03951f075bc5e365c97e1') in 0.0143025 seconds
Number of updated asset objects reloaded before import = 0Number of asset objects unloaded after import = 8

========================================================================
Received Import Request.
  Time since last request: 0.000016 seconds.
  path: Assets/Asset/Standard Assets/PhysicsMaterials/Metal.physicmaterial
  artifactKey: Guid(01571ba68fb2dad46aa03094ab219579) Importer(2089858483,d624ce77472d68a35037170ec1d2d27e)
Start importing Assets/Asset/Standard Assets/PhysicsMaterials/Metal.physicmaterial using Guid(01571ba68fb2dad46aa03094ab219579) Importer(2089858483,d624ce77472d68a35037170ec1d2d27e) (ScriptedImporter) -> (artifact id: '8850ee0bba0ebcc3b9198ac1486aa714') in 0.0043799 seconds
Number of updated asset objects reloaded before import = 0Number of asset objects unloaded after import = 1

========================================================================
Received Import Request.
  Time since last request: 0.000020 seconds.
  path: Assets/Asset/Cartoon Temple Building Kit/Fbx/Blocks And Bricks/Blocks And Bricks 13.fbx
  artifactKey: Guid(f2bea89cbc4a78a41ae972af330adcd3) Importer(2089858483,d624ce77472d68a35037170ec1d2d27e)
Start importing Assets/Asset/Cartoon Temple Building Kit/Fbx/Blocks And Bricks/Blocks And Bricks 13.fbx using Guid(f2bea89cbc4a78a41ae972af330adcd3) Importer(2089858483,d624ce77472d68a35037170ec1d2d27e) (ScriptedImporter) -> (artifact id: '1f53228ff8b9565eb409565f3819ef77') in 0.0127672 seconds
Number of updated asset objects reloaded before import = 0Number of asset objects unloaded after import = 8

========================================================================
Received Import Request.
  Time since last request: 0.000013 seconds.
  path: Assets/Asset/Cartoon Temple Building Kit/Fbx/Ground Stones Tile/Ground Stones Tile 3x3.fbx
  artifactKey: Guid(044efa8d50985d04f80d722d1bfa1b68) Importer(2089858483,d624ce77472d68a35037170ec1d2d27e)
Start importing Assets/Asset/Cartoon Temple Building Kit/Fbx/Ground Stones Tile/Ground Stones Tile 3x3.fbx using Guid(044efa8d50985d04f80d722d1bfa1b68) Importer(2089858483,d624ce77472d68a35037170ec1d2d27e) (ScriptedImporter) -> (artifact id: '480062a8953e6ce64e85785d1788a45d') in 0.0126813 seconds
Number of updated asset objects reloaded before import = 0Number of asset objects unloaded after import = 8

========================================================================
Received Import Request.
  Time since last request: 0.000013 seconds.
  path: Assets/Asset/Cartoon Temple Building Kit/Fbx/Doors Gates Hallways/Gate 4 Hallway x3.fbx
  artifactKey: Guid(3d2f17137ce3da6469207010686d933f) Importer(2089858483,d624ce77472d68a35037170ec1d2d27e)
Start importing Assets/Asset/Cartoon Temple Building Kit/Fbx/Doors Gates Hallways/Gate 4 Hallway x3.fbx using Guid(3d2f17137ce3da6469207010686d933f) Importer(2089858483,d624ce77472d68a35037170ec1d2d27e) (ScriptedImporter) -> (artifact id: '87c9a811a6f7abd26361d357405bdc17') in 0.018682 seconds
Number of updated asset objects reloaded before import = 0Number of asset objects unloaded after import = 8

========================================================================
Received Import Request.
  Time since last request: 0.000013 seconds.
  path: Assets/Asset/Standard Assets/PhysicsMaterials/MaxFriction.physicMaterial
  artifactKey: Guid(e52fb17f9b1e7fd48b8955f1391d3688) Importer(2089858483,d624ce77472d68a35037170ec1d2d27e)
Start importing Assets/Asset/Standard Assets/PhysicsMaterials/MaxFriction.physicMaterial using Guid(e52fb17f9b1e7fd48b8955f1391d3688) Importer(2089858483,d624ce77472d68a35037170ec1d2d27e) (ScriptedImporter) -> (artifact id: 'c03ee1ef4c9ae8cb6320c9f31f1bdf80') in 0.0041187 seconds
Number of updated asset objects reloaded before import = 0Number of asset objects unloaded after import = 1

========================================================================
Received Import Request.
  Time since last request: 0.000016 seconds.
  path: Assets/ExternalDependencyManager/Editor/1.2.187/Google.PackageManagerResolver.dll
  artifactKey: Guid(ebc81d44045a4533903ae8d80e189cd4) Importer(2089858483,d624ce77472d68a35037170ec1d2d27e)
Start importing Assets/ExternalDependencyManager/Editor/1.2.187/Google.PackageManagerResolver.dll using Guid(ebc81d44045a4533903ae8d80e189cd4) Importer(2089858483,d624ce77472d68a35037170ec1d2d27e) (ScriptedImporter) -> (artifact id: '3a0579e2440a60422cca6382db6e158d') in 0.0090897 seconds
Number of updated asset objects reloaded before import = 0Number of asset objects unloaded after import = 0

========================================================================
Received Import Request.
  Time since last request: 0.000063 seconds.
  path: Assets/ExternalDependencyManager/Editor/1.2.187/Google.VersionHandlerImpl.dll
  artifactKey: Guid(f5fc7702bb5f4ba8a2f5bf02b99beb09) Importer(2089858483,d624ce77472d68a35037170ec1d2d27e)
Start importing Assets/ExternalDependencyManager/Editor/1.2.187/Google.VersionHandlerImpl.dll using Guid(f5fc7702bb5f4ba8a2f5bf02b99beb09) Importer(2089858483,d624ce77472d68a35037170ec1d2d27e) (ScriptedImporter) -> (artifact id: 'bb2399f05d8a98472d02737dd8d3fe74') in 0.0091074 seconds
Number of updated asset objects reloaded before import = 0Number of asset objects unloaded after import = 0

========================================================================
Received Import Request.
  Time since last request: 0.000058 seconds.
  path: Assets/Asset/Cartoon Temple Building Kit/Fbx/Blocks And Bricks/Blocks And Bricks 4 One Sided.fbx
  artifactKey: Guid(e9c4aed9c299ef945988510a3ccab4ad) Importer(2089858483,d624ce77472d68a35037170ec1d2d27e)
Start importing Assets/Asset/Cartoon Temple Building Kit/Fbx/Blocks And Bricks/Blocks And Bricks 4 One Sided.fbx using Guid(e9c4aed9c299ef945988510a3ccab4ad) Importer(2089858483,d624ce77472d68a35037170ec1d2d27e) (ScriptedImporter) -> (artifact id: 'b22a1ebf12180fc9974bd945fedafaa9') in 0.0165544 seconds
Number of updated asset objects reloaded before import = 0Number of asset objects unloaded after import = 8

========================================================================
Received Import Request.
  Time since last request: 0.000016 seconds.
  path: Assets/Asset/Cartoon Temple Building Kit/Fbx/Blocks/Block 4x4.fbx
  artifactKey: Guid(7410c20d08cac944bb204c849d570545) Importer(2089858483,d624ce77472d68a35037170ec1d2d27e)
Start importing Assets/Asset/Cartoon Temple Building Kit/Fbx/Blocks/Block 4x4.fbx using Guid(7410c20d08cac944bb204c849d570545) Importer(2089858483,d624ce77472d68a35037170ec1d2d27e) (ScriptedImporter) -> (artifact id: '974e5b9b415235bcec85b3ea1817d6d7') in 0.0152787 seconds
Number of updated asset objects reloaded before import = 0Number of asset objects unloaded after import = 8

========================================================================
Received Import Request.
  Time since last request: 0.000012 seconds.
  path: Assets/Asset/Cartoon Temple Building Kit/Fbx/Blocks/Block 2x2x3.fbx
  artifactKey: Guid(95f3418ef218ec84aaf52d3383e1fea6) Importer(2089858483,d624ce77472d68a35037170ec1d2d27e)
Start importing Assets/Asset/Cartoon Temple Building Kit/Fbx/Blocks/Block 2x2x3.fbx using Guid(95f3418ef218ec84aaf52d3383e1fea6) Importer(2089858483,d624ce77472d68a35037170ec1d2d27e) (ScriptedImporter) -> (artifact id: 'a10d69f2f99bbabb622bda367de8dfba') in 0.0144303 seconds
Number of updated asset objects reloaded before import = 0Number of asset objects unloaded after import = 8

========================================================================
Received Import Request.
  Time since last request: 0.000014 seconds.
  path: Assets/Asset/Cartoon Temple Building Kit/Fbx/Blocks And Bricks/Blocks And Bricks 10 One Sided.fbx
  artifactKey: Guid(a284eb56cc9b1d8408a3c65e10c8e3f1) Importer(2089858483,d624ce77472d68a35037170ec1d2d27e)
Start importing Assets/Asset/Cartoon Temple Building Kit/Fbx/Blocks And Bricks/Blocks And Bricks 10 One Sided.fbx using Guid(a284eb56cc9b1d8408a3c65e10c8e3f1) Importer(2089858483,d624ce77472d68a35037170ec1d2d27e) (ScriptedImporter) -> (artifact id: 'f0addc20e3cb478dec170df2d4a6d6d2') in 0.0134185 seconds
Number of updated asset objects reloaded before import = 0Number of asset objects unloaded after import = 8

========================================================================
Received Import Request.
  Time since last request: 0.000015 seconds.
  path: Assets/Asset/Simple UI/PNG/UI_Fill_Sky.png
  artifactKey: Guid(936056ec3ddb143549903ecd2f90bdc8) Importer(2089858483,d624ce77472d68a35037170ec1d2d27e)
Start importing Assets/Asset/Simple UI/PNG/UI_Fill_Sky.png using Guid(936056ec3ddb143549903ecd2f90bdc8) Importer(2089858483,d624ce77472d68a35037170ec1d2d27e) (ScriptedImporter) -> (artifact id: '142bcfd730e705f54a2b59ae631d4647') in 0.0122402 seconds
Number of updated asset objects reloaded before import = 0Number of asset objects unloaded after import = 3

========================================================================
Received Import Request.
  Time since last request: 0.000013 seconds.
  path: Assets/Asset/Cartoon Temple Building Kit/Fbx/Blocks And Bricks/Blocks And Bricks 15 One Sided.fbx
  artifactKey: Guid(772f5765ec165484898a66090a9093f5) Importer(2089858483,d624ce77472d68a35037170ec1d2d27e)
Start importing Assets/Asset/Cartoon Temple Building Kit/Fbx/Blocks And Bricks/Blocks And Bricks 15 One Sided.fbx using Guid(772f5765ec165484898a66090a9093f5) Importer(2089858483,d624ce77472d68a35037170ec1d2d27e) (ScriptedImporter) -> (artifact id: '46cae01d2afe4dd3e156c2ea21cfd842') in 0.0150251 seconds
Number of updated asset objects reloaded before import = 0Number of asset objects unloaded after import = 8

========================================================================
Received Import Request.
  Time since last request: 0.000013 seconds.
  path: Assets/Asset/Cartoon Temple Building Kit/Fbx/Blocks And Bricks/Blocks And Bricks 5.fbx
  artifactKey: Guid(b1a84c568d6b95841a2c71abe2b964be) Importer(2089858483,d624ce77472d68a35037170ec1d2d27e)
Start importing Assets/Asset/Cartoon Temple Building Kit/Fbx/Blocks And Bricks/Blocks And Bricks 5.fbx using Guid(b1a84c568d6b95841a2c71abe2b964be) Importer(2089858483,d624ce77472d68a35037170ec1d2d27e) (ScriptedImporter) -> (artifact id: 'e8236b28d8c0fdda58eb67a362bf5b31') in 0.0164054 seconds
Number of updated asset objects reloaded before import = 0Number of asset objects unloaded after import = 8

========================================================================
Received Import Request.
  Time since last request: 0.000016 seconds.
  path: Assets/Asset/Simple UI/PNG/UI_Panel_Content.png
  artifactKey: Guid(a0c4441e403ea437ca79f6f9b5b15da8) Importer(2089858483,d624ce77472d68a35037170ec1d2d27e)
Start importing Assets/Asset/Simple UI/PNG/UI_Panel_Content.png using Guid(a0c4441e403ea437ca79f6f9b5b15da8) Importer(2089858483,d624ce77472d68a35037170ec1d2d27e) (ScriptedImporter) -> (artifact id: 'b3eca903f20e3b2c42da91d4a020679d') in 0.0128922 seconds
Number of updated asset objects reloaded before import = 0Number of asset objects unloaded after import = 3

========================================================================
Received Import Request.
  Time since last request: 0.000012 seconds.
  path: Assets/Asset/Simple UI/PNG/UI_Frame_Dark_White.png
  artifactKey: Guid(f8f919528929444d38fb2c14ee234bb1) Importer(2089858483,d624ce77472d68a35037170ec1d2d27e)
Start importing Assets/Asset/Simple UI/PNG/UI_Frame_Dark_White.png using Guid(f8f919528929444d38fb2c14ee234bb1) Importer(2089858483,d624ce77472d68a35037170ec1d2d27e) (ScriptedImporter) -> (artifact id: '52c3ec9ae7620200f0a4ec517a26b3dd') in 0.0143646 seconds
Number of updated asset objects reloaded before import = 0Number of asset objects unloaded after import = 3

========================================================================
Received Import Request.
  Time since last request: 0.000013 seconds.
  path: Assets/Asset/Cartoon Temple Building Kit/Fbx/Blocks/Block 4x4x4.fbx
  artifactKey: Guid(a446120af7a42b443aacb70d3dd53d32) Importer(2089858483,d624ce77472d68a35037170ec1d2d27e)
Start importing Assets/Asset/Cartoon Temple Building Kit/Fbx/Blocks/Block 4x4x4.fbx using Guid(a446120af7a42b443aacb70d3dd53d32) Importer(2089858483,d624ce77472d68a35037170ec1d2d27e) (ScriptedImporter) -> (artifact id: '6535a4555f7a93025acd17b05d11d3d1') in 0.0127724 seconds
Number of updated asset objects reloaded before import = 0Number of asset objects unloaded after import = 8

========================================================================
Received Import Request.
  Time since last request: 0.000015 seconds.
  path: Assets/Asset/Cartoon Temple Building Kit/Fbx/Doors Gates Hallways/Gate 4 Hallway x1.fbx
  artifactKey: Guid(41da41450a9552344a482581a86af649) Importer(2089858483,d624ce77472d68a35037170ec1d2d27e)
Start importing Assets/Asset/Cartoon Temple Building Kit/Fbx/Doors Gates Hallways/Gate 4 Hallway x1.fbx using Guid(41da41450a9552344a482581a86af649) Importer(2089858483,d624ce77472d68a35037170ec1d2d27e) (ScriptedImporter) -> (artifact id: '02787f1a104a5b2f0864b0ac07dae422') in 0.0130284 seconds
Number of updated asset objects reloaded before import = 0Number of asset objects unloaded after import = 8

========================================================================
Received Import Request.
  Time since last request: 0.000018 seconds.
  path: Assets/Asset/Cartoon Temple Building Kit/Fbx/Blocks And Bricks/Blocks And Bricks 14 One Sided.fbx
  artifactKey: Guid(c8606f8b4e7194742b72449017d09639) Importer(2089858483,d624ce77472d68a35037170ec1d2d27e)
Start importing Assets/Asset/Cartoon Temple Building Kit/Fbx/Blocks And Bricks/Blocks And Bricks 14 One Sided.fbx using Guid(c8606f8b4e7194742b72449017d09639) Importer(2089858483,d624ce77472d68a35037170ec1d2d27e) (ScriptedImporter) -> (artifact id: '1c169fd50adbdb0e14d58be47ed55632') in 0.0170873 seconds
Number of updated asset objects reloaded before import = 0Number of asset objects unloaded after import = 8

========================================================================
Received Import Request.
  Time since last request: 0.000013 seconds.
  path: Assets/Asset/Cartoon Temple Building Kit/Fbx/Blocks/Block 1x4.fbx
  artifactKey: Guid(6d27797d28e7d34418bbbec938287f08) Importer(2089858483,d624ce77472d68a35037170ec1d2d27e)
Start importing Assets/Asset/Cartoon Temple Building Kit/Fbx/Blocks/Block 1x4.fbx using Guid(6d27797d28e7d34418bbbec938287f08) Importer(2089858483,d624ce77472d68a35037170ec1d2d27e) (ScriptedImporter) -> (artifact id: 'c4a3e6225bda35088d1b1cb652a3a32e') in 0.0153145 seconds
Number of updated asset objects reloaded before import = 0Number of asset objects unloaded after import = 8

========================================================================
Received Import Request.
  Time since last request: 0.686911 seconds.
  path: Assets/Asset/Cartoon Temple Building Kit/Fbx/Round/Round Pineapple 2.fbx
  artifactKey: Guid(0c92ab8b05166b140a4eddcdf1e8b728) Importer(2089858483,d624ce77472d68a35037170ec1d2d27e)
Start importing Assets/Asset/Cartoon Temple Building Kit/Fbx/Round/Round Pineapple 2.fbx using Guid(0c92ab8b05166b140a4eddcdf1e8b728) Importer(2089858483,d624ce77472d68a35037170ec1d2d27e) (ScriptedImporter) -> (artifact id: '9bcff0cf8f929c0478c2aa0bcf16040c') in 0.0153125 seconds
Number of updated asset objects reloaded before import = 0Number of asset objects unloaded after import = 8

========================================================================
Received Import Request.
  Time since last request: 0.000015 seconds.
  path: Assets/Asset/Cartoon Temple Building Kit/Prefabs/Blocks And Bricks Prefabs/Blocks And Bricks 20 One Sided.prefab
  artifactKey: Guid(7464a7afeb57b4d489194ea2d9829054) Importer(2089858483,d624ce77472d68a35037170ec1d2d27e)
Start importing Assets/Asset/Cartoon Temple Building Kit/Prefabs/Blocks And Bricks Prefabs/Blocks And Bricks 20 One Sided.prefab using Guid(7464a7afeb57b4d489194ea2d9829054) Importer(2089858483,d624ce77472d68a35037170ec1d2d27e) (ScriptedImporter) -> (artifact id: 'fa8dbffaa0dbbc5b7128df6ff7dca724') in 0.0087434 seconds
Number of updated asset objects reloaded before import = 0Number of asset objects unloaded after import = 8

========================================================================
Received Import Request.
  Time since last request: 0.000012 seconds.
  path: Assets/Asset/Cartoon Temple Building Kit/Prefabs/Blocks And Bricks Prefabs/Blocks And Bricks 13 One Sided.prefab
  artifactKey: Guid(38c11ea8c04957343bf85e227825f955) Importer(2089858483,d624ce77472d68a35037170ec1d2d27e)
Start importing Assets/Asset/Cartoon Temple Building Kit/Prefabs/Blocks And Bricks Prefabs/Blocks And Bricks 13 One Sided.prefab using Guid(38c11ea8c04957343bf85e227825f955) Importer(2089858483,d624ce77472d68a35037170ec1d2d27e) (ScriptedImporter) -> (artifact id: '7ecf04575c2fe1ef48a1593ad63f8c62') in 0.0077507 seconds
Number of updated asset objects reloaded before import = 0Number of asset objects unloaded after import = 8

========================================================================
Received Import Request.
  Time since last request: 0.000013 seconds.
  path: Assets/Asset/Cartoon Temple Building Kit/Fbx/Single cubes/Single Cube 4.fbx
  artifactKey: Guid(c840a3ec16aed5a4da5f8a3cdac5f25b) Importer(2089858483,d624ce77472d68a35037170ec1d2d27e)
Start importing Assets/Asset/Cartoon Temple Building Kit/Fbx/Single cubes/Single Cube 4.fbx using Guid(c840a3ec16aed5a4da5f8a3cdac5f25b) Importer(2089858483,d624ce77472d68a35037170ec1d2d27e) (ScriptedImporter) -> (artifact id: '497a33a15d90831f0ebe4ed648fd866d') in 0.0181685 seconds
Number of updated asset objects reloaded before import = 0Number of asset objects unloaded after import = 8

========================================================================
Received Import Request.
  Time since last request: 0.000013 seconds.
  path: Assets/Asset/Cartoon Temple Building Kit/Fbx/Square Holes/Square Hole 4x7.fbx
  artifactKey: Guid(9df7f4e590e0f4e48a616d998d522bb5) Importer(2089858483,d624ce77472d68a35037170ec1d2d27e)
Start importing Assets/Asset/Cartoon Temple Building Kit/Fbx/Square Holes/Square Hole 4x7.fbx using Guid(9df7f4e590e0f4e48a616d998d522bb5) Importer(2089858483,d624ce77472d68a35037170ec1d2d27e) (ScriptedImporter) -> (artifact id: '5e81ec7b60f85659314b997acbdd7422') in 0.0143668 seconds
Number of updated asset objects reloaded before import = 0Number of asset objects unloaded after import = 8

========================================================================
Received Import Request.
  Time since last request: 0.000013 seconds.
  path: Assets/Asset/Cartoon Temple Building Kit/Fbx/Round/Round Wide Hollow 3.fbx
  artifactKey: Guid(62df6aaaf9f11d54981c2f97bfdc2c22) Importer(2089858483,d624ce77472d68a35037170ec1d2d27e)
Start importing Assets/Asset/Cartoon Temple Building Kit/Fbx/Round/Round Wide Hollow 3.fbx using Guid(62df6aaaf9f11d54981c2f97bfdc2c22) Importer(2089858483,d624ce77472d68a35037170ec1d2d27e) (ScriptedImporter) -> (artifact id: '609d89fdbd8ffbec7fd3035c9384efc1') in 0.0149592 seconds
Number of updated asset objects reloaded before import = 0Number of asset objects unloaded after import = 8

========================================================================
Received Import Request.
  Time since last request: 0.000015 seconds.
  path: Assets/Asset/Cartoon Temple Building Kit/Fbx/Round/Round Wide 3.fbx
  artifactKey: Guid(cb1c81be00ad3c54cb6d82e17e831fbb) Importer(2089858483,d624ce77472d68a35037170ec1d2d27e)
Start importing Assets/Asset/Cartoon Temple Building Kit/Fbx/Round/Round Wide 3.fbx using Guid(cb1c81be00ad3c54cb6d82e17e831fbb) Importer(2089858483,d624ce77472d68a35037170ec1d2d27e) (ScriptedImporter) -> (artifact id: '1fe65f35a3c1dbd0e21f266bae981c41') in 0.0127396 seconds
Number of updated asset objects reloaded before import = 0Number of asset objects unloaded after import = 8

========================================================================
Received Import Request.
  Time since last request: 0.000021 seconds.
  path: Assets/Asset/Cartoon Temple Building Kit/Fbx/Sig Sag/Sig Sag 4x4.fbx
  artifactKey: Guid(572f2b9ea7750114bb0877da2d4c1b84) Importer(2089858483,d624ce77472d68a35037170ec1d2d27e)
Start importing Assets/Asset/Cartoon Temple Building Kit/Fbx/Sig Sag/Sig Sag 4x4.fbx using Guid(572f2b9ea7750114bb0877da2d4c1b84) Importer(2089858483,d624ce77472d68a35037170ec1d2d27e) (ScriptedImporter) -> (artifact id: '8930a73625ac21ea24f4708661513f02') in 0.0138678 seconds
Number of updated asset objects reloaded before import = 0Number of asset objects unloaded after import = 8

========================================================================
Received Import Request.
  Time since last request: 0.000015 seconds.
  path: Assets/Asset/Cartoon Temple Building Kit/Fbx/Single cubes/Single Cube 8.fbx
  artifactKey: Guid(54d631886dc0f86448769905d19839be) Importer(2089858483,d624ce77472d68a35037170ec1d2d27e)
Start importing Assets/Asset/Cartoon Temple Building Kit/Fbx/Single cubes/Single Cube 8.fbx using Guid(54d631886dc0f86448769905d19839be) Importer(2089858483,d624ce77472d68a35037170ec1d2d27e) (ScriptedImporter) -> (artifact id: '9ebfdc7c7fc7e8afecf079eb5ef7cedb') in 0.0138898 seconds
Number of updated asset objects reloaded before import = 0Number of asset objects unloaded after import = 8

========================================================================
Received Import Request.
  Time since last request: 0.000014 seconds.
  path: Assets/Asset/Cartoon Temple Building Kit/Prefabs/Round Prefabs/Round Wide 6.prefab
  artifactKey: Guid(e82c8f587a610ad4e8a1daed335e7d96) Importer(2089858483,d624ce77472d68a35037170ec1d2d27e)
Start importing Assets/Asset/Cartoon Temple Building Kit/Prefabs/Round Prefabs/Round Wide 6.prefab using Guid(e82c8f587a610ad4e8a1daed335e7d96) Importer(2089858483,d624ce77472d68a35037170ec1d2d27e) (ScriptedImporter) -> (artifact id: 'c92fb4cef8b4db98f54d75177d69af7a') in 0.0091778 seconds
Number of updated asset objects reloaded before import = 0Number of asset objects unloaded after import = 8

========================================================================
Received Import Request.
  Time since last request: 0.000025 seconds.
  path: Assets/Asset/Cartoon Temple Building Kit/Fbx/Round/Round Wide 10.fbx
  artifactKey: Guid(7d0637ee322e9384f98659ebca119e5e) Importer(2089858483,d624ce77472d68a35037170ec1d2d27e)
Start importing Assets/Asset/Cartoon Temple Building Kit/Fbx/Round/Round Wide 10.fbx using Guid(7d0637ee322e9384f98659ebca119e5e) Importer(2089858483,d624ce77472d68a35037170ec1d2d27e) (ScriptedImporter) -> (artifact id: 'f1d11224ff464f4b8622f5edcb080c81') in 0.0144098 seconds
Number of updated asset objects reloaded before import = 0Number of asset objects unloaded after import = 8

========================================================================
Received Import Request.
  Time since last request: 0.000012 seconds.
  path: Assets/Asset/Cartoon Temple Building Kit/Fbx/Square Holes/Square Hole 3x7.fbx
  artifactKey: Guid(60f344983c04bd746bb1986aee49a181) Importer(2089858483,d624ce77472d68a35037170ec1d2d27e)
Start importing Assets/Asset/Cartoon Temple Building Kit/Fbx/Square Holes/Square Hole 3x7.fbx using Guid(60f344983c04bd746bb1986aee49a181) Importer(2089858483,d624ce77472d68a35037170ec1d2d27e) (ScriptedImporter) -> (artifact id: '9766c89ca4a03f81d4328a469edb79db') in 0.01311 seconds
Number of updated asset objects reloaded before import = 0Number of asset objects unloaded after import = 8

========================================================================
Received Import Request.
  Time since last request: 0.000015 seconds.
  path: Assets/Asset/Cartoon Temple Building Kit/Prefabs/Blocks Prefabs/Block 1x2.prefab
  artifactKey: Guid(031d214320bef0040aaca83051cbcdc5) Importer(2089858483,d624ce77472d68a35037170ec1d2d27e)
Start importing Assets/Asset/Cartoon Temple Building Kit/Prefabs/Blocks Prefabs/Block 1x2.prefab using Guid(031d214320bef0040aaca83051cbcdc5) Importer(2089858483,d624ce77472d68a35037170ec1d2d27e) (ScriptedImporter) -> (artifact id: '7ae4cea50f3904cd57480a79232442c8') in 0.0072976 seconds
Number of updated asset objects reloaded before import = 0Number of asset objects unloaded after import = 8

========================================================================
Received Import Request.
  Time since last request: 0.000012 seconds.
  path: Assets/Asset/Cartoon Temple Building Kit/Materials/Emitter Materials/Cold Blue.mat
  artifactKey: Guid(15fb383ffc181fa4bade47e99b0b51f6) Importer(2089858483,d624ce77472d68a35037170ec1d2d27e)
Start importing Assets/Asset/Cartoon Temple Building Kit/Materials/Emitter Materials/Cold Blue.mat using Guid(15fb383ffc181fa4bade47e99b0b51f6) Importer(2089858483,d624ce77472d68a35037170ec1d2d27e) (ScriptedImporter) -> (artifact id: 'cbc36b52c0103d46f025f420454926de') in 0.0041507 seconds
Number of updated asset objects reloaded before import = 0Number of asset objects unloaded after import = 1

========================================================================
Received Import Request.
  Time since last request: 0.000011 seconds.
  path: Assets/Asset/Cartoon Temple Building Kit/Prefabs/Ground Stones Tile Prefabs/Ground Stones Tile 1x2.prefab
  artifactKey: Guid(765035eeac3469d43ab7e7c0dc6cc8e2) Importer(2089858483,d624ce77472d68a35037170ec1d2d27e)
Start importing Assets/Asset/Cartoon Temple Building Kit/Prefabs/Ground Stones Tile Prefabs/Ground Stones Tile 1x2.prefab using Guid(765035eeac3469d43ab7e7c0dc6cc8e2) Importer(2089858483,d624ce77472d68a35037170ec1d2d27e) (ScriptedImporter) -> (artifact id: '80fcae931065a281243f2daadbed9a6d') in 0.0075724 seconds
Number of updated asset objects reloaded before import = 0Number of asset objects unloaded after import = 8

========================================================================
Received Import Request.
  Time since last request: 0.000014 seconds.
  path: Assets/Asset/Cartoon Temple Building Kit/Fbx/Walls/Wall Tile 2x1.fbx
  artifactKey: Guid(4961bea18ef42d64292976a3bff3d066) Importer(2089858483,d624ce77472d68a35037170ec1d2d27e)
Start importing Assets/Asset/Cartoon Temple Building Kit/Fbx/Walls/Wall Tile 2x1.fbx using Guid(4961bea18ef42d64292976a3bff3d066) Importer(2089858483,d624ce77472d68a35037170ec1d2d27e) (ScriptedImporter) -> (artifact id: 'c2e333a5ef5fca3ee0d5e2c893185c00') in 0.0148891 seconds
Number of updated asset objects reloaded before import = 0Number of asset objects unloaded after import = 8

========================================================================
Received Import Request.
  Time since last request: 0.000014 seconds.
  path: Assets/Asset/Cartoon Temple Building Kit/Prefabs/Pieced Prefabs/Example Prefab 1.prefab
  artifactKey: Guid(f63ae787fb2f9054d9fa3c0aaf2dee4d) Importer(2089858483,d624ce77472d68a35037170ec1d2d27e)
Start importing Assets/Asset/Cartoon Temple Building Kit/Prefabs/Pieced Prefabs/Example Prefab 1.prefab using Guid(f63ae787fb2f9054d9fa3c0aaf2dee4d) Importer(2089858483,d624ce77472d68a35037170ec1d2d27e) (ScriptedImporter) -> (artifact id: '4f4ab67db02a94c21e4ab15cea703f0b') in 0.0109767 seconds
Number of updated asset objects reloaded before import = 0Number of asset objects unloaded after import = 180

========================================================================
Received Import Request.
  Time since last request: 0.000015 seconds.
  path: Assets/Asset/Cartoon Temple Building Kit/Prefabs/Round Prefabs/Round Pineapple 3.prefab
  artifactKey: Guid(7125738adae1f424988f1e1f2db904ad) Importer(2089858483,d624ce77472d68a35037170ec1d2d27e)
Start importing Assets/Asset/Cartoon Temple Building Kit/Prefabs/Round Prefabs/Round Pineapple 3.prefab using Guid(7125738adae1f424988f1e1f2db904ad) Importer(2089858483,d624ce77472d68a35037170ec1d2d27e) (ScriptedImporter) -> (artifact id: '4f06ca6fdd2708b94cba8641b503c89c') in 0.0072828 seconds
Number of updated asset objects reloaded before import = 0Number of asset objects unloaded after import = 8

========================================================================
Received Import Request.
  Time since last request: 0.000012 seconds.
  path: Assets/Asset/Cartoon Temple Building Kit/Fbx/Single cubes/Single Cube 13.fbx
  artifactKey: Guid(02ec0155d60d6d144a87bae31fb6bb7d) Importer(2089858483,d624ce77472d68a35037170ec1d2d27e)
Start importing Assets/Asset/Cartoon Temple Building Kit/Fbx/Single cubes/Single Cube 13.fbx using Guid(02ec0155d60d6d144a87bae31fb6bb7d) Importer(2089858483,d624ce77472d68a35037170ec1d2d27e) (ScriptedImporter) -> (artifact id: 'f8694e586cf9155e8455ef6cf6af0070') in 0.0136057 seconds
Number of updated asset objects reloaded before import = 0Number of asset objects unloaded after import = 8

========================================================================
Received Import Request.
  Time since last request: 0.000012 seconds.
  path: Assets/Asset/Cartoon Temple Building Kit/Fbx/Walls/Wall Tile 1x3.fbx
  artifactKey: Guid(d9f563d9f399c1d44826c7c9c282e767) Importer(2089858483,d624ce77472d68a35037170ec1d2d27e)
Start importing Assets/Asset/Cartoon Temple Building Kit/Fbx/Walls/Wall Tile 1x3.fbx using Guid(d9f563d9f399c1d44826c7c9c282e767) Importer(2089858483,d624ce77472d68a35037170ec1d2d27e) (ScriptedImporter) -> (artifact id: 'c51a0aad9991c797fbfbc0231b15d4fa') in 0.0125383 seconds
Number of updated asset objects reloaded before import = 0Number of asset objects unloaded after import = 8

========================================================================
Received Import Request.
  Time since last request: 0.000014 seconds.
  path: Assets/Asset/Cartoon Temple Building Kit/Prefabs/Blocks And Bricks Prefabs/Blocks And Bricks 2 One Sided.prefab
  artifactKey: Guid(0a5412f3b03c8c54d9dc24276b69c2d1) Importer(2089858483,d624ce77472d68a35037170ec1d2d27e)
Start importing Assets/Asset/Cartoon Temple Building Kit/Prefabs/Blocks And Bricks Prefabs/Blocks And Bricks 2 One Sided.prefab using Guid(0a5412f3b03c8c54d9dc24276b69c2d1) Importer(2089858483,d624ce77472d68a35037170ec1d2d27e) (ScriptedImporter) -> (artifact id: '7d5ac312cbcc07c735fb7d3df9f219e3') in 0.0074438 seconds
Number of updated asset objects reloaded before import = 0Number of asset objects unloaded after import = 8

========================================================================
Received Import Request.
  Time since last request: 0.000013 seconds.
  path: Assets/Asset/Cartoon Temple Building Kit/Prefabs/Blocks And Bricks Prefabs/Blocks And Bricks 12 One Sided.prefab
  artifactKey: Guid(d22a13d412c7e174282729c232d0292b) Importer(2089858483,d624ce77472d68a35037170ec1d2d27e)
Start importing Assets/Asset/Cartoon Temple Building Kit/Prefabs/Blocks And Bricks Prefabs/Blocks And Bricks 12 One Sided.prefab using Guid(d22a13d412c7e174282729c232d0292b) Importer(2089858483,d624ce77472d68a35037170ec1d2d27e) (ScriptedImporter) -> (artifact id: '9e23f12acc8cbaac7bf138d7c4d58722') in 0.0086318 seconds
Number of updated asset objects reloaded before import = 0Number of asset objects unloaded after import = 8

========================================================================
Received Import Request.
  Time since last request: 0.000012 seconds.
  path: Assets/Asset/Cartoon Temple Building Kit/Prefabs/Blocks And Bricks Prefabs/Blocks And Bricks 13.prefab
  artifactKey: Guid(60c3310d728c71c4d9b347b747068488) Importer(2089858483,d624ce77472d68a35037170ec1d2d27e)
Start importing Assets/Asset/Cartoon Temple Building Kit/Prefabs/Blocks And Bricks Prefabs/Blocks And Bricks 13.prefab using Guid(60c3310d728c71c4d9b347b747068488) Importer(2089858483,d624ce77472d68a35037170ec1d2d27e) (ScriptedImporter) -> (artifact id: 'e1a21c101492b2a9b5e2977107e70acb') in 0.0071941 seconds
Number of updated asset objects reloaded before import = 0Number of asset objects unloaded after import = 8

========================================================================
Received Import Request.
  Time since last request: 0.000012 seconds.
  path: Assets/Asset/Cartoon Temple Building Kit/Prefabs/Ground Stones Tile Prefabs/Ground Stones Tiles 4x4.prefab
  artifactKey: Guid(3fb9127ccfa0cbd49a6aa84d55480500) Importer(2089858483,d624ce77472d68a35037170ec1d2d27e)
Start importing Assets/Asset/Cartoon Temple Building Kit/Prefabs/Ground Stones Tile Prefabs/Ground Stones Tiles 4x4.prefab using Guid(3fb9127ccfa0cbd49a6aa84d55480500) Importer(2089858483,d624ce77472d68a35037170ec1d2d27e) (ScriptedImporter) -> (artifact id: '550c6ba764d7449f9e6f9dd330359178') in 0.00782 seconds
Number of updated asset objects reloaded before import = 0Number of asset objects unloaded after import = 8

========================================================================
Received Import Request.
  Time since last request: 0.000016 seconds.
  path: Assets/Asset/Cartoon Temple Building Kit/Materials/Materials/Cartoon Temple Builder Kit.mat
  artifactKey: Guid(9f400fe85468b0647831b49fb7e1649b) Importer(2089858483,d624ce77472d68a35037170ec1d2d27e)
Start importing Assets/Asset/Cartoon Temple Building Kit/Materials/Materials/Cartoon Temple Builder Kit.mat using Guid(9f400fe85468b0647831b49fb7e1649b) Importer(2089858483,d624ce77472d68a35037170ec1d2d27e) (ScriptedImporter) -> (artifact id: '12047f9e214111aa31e278c8fad0108e') in 0.006213 seconds
Number of updated asset objects reloaded before import = 0Number of asset objects unloaded after import = 2

========================================================================
Received Import Request.
  Time since last request: 0.000013 seconds.
  path: Assets/Asset/Cartoon Temple Building Kit/Fbx/Walls/Wall Tile 4x2.fbx
  artifactKey: Guid(38cb9c677cc9cf849a7e755877f61eb5) Importer(2089858483,d624ce77472d68a35037170ec1d2d27e)
Start importing Assets/Asset/Cartoon Temple Building Kit/Fbx/Walls/Wall Tile 4x2.fbx using Guid(38cb9c677cc9cf849a7e755877f61eb5) Importer(2089858483,d624ce77472d68a35037170ec1d2d27e) (ScriptedImporter) -> (artifact id: 'af55166fcd55b7121f85e57a14be3dfa') in 0.0167051 seconds
Number of updated asset objects reloaded before import = 0Number of asset objects unloaded after import = 8

========================================================================
Received Import Request.
  Time since last request: 0.000013 seconds.
  path: Assets/Asset/Cartoon Temple Building Kit/Prefabs/Ground Stones Tile Prefabs/Ground Stones Tile 3x3.prefab
  artifactKey: Guid(da81a836ebe4ff344b64459df6f3372b) Importer(2089858483,d624ce77472d68a35037170ec1d2d27e)
Start importing Assets/Asset/Cartoon Temple Building Kit/Prefabs/Ground Stones Tile Prefabs/Ground Stones Tile 3x3.prefab using Guid(da81a836ebe4ff344b64459df6f3372b) Importer(2089858483,d624ce77472d68a35037170ec1d2d27e) (ScriptedImporter) -> (artifact id: 'cd0371fe4b78d4f8b73cc6f7154cd530') in 0.0080158 seconds
Number of updated asset objects reloaded before import = 0Number of asset objects unloaded after import = 8

========================================================================
Received Import Request.
  Time since last request: 0.000013 seconds.
  path: Assets/Asset/Cartoon Temple Building Kit/Fbx/Single cubes/Single Cube 1.fbx
  artifactKey: Guid(9e935c9ed6bcda949a5b1c92cde7d8b5) Importer(2089858483,d624ce77472d68a35037170ec1d2d27e)
Start importing Assets/Asset/Cartoon Temple Building Kit/Fbx/Single cubes/Single Cube 1.fbx using Guid(9e935c9ed6bcda949a5b1c92cde7d8b5) Importer(2089858483,d624ce77472d68a35037170ec1d2d27e) (ScriptedImporter) -> (artifact id: '2ff8749b26d9be8aec394898e12890d4') in 0.0142935 seconds
Number of updated asset objects reloaded before import = 0Number of asset objects unloaded after import = 8

========================================================================
Received Import Request.
  Time since last request: 0.000013 seconds.
  path: Assets/Asset/Cartoon Temple Building Kit/Prefabs/Pieced Prefabs/Example Pieced Prefab 3.prefab
  artifactKey: Guid(ba861b6b4f5559f41a4f1188440fe846) Importer(2089858483,d624ce77472d68a35037170ec1d2d27e)
Start importing Assets/Asset/Cartoon Temple Building Kit/Prefabs/Pieced Prefabs/Example Pieced Prefab 3.prefab using Guid(ba861b6b4f5559f41a4f1188440fe846) Importer(2089858483,d624ce77472d68a35037170ec1d2d27e) (ScriptedImporter) -> (artifact id: 'aeae03f8388e69b9eb837d7704320525') in 0.0047759 seconds
Number of updated asset objects reloaded before import = 0Number of asset objects unloaded after import = 49

========================================================================
Received Import Request.
  Time since last request: 0.000011 seconds.
  path: Assets/Asset/Cartoon Temple Building Kit/Prefabs/Blocks Prefabs/Block 3x3x5.prefab
  artifactKey: Guid(5bd01d471a3915948b72bddc45509da3) Importer(2089858483,d624ce77472d68a35037170ec1d2d27e)
Start importing Assets/Asset/Cartoon Temple Building Kit/Prefabs/Blocks Prefabs/Block 3x3x5.prefab using Guid(5bd01d471a3915948b72bddc45509da3) Importer(2089858483,d624ce77472d68a35037170ec1d2d27e) (ScriptedImporter) -> (artifact id: 'a91841a9bf07081f15e0968e51d5119a') in 0.0087653 seconds
Number of updated asset objects reloaded before import = 0Number of asset objects unloaded after import = 8

========================================================================
Received Import Request.
  Time since last request: 0.000014 seconds.
  path: Assets/Asset/Cartoon Temple Building Kit/Prefabs/Blocks Prefabs/Block 4x2x4.prefab
  artifactKey: Guid(2abee158e30f38b41856c4521230c308) Importer(2089858483,d624ce77472d68a35037170ec1d2d27e)
Start importing Assets/Asset/Cartoon Temple Building Kit/Prefabs/Blocks Prefabs/Block 4x2x4.prefab using Guid(2abee158e30f38b41856c4521230c308) Importer(2089858483,d624ce77472d68a35037170ec1d2d27e) (ScriptedImporter) -> (artifact id: '2cdeee16d5fceefa6a095de273b1d94b') in 0.0069803 seconds
Number of updated asset objects reloaded before import = 0Number of asset objects unloaded after import = 8

========================================================================
Received Import Request.
  Time since last request: 0.000024 seconds.
  path: Assets/Asset/Cartoon Temple Building Kit/Prefabs/Doors Gates Hallways Prefabs/Gate 2.prefab
  artifactKey: Guid(a1910edcd18861c4dbf5012331369b73) Importer(2089858483,d624ce77472d68a35037170ec1d2d27e)
Start importing Assets/Asset/Cartoon Temple Building Kit/Prefabs/Doors Gates Hallways Prefabs/Gate 2.prefab using Guid(a1910edcd18861c4dbf5012331369b73) Importer(2089858483,d624ce77472d68a35037170ec1d2d27e) (ScriptedImporter) -> (artifact id: 'aeb06b488e7f7eca0c74e6a67d1afaed') in 0.0092139 seconds
Number of updated asset objects reloaded before import = 0Number of asset objects unloaded after import = 8

========================================================================
Received Import Request.
  Time since last request: 0.000013 seconds.
  path: Assets/Asset/Cartoon Temple Building Kit/Prefabs/Blocks And Bricks Prefabs/Blocks And Bricks 15 One Sided.prefab
  artifactKey: Guid(ccd6cf5703c895840857d4413ed3c5b7) Importer(2089858483,d624ce77472d68a35037170ec1d2d27e)
Start importing Assets/Asset/Cartoon Temple Building Kit/Prefabs/Blocks And Bricks Prefabs/Blocks And Bricks 15 One Sided.prefab using Guid(ccd6cf5703c895840857d4413ed3c5b7) Importer(2089858483,d624ce77472d68a35037170ec1d2d27e) (ScriptedImporter) -> (artifact id: '51ab8eb2becbc35d7927657d4b10f970') in 0.0077844 seconds
Number of updated asset objects reloaded before import = 0Number of asset objects unloaded after import = 8

========================================================================
Received Import Request.
  Time since last request: 0.000012 seconds.
  path: Assets/Asset/Cartoon Temple Building Kit/Prefabs/Blocks Prefabs/Block 2x4.prefab
  artifactKey: Guid(a72cea965c83408419bcabc267d9769c) Importer(2089858483,d624ce77472d68a35037170ec1d2d27e)
Start importing Assets/Asset/Cartoon Temple Building Kit/Prefabs/Blocks Prefabs/Block 2x4.prefab using Guid(a72cea965c83408419bcabc267d9769c) Importer(2089858483,d624ce77472d68a35037170ec1d2d27e) (ScriptedImporter) -> (artifact id: '754d5b7b782ac8947a622ae5b4021aaf') in 0.0079845 seconds
Number of updated asset objects reloaded before import = 0Number of asset objects unloaded after import = 8

========================================================================
Received Import Request.
  Time since last request: 0.000015 seconds.
  path: Assets/Asset/Cartoon Temple Building Kit/Prefabs/Doors Gates Hallways Prefabs/Hallway 3x3.prefab
  artifactKey: Guid(5e680e523ba9fec4aba42db2a9e21fd3) Importer(2089858483,d624ce77472d68a35037170ec1d2d27e)
Start importing Assets/Asset/Cartoon Temple Building Kit/Prefabs/Doors Gates Hallways Prefabs/Hallway 3x3.prefab using Guid(5e680e523ba9fec4aba42db2a9e21fd3) Importer(2089858483,d624ce77472d68a35037170ec1d2d27e) (ScriptedImporter) -> (artifact id: '3273632a9bec8c95023e243670c65c37') in 0.0091757 seconds
Number of updated asset objects reloaded before import = 0Number of asset objects unloaded after import = 8

========================================================================
Received Import Request.
  Time since last request: 0.000016 seconds.
  path: Assets/Asset/Cartoon Temple Building Kit/Prefabs/Blocks Prefabs/Block 2x3.prefab
  artifactKey: Guid(7ea34e6f682931741acaff14ec0dfcc1) Importer(2089858483,d624ce77472d68a35037170ec1d2d27e)
Start importing Assets/Asset/Cartoon Temple Building Kit/Prefabs/Blocks Prefabs/Block 2x3.prefab using Guid(7ea34e6f682931741acaff14ec0dfcc1) Importer(2089858483,d624ce77472d68a35037170ec1d2d27e) (ScriptedImporter) -> (artifact id: '98079aa82fee32af98a7c4f376665360') in 0.0071007 seconds
Number of updated asset objects reloaded before import = 0Number of asset objects unloaded after import = 8

========================================================================
Received Import Request.
  Time since last request: 0.000012 seconds.
  path: Assets/Asset/Cartoon Temple Building Kit/Prefabs/Round Prefabs/Round Pineapple 2.prefab
  artifactKey: Guid(3601e8f381c7f2f419bf8320a2d65e5c) Importer(2089858483,d624ce77472d68a35037170ec1d2d27e)
Start importing Assets/Asset/Cartoon Temple Building Kit/Prefabs/Round Prefabs/Round Pineapple 2.prefab using Guid(3601e8f381c7f2f419bf8320a2d65e5c) Importer(2089858483,d624ce77472d68a35037170ec1d2d27e) (ScriptedImporter) -> (artifact id: '1a722eb4d18ae70adfbeb78a9a86d26e') in 0.0084063 seconds
Number of updated asset objects reloaded before import = 0Number of asset objects unloaded after import = 8

========================================================================
Received Import Request.
  Time since last request: 0.000013 seconds.
  path: Assets/Asset/Cartoon Temple Building Kit/Fbx/Square Holes/Square Hole 3x5.fbx
  artifactKey: Guid(ac7190c86f9c5f6439bd09297000966e) Importer(2089858483,d624ce77472d68a35037170ec1d2d27e)
Start importing Assets/Asset/Cartoon Temple Building Kit/Fbx/Square Holes/Square Hole 3x5.fbx using Guid(ac7190c86f9c5f6439bd09297000966e) Importer(2089858483,d624ce77472d68a35037170ec1d2d27e) (ScriptedImporter) -> (artifact id: '71c483570fb7f993860579db44f7c985') in 0.0116877 seconds
Number of updated asset objects reloaded before import = 0Number of asset objects unloaded after import = 8

========================================================================
Received Import Request.
  Time since last request: 0.000013 seconds.
  path: Assets/Asset/Cartoon Temple Building Kit/Prefabs/Round Prefabs/Round Corner.prefab
  artifactKey: Guid(07191a2343338da48a4f37f66cb3f914) Importer(2089858483,d624ce77472d68a35037170ec1d2d27e)
Start importing Assets/Asset/Cartoon Temple Building Kit/Prefabs/Round Prefabs/Round Corner.prefab using Guid(07191a2343338da48a4f37f66cb3f914) Importer(2089858483,d624ce77472d68a35037170ec1d2d27e) (ScriptedImporter) -> (artifact id: '956f5c2e3f498fdf5ea50456069bae8b') in 0.0075268 seconds
Number of updated asset objects reloaded before import = 0Number of asset objects unloaded after import = 8

========================================================================
Received Import Request.
  Time since last request: 0.000012 seconds.
  path: Assets/Asset/Cartoon Temple Building Kit/Fbx/Sig Sag/Sig Sag 1x4 One Sided.fbx
  artifactKey: Guid(d4aa3fc9ace44494badd9f45a14ddf88) Importer(2089858483,d624ce77472d68a35037170ec1d2d27e)
Start importing Assets/Asset/Cartoon Temple Building Kit/Fbx/Sig Sag/Sig Sag 1x4 One Sided.fbx using Guid(d4aa3fc9ace44494badd9f45a14ddf88) Importer(2089858483,d624ce77472d68a35037170ec1d2d27e) (ScriptedImporter) -> (artifact id: '60c7a0a785f2157060bdf6c83676d114') in 0.0117799 seconds
Number of updated asset objects reloaded before import = 0Number of asset objects unloaded after import = 8

========================================================================
Received Import Request.
  Time since last request: 0.000013 seconds.
  path: Assets/Asset/Cartoon Temple Building Kit/Fbx/Single cubes/Single Cube 6.fbx
  artifactKey: Guid(91e99839314bfd248a89fd30d0f73834) Importer(2089858483,d624ce77472d68a35037170ec1d2d27e)
Start importing Assets/Asset/Cartoon Temple Building Kit/Fbx/Single cubes/Single Cube 6.fbx using Guid(91e99839314bfd248a89fd30d0f73834) Importer(2089858483,d624ce77472d68a35037170ec1d2d27e) (ScriptedImporter) -> (artifact id: '57c3cb0dd84346a1e4ada497d16b6be2') in 0.0127562 seconds
Number of updated asset objects reloaded before import = 0Number of asset objects unloaded after import = 8

========================================================================
Received Import Request.
  Time since last request: 0.000015 seconds.
  path: Assets/Asset/Cartoon Temple Building Kit/Prefabs/Blocks Prefabs/Block 3x3x3.prefab
  artifactKey: Guid(59d4078c87d00d646b0b3399191dd206) Importer(2089858483,d624ce77472d68a35037170ec1d2d27e)
Start importing Assets/Asset/Cartoon Temple Building Kit/Prefabs/Blocks Prefabs/Block 3x3x3.prefab using Guid(59d4078c87d00d646b0b3399191dd206) Importer(2089858483,d624ce77472d68a35037170ec1d2d27e) (ScriptedImporter) -> (artifact id: '9d69fb9b8b05b6e8458ac720cc504d5e') in 0.007383 seconds
Number of updated asset objects reloaded before import = 0Number of asset objects unloaded after import = 8

========================================================================
Received Import Request.
  Time since last request: 0.000011 seconds.
  path: Assets/Asset/Cartoon Temple Building Kit/Fbx/Sig Sag/Sig Sag 4x4 One Sided.fbx
  artifactKey: Guid(a6ce1135058db054d85a99fe12ba43c3) Importer(2089858483,d624ce77472d68a35037170ec1d2d27e)
Start importing Assets/Asset/Cartoon Temple Building Kit/Fbx/Sig Sag/Sig Sag 4x4 One Sided.fbx using Guid(a6ce1135058db054d85a99fe12ba43c3) Importer(2089858483,d624ce77472d68a35037170ec1d2d27e) (ScriptedImporter) -> (artifact id: '15e3f5e36c01150ffb2e9b72bc6b8460') in 0.0124965 seconds
Number of updated asset objects reloaded before import = 0Number of asset objects unloaded after import = 8

========================================================================
Received Import Request.
  Time since last request: 0.000012 seconds.
  path: Assets/Asset/Cartoon Temple Building Kit/Prefabs/Blocks Prefabs/Block 4x3x5.prefab
  artifactKey: Guid(a73e38a1afc66d7498065d24c99ec90f) Importer(2089858483,d624ce77472d68a35037170ec1d2d27e)
Start importing Assets/Asset/Cartoon Temple Building Kit/Prefabs/Blocks Prefabs/Block 4x3x5.prefab using Guid(a73e38a1afc66d7498065d24c99ec90f) Importer(2089858483,d624ce77472d68a35037170ec1d2d27e) (ScriptedImporter) -> (artifact id: 'c3e9b01a6135f589c96b441db1b62318') in 0.0068607 seconds
Number of updated asset objects reloaded before import = 0Number of asset objects unloaded after import = 8

========================================================================
Received Import Request.
  Time since last request: 0.000012 seconds.
  path: Assets/Asset/Cartoon Temple Building Kit/Fbx/Square Holes/Square Hole 4x5.fbx
  artifactKey: Guid(08a5b3ee44292ac4d95cb40758d68cb9) Importer(2089858483,d624ce77472d68a35037170ec1d2d27e)
Start importing Assets/Asset/Cartoon Temple Building Kit/Fbx/Square Holes/Square Hole 4x5.fbx using Guid(08a5b3ee44292ac4d95cb40758d68cb9) Importer(2089858483,d624ce77472d68a35037170ec1d2d27e) (ScriptedImporter) -> (artifact id: '80d8632994a3423da0d5996992d7b004') in 0.0121987 seconds
Number of updated asset objects reloaded before import = 0Number of asset objects unloaded after import = 8

========================================================================
Received Import Request.
  Time since last request: 0.000018 seconds.
  path: Assets/Asset/Cartoon Temple Building Kit/Prefabs/Ground Stones Tile Prefabs/Ground Stones Tile Half 3.prefab
  artifactKey: Guid(b296c9aa776315647ace4e6e29ed72af) Importer(2089858483,d624ce77472d68a35037170ec1d2d27e)
Start importing Assets/Asset/Cartoon Temple Building Kit/Prefabs/Ground Stones Tile Prefabs/Ground Stones Tile Half 3.prefab using Guid(b296c9aa776315647ace4e6e29ed72af) Importer(2089858483,d624ce77472d68a35037170ec1d2d27e) (ScriptedImporter) -> (artifact id: '0df00ffe50349890e1ae2cae9dcd9ee0') in 0.0074658 seconds
Number of updated asset objects reloaded before import = 0Number of asset objects unloaded after import = 8

========================================================================
Received Import Request.
  Time since last request: 0.000014 seconds.
  path: Assets/Asset/Cartoon Temple Building Kit/Fbx/Square Holes/Square Hole 4x4.fbx
  artifactKey: Guid(490bb4d6a8d7ac64b85fae3cefc85653) Importer(2089858483,d624ce77472d68a35037170ec1d2d27e)
Start importing Assets/Asset/Cartoon Temple Building Kit/Fbx/Square Holes/Square Hole 4x4.fbx using Guid(490bb4d6a8d7ac64b85fae3cefc85653) Importer(2089858483,d624ce77472d68a35037170ec1d2d27e) (ScriptedImporter) -> (artifact id: 'd328e25de13778ef2320af2ceae064da') in 0.0172707 seconds
Number of updated asset objects reloaded before import = 0Number of asset objects unloaded after import = 8

========================================================================
Received Import Request.
  Time since last request: 0.000014 seconds.
  path: Assets/Asset/Cartoon Temple Building Kit/Prefabs/Doors Gates Hallways Prefabs/Gate 4 Hallway x1.prefab
  artifactKey: Guid(b35c5f5fde763024f994cd863da1ad14) Importer(2089858483,d624ce77472d68a35037170ec1d2d27e)
Start importing Assets/Asset/Cartoon Temple Building Kit/Prefabs/Doors Gates Hallways Prefabs/Gate 4 Hallway x1.prefab using Guid(b35c5f5fde763024f994cd863da1ad14) Importer(2089858483,d624ce77472d68a35037170ec1d2d27e) (ScriptedImporter) -> (artifact id: '7a7fda02be519368783fe3930c6f2e3e') in 0.0078336 seconds
Number of updated asset objects reloaded before import = 0Number of asset objects unloaded after import = 8

========================================================================
Received Import Request.
  Time since last request: 0.000013 seconds.
  path: Assets/Asset/Cartoon Temple Building Kit/Prefabs/Blocks And Bricks Prefabs/Blocks And Bricks 4.prefab
  artifactKey: Guid(4da570c502021f54da11d2e4e2aaaf17) Importer(2089858483,d624ce77472d68a35037170ec1d2d27e)
Start importing Assets/Asset/Cartoon Temple Building Kit/Prefabs/Blocks And Bricks Prefabs/Blocks And Bricks 4.prefab using Guid(4da570c502021f54da11d2e4e2aaaf17) Importer(2089858483,d624ce77472d68a35037170ec1d2d27e) (ScriptedImporter) -> (artifact id: '26187020cd19d6adfe4c8dc6203a73cb') in 0.0096584 seconds
Number of updated asset objects reloaded before import = 0Number of asset objects unloaded after import = 8

========================================================================
Received Import Request.
  Time since last request: 0.000017 seconds.
  path: Assets/Asset/Cartoon Temple Building Kit/Materials/Textures/Cartoon Temple Builder Kit.png
  artifactKey: Guid(8061fbc55aacaaa45b49fdd8e721baa5) Importer(2089858483,d624ce77472d68a35037170ec1d2d27e)
Start importing Assets/Asset/Cartoon Temple Building Kit/Materials/Textures/Cartoon Temple Builder Kit.png using Guid(8061fbc55aacaaa45b49fdd8e721baa5) Importer(2089858483,d624ce77472d68a35037170ec1d2d27e) (ScriptedImporter) -> (artifact id: '3b31759c8d5fc1eefa1c5840de2d84e5') in 0.014019 seconds
Number of updated asset objects reloaded before import = 0Number of asset objects unloaded after import = 1

========================================================================
Received Import Request.
  Time since last request: 0.000013 seconds.
  path: Assets/Asset/Cartoon Temple Building Kit/Fbx/Round/Round Wide 7.fbx
  artifactKey: Guid(ecc6bce63711d6f429aa4e8667a02d37) Importer(2089858483,d624ce77472d68a35037170ec1d2d27e)
Start importing Assets/Asset/Cartoon Temple Building Kit/Fbx/Round/Round Wide 7.fbx using Guid(ecc6bce63711d6f429aa4e8667a02d37) Importer(2089858483,d624ce77472d68a35037170ec1d2d27e) (ScriptedImporter) -> (artifact id: '6a7f1966cace9ab7e355e0e72ff8dc17') in 0.016877 seconds
Number of updated asset objects reloaded before import = 0Number of asset objects unloaded after import = 8

========================================================================
Received Import Request.
  Time since last request: 0.000017 seconds.
  path: Assets/Asset/Cartoon Temple Building Kit/Prefabs/Ground Stones Tile Prefabs/Ground Stones Tile Half 4.prefab
  artifactKey: Guid(011d648d1e6f4fd4995d3916f9e43ce4) Importer(2089858483,d624ce77472d68a35037170ec1d2d27e)
Start importing Assets/Asset/Cartoon Temple Building Kit/Prefabs/Ground Stones Tile Prefabs/Ground Stones Tile Half 4.prefab using Guid(011d648d1e6f4fd4995d3916f9e43ce4) Importer(2089858483,d624ce77472d68a35037170ec1d2d27e) (ScriptedImporter) -> (artifact id: 'fbd101843f42a54a35eb98b331b20ed1') in 0.011645 seconds
Number of updated asset objects reloaded before import = 0Number of asset objects unloaded after import = 8

========================================================================
Received Import Request.
  Time since last request: 0.000019 seconds.
  path: Assets/Asset/Cartoon Temple Building Kit/Prefabs/Blocks Prefabs/Block 1x5.prefab
  artifactKey: Guid(36407ad5ee1f4da4e8e9c83a83f2eec8) Importer(2089858483,d624ce77472d68a35037170ec1d2d27e)
Start importing Assets/Asset/Cartoon Temple Building Kit/Prefabs/Blocks Prefabs/Block 1x5.prefab using Guid(36407ad5ee1f4da4e8e9c83a83f2eec8) Importer(2089858483,d624ce77472d68a35037170ec1d2d27e) (ScriptedImporter) -> (artifact id: 'f8c671f13508d227d231670d35b6de7e') in 0.0070729 seconds
Number of updated asset objects reloaded before import = 0Number of asset objects unloaded after import = 8

========================================================================
Received Import Request.
  Time since last request: 0.000014 seconds.
  path: Assets/Asset/Cartoon Temple Building Kit/Prefabs/Ground Stones Tile Prefabs/Ground Stones Tile 1x3.prefab
  artifactKey: Guid(473983dc73f85544a97d331795c1193f) Importer(2089858483,d624ce77472d68a35037170ec1d2d27e)
Start importing Assets/Asset/Cartoon Temple Building Kit/Prefabs/Ground Stones Tile Prefabs/Ground Stones Tile 1x3.prefab using Guid(473983dc73f85544a97d331795c1193f) Importer(2089858483,d624ce77472d68a35037170ec1d2d27e) (ScriptedImporter) -> (artifact id: 'c1b46b6604a3eeba6fbf215e042ff8f8') in 0.0091378 seconds
Number of updated asset objects reloaded before import = 0Number of asset objects unloaded after import = 8

========================================================================
Received Import Request.
  Time since last request: 0.000012 seconds.
  path: Assets/Asset/Cartoon Temple Building Kit/Prefabs/Doors Gates Hallways Prefabs/Hallway 3x2.prefab
  artifactKey: Guid(254eacce9a58c95478e773ca93828401) Importer(2089858483,d624ce77472d68a35037170ec1d2d27e)
Start importing Assets/Asset/Cartoon Temple Building Kit/Prefabs/Doors Gates Hallways Prefabs/Hallway 3x2.prefab using Guid(254eacce9a58c95478e773ca93828401) Importer(2089858483,d624ce77472d68a35037170ec1d2d27e) (ScriptedImporter) -> (artifact id: '96a4d5245db6bd258aed972f4e587614') in 0.0070276 seconds
Number of updated asset objects reloaded before import = 0Number of asset objects unloaded after import = 8

========================================================================
Received Import Request.
  Time since last request: 0.000012 seconds.
  path: Assets/Asset/Cartoon Temple Building Kit/Fbx/Round/Round Wide 1.fbx
  artifactKey: Guid(25745317747b9ba4f9c778b7ff2367d1) Importer(2089858483,d624ce77472d68a35037170ec1d2d27e)
Start importing Assets/Asset/Cartoon Temple Building Kit/Fbx/Round/Round Wide 1.fbx using Guid(25745317747b9ba4f9c778b7ff2367d1) Importer(2089858483,d624ce77472d68a35037170ec1d2d27e) (ScriptedImporter) -> (artifact id: '3c71cac36af41893818cb5f0898590ef') in 0.0120933 seconds
Number of updated asset objects reloaded before import = 0Number of asset objects unloaded after import = 8

========================================================================
Received Import Request.
  Time since last request: 0.000015 seconds.
  path: Assets/Asset/Cartoon Temple Building Kit/Prefabs/Blocks And Bricks Prefabs/Blocks And Bricks 20.prefab
  artifactKey: Guid(3644eed62238ac448a5d0aa1d05ffa57) Importer(2089858483,d624ce77472d68a35037170ec1d2d27e)
Start importing Assets/Asset/Cartoon Temple Building Kit/Prefabs/Blocks And Bricks Prefabs/Blocks And Bricks 20.prefab using Guid(3644eed62238ac448a5d0aa1d05ffa57) Importer(2089858483,d624ce77472d68a35037170ec1d2d27e) (ScriptedImporter) -> (artifact id: '36b91fa5f2948d4530503a822145715e') in 0.0102814 seconds
Number of updated asset objects reloaded before import = 0Number of asset objects unloaded after import = 8

========================================================================
Received Import Request.
  Time since last request: 0.000012 seconds.
  path: Assets/Asset/Cartoon Temple Building Kit/Prefabs/Blocks And Bricks Prefabs/Blocks And Bricks 11.prefab
  artifactKey: Guid(dc277a61a79ed394bbd9834c412c8c21) Importer(2089858483,d624ce77472d68a35037170ec1d2d27e)
Start importing Assets/Asset/Cartoon Temple Building Kit/Prefabs/Blocks And Bricks Prefabs/Blocks And Bricks 11.prefab using Guid(dc277a61a79ed394bbd9834c412c8c21) Importer(2089858483,d624ce77472d68a35037170ec1d2d27e) (ScriptedImporter) -> (artifact id: '191c6c9a768d97a0e3ce6a7ec44f458a') in 0.006976 seconds
Number of updated asset objects reloaded before import = 0Number of asset objects unloaded after import = 8

========================================================================
Received Import Request.
  Time since last request: 0.000011 seconds.
  path: Assets/Asset/Cartoon Temple Building Kit/Fbx/Square Holes/Square Hole 3x6 One Sided.fbx
  artifactKey: Guid(629c687fe6f43fb49b01b9e0a4221ec5) Importer(2089858483,d624ce77472d68a35037170ec1d2d27e)
Start importing Assets/Asset/Cartoon Temple Building Kit/Fbx/Square Holes/Square Hole 3x6 One Sided.fbx using Guid(629c687fe6f43fb49b01b9e0a4221ec5) Importer(2089858483,d624ce77472d68a35037170ec1d2d27e) (ScriptedImporter) -> (artifact id: 'f42dcc3bdc26a09b53ddceaf79431156') in 0.0137952 seconds
Number of updated asset objects reloaded before import = 0Number of asset objects unloaded after import = 8

========================================================================
Received Import Request.
  Time since last request: 0.000015 seconds.
  path: Assets/Asset/Cartoon Temple Building Kit/Prefabs/Blocks And Bricks Prefabs/Blocks And Bricks 1 One Sided.prefab
  artifactKey: Guid(fae285bcf492f764789a1566f4bdb656) Importer(2089858483,d624ce77472d68a35037170ec1d2d27e)
Start importing Assets/Asset/Cartoon Temple Building Kit/Prefabs/Blocks And Bricks Prefabs/Blocks And Bricks 1 One Sided.prefab using Guid(fae285bcf492f764789a1566f4bdb656) Importer(2089858483,d624ce77472d68a35037170ec1d2d27e) (ScriptedImporter) -> (artifact id: 'c392f208329d37256124f823bb3862db') in 0.0079796 seconds
Number of updated asset objects reloaded before import = 0Number of asset objects unloaded after import = 8

========================================================================
Received Import Request.
  Time since last request: 0.000012 seconds.
  path: Assets/Asset/Cartoon Temple Building Kit/Fbx/Square Holes/Square Hole 3x6.fbx
  artifactKey: Guid(438a2100dbdc97f4b9e264b989c3c0cd) Importer(2089858483,d624ce77472d68a35037170ec1d2d27e)
Start importing Assets/Asset/Cartoon Temple Building Kit/Fbx/Square Holes/Square Hole 3x6.fbx using Guid(438a2100dbdc97f4b9e264b989c3c0cd) Importer(2089858483,d624ce77472d68a35037170ec1d2d27e) (ScriptedImporter) -> (artifact id: 'e5cf953217275f068ce71f93c3577087') in 0.0142703 seconds
Number of updated asset objects reloaded before import = 0Number of asset objects unloaded after import = 8

========================================================================
Received Import Request.
  Time since last request: 0.000012 seconds.
  path: Assets/Asset/Cartoon Temple Building Kit/Prefabs/Blocks And Bricks Prefabs/Blocks And Bricks 15.prefab
  artifactKey: Guid(f86db3ab309183749a24854be92c1e82) Importer(2089858483,d624ce77472d68a35037170ec1d2d27e)
Start importing Assets/Asset/Cartoon Temple Building Kit/Prefabs/Blocks And Bricks Prefabs/Blocks And Bricks 15.prefab using Guid(f86db3ab309183749a24854be92c1e82) Importer(2089858483,d624ce77472d68a35037170ec1d2d27e) (ScriptedImporter) -> (artifact id: 'f13fd785510a90ce99b06d3e3809ced6') in 0.0070285 seconds
Number of updated asset objects reloaded before import = 0Number of asset objects unloaded after import = 8

========================================================================
Received Import Request.
  Time since last request: 0.000011 seconds.
  path: Assets/Asset/Cartoon Temple Building Kit/Fbx/Sig Sag/Sig Sag 4x8.fbx
  artifactKey: Guid(867a68cffc395e34a8f4de8187866ee1) Importer(2089858483,d624ce77472d68a35037170ec1d2d27e)
Start importing Assets/Asset/Cartoon Temple Building Kit/Fbx/Sig Sag/Sig Sag 4x8.fbx using Guid(867a68cffc395e34a8f4de8187866ee1) Importer(2089858483,d624ce77472d68a35037170ec1d2d27e) (ScriptedImporter) -> (artifact id: '249959417c91714600c6d29390c3bb20') in 0.0128907 seconds
Number of updated asset objects reloaded before import = 0Number of asset objects unloaded after import = 8

========================================================================
Received Import Request.
  Time since last request: 0.000013 seconds.
  path: Assets/Asset/Cartoon Temple Building Kit/Fbx/Sig Sag/Sig Sag 2x4 Flat.fbx
  artifactKey: Guid(a78827f6729228048bddf2290608d47d) Importer(2089858483,d624ce77472d68a35037170ec1d2d27e)
Start importing Assets/Asset/Cartoon Temple Building Kit/Fbx/Sig Sag/Sig Sag 2x4 Flat.fbx using Guid(a78827f6729228048bddf2290608d47d) Importer(2089858483,d624ce77472d68a35037170ec1d2d27e) (ScriptedImporter) -> (artifact id: 'e80d1bceb0e658b9faac4b40a1a01e7a') in 0.0146069 seconds
Number of updated asset objects reloaded before import = 0Number of asset objects unloaded after import = 8

========================================================================
Received Import Request.
  Time since last request: 0.000015 seconds.
  path: Assets/Asset/Cartoon Temple Building Kit/Fbx/Sig Sag/Sig Sag 1x4.fbx
  artifactKey: Guid(064b3bc91fd633b41829407f0a6b0706) Importer(2089858483,d624ce77472d68a35037170ec1d2d27e)
Start importing Assets/Asset/Cartoon Temple Building Kit/Fbx/Sig Sag/Sig Sag 1x4.fbx using Guid(064b3bc91fd633b41829407f0a6b0706) Importer(2089858483,d624ce77472d68a35037170ec1d2d27e) (ScriptedImporter) -> (artifact id: '947bf7debb40bd7be5154d622acd8236') in 0.0143213 seconds
Number of updated asset objects reloaded before import = 0Number of asset objects unloaded after import = 8

========================================================================
Received Import Request.
  Time since last request: 0.000013 seconds.
  path: Assets/Asset/Cartoon Temple Building Kit/Fbx/Single cubes/Single Cube 3.fbx
  artifactKey: Guid(b34db17350c9f1b4c84d9750915178bc) Importer(2089858483,d624ce77472d68a35037170ec1d2d27e)
Start importing Assets/Asset/Cartoon Temple Building Kit/Fbx/Single cubes/Single Cube 3.fbx using Guid(b34db17350c9f1b4c84d9750915178bc) Importer(2089858483,d624ce77472d68a35037170ec1d2d27e) (ScriptedImporter) -> (artifact id: '26b25820e4c20050d3573ec26e38331b') in 0.0134086 seconds
Number of updated asset objects reloaded before import = 0Number of asset objects unloaded after import = 8

========================================================================
Received Import Request.
  Time since last request: 0.000016 seconds.
  path: Assets/Asset/Cartoon Temple Building Kit/Prefabs/Blocks Prefabs/Block 5x4x5.prefab
  artifactKey: Guid(4146e67805ee8834fbfbe805f427c25d) Importer(2089858483,d624ce77472d68a35037170ec1d2d27e)
Start importing Assets/Asset/Cartoon Temple Building Kit/Prefabs/Blocks Prefabs/Block 5x4x5.prefab using Guid(4146e67805ee8834fbfbe805f427c25d) Importer(2089858483,d624ce77472d68a35037170ec1d2d27e) (ScriptedImporter) -> (artifact id: '02c1fa127260e13b8151aa2763a7f9b6') in 0.0101693 seconds
Number of updated asset objects reloaded before import = 0Number of asset objects unloaded after import = 8

========================================================================
Received Import Request.
  Time since last request: 0.000018 seconds.
  path: Assets/Asset/Cartoon Temple Building Kit/Prefabs/Round Prefabs/Round Pineapple 4.prefab
  artifactKey: Guid(ce601b375e3329c4bbd4372c8e9d5db6) Importer(2089858483,d624ce77472d68a35037170ec1d2d27e)
Start importing Assets/Asset/Cartoon Temple Building Kit/Prefabs/Round Prefabs/Round Pineapple 4.prefab using Guid(ce601b375e3329c4bbd4372c8e9d5db6) Importer(2089858483,d624ce77472d68a35037170ec1d2d27e) (ScriptedImporter) -> (artifact id: '8e9778a71d833221094919458e6e0968') in 0.0109335 seconds
Number of updated asset objects reloaded before import = 0Number of asset objects unloaded after import = 8

========================================================================
Received Import Request.
  Time since last request: 0.000015 seconds.
  path: Assets/Asset/Cartoon Temple Building Kit/Fbx/Round/Round Wide Hollow 1.fbx
  artifactKey: Guid(1b7f1ce9e821e224c88a1bb254b41ef3) Importer(2089858483,d624ce77472d68a35037170ec1d2d27e)
Start importing Assets/Asset/Cartoon Temple Building Kit/Fbx/Round/Round Wide Hollow 1.fbx using Guid(1b7f1ce9e821e224c88a1bb254b41ef3) Importer(2089858483,d624ce77472d68a35037170ec1d2d27e) (ScriptedImporter) -> (artifact id: '19b0a0b1749ad274d3e120cc7f5c4fa1') in 0.0144343 seconds
Number of updated asset objects reloaded before import = 0Number of asset objects unloaded after import = 8

========================================================================
Received Import Request.
  Time since last request: 0.000012 seconds.
  path: Assets/Asset/Cartoon Temple Building Kit/Prefabs/Doors Gates Hallways Prefabs/Gate 4 Hallway x3.prefab
  artifactKey: Guid(b49501e5459d9ec43990a60ceec19772) Importer(2089858483,d624ce77472d68a35037170ec1d2d27e)
Start importing Assets/Asset/Cartoon Temple Building Kit/Prefabs/Doors Gates Hallways Prefabs/Gate 4 Hallway x3.prefab using Guid(b49501e5459d9ec43990a60ceec19772) Importer(2089858483,d624ce77472d68a35037170ec1d2d27e) (ScriptedImporter) -> (artifact id: '7e6cd3d43f43e7accb22c6fa92805725') in 0.0088355 seconds
Number of updated asset objects reloaded before import = 0Number of asset objects unloaded after import = 8

========================================================================
Received Import Request.
  Time since last request: 0.000017 seconds.
  path: Assets/Asset/Cartoon Temple Building Kit/Prefabs/Blocks Prefabs/Block 1x3.prefab
  artifactKey: Guid(5d55707582e91d241a6c2310364b618f) Importer(2089858483,d624ce77472d68a35037170ec1d2d27e)
Start importing Assets/Asset/Cartoon Temple Building Kit/Prefabs/Blocks Prefabs/Block 1x3.prefab using Guid(5d55707582e91d241a6c2310364b618f) Importer(2089858483,d624ce77472d68a35037170ec1d2d27e) (ScriptedImporter) -> (artifact id: '1bb8f074387863c22640e2afbae74986') in 0.008978 seconds
Number of updated asset objects reloaded before import = 0Number of asset objects unloaded after import = 8

========================================================================
Received Import Request.
  Time since last request: 0.000021 seconds.
  path: Assets/Asset/Cartoon Temple Building Kit/Fbx/Square Holes/Square Hole 3x4.fbx
  artifactKey: Guid(f4c3f8becd0edde40a8556b9a1eaac6a) Importer(2089858483,d624ce77472d68a35037170ec1d2d27e)
Start importing Assets/Asset/Cartoon Temple Building Kit/Fbx/Square Holes/Square Hole 3x4.fbx using Guid(f4c3f8becd0edde40a8556b9a1eaac6a) Importer(2089858483,d624ce77472d68a35037170ec1d2d27e) (ScriptedImporter) -> (artifact id: '08d39ad6a07ed13423afbbf01002bf3a') in 0.0129773 seconds
Number of updated asset objects reloaded before import = 0Number of asset objects unloaded after import = 8

========================================================================
Received Import Request.
  Time since last request: 0.437545 seconds.
  path: Assets/Asset/Cartoon Temple Building Kit/Prefabs/Round Prefabs/Round Wide 9.prefab
  artifactKey: Guid(0bb2d295c0e8bb1409201726c1e503fc) Importer(2089858483,d624ce77472d68a35037170ec1d2d27e)
Start importing Assets/Asset/Cartoon Temple Building Kit/Prefabs/Round Prefabs/Round Wide 9.prefab using Guid(0bb2d295c0e8bb1409201726c1e503fc) Importer(2089858483,d624ce77472d68a35037170ec1d2d27e) (ScriptedImporter) -> (artifact id: 'a7125aa2e89e77c28e0f50b2ca536391') in 0.0080556 seconds
Number of updated asset objects reloaded before import = 0Number of asset objects unloaded after import = 8

========================================================================
Received Import Request.
  Time since last request: 0.000016 seconds.
  path: Assets/Asset/Simple UI/Simple Vector Icons/128px/UI_Icon_BtnPsCircleRound.png
  artifactKey: Guid(0b1c8857294754a87b00ddba848708b5) Importer(2089858483,d624ce77472d68a35037170ec1d2d27e)
Start importing Assets/Asset/Simple UI/Simple Vector Icons/128px/UI_Icon_BtnPsCircleRound.png using Guid(0b1c8857294754a87b00ddba848708b5) Importer(2089858483,d624ce77472d68a35037170ec1d2d27e) (ScriptedImporter) -> (artifact id: '9b7e3da7e4ad2799c65d61f0589116c1') in 0.0214903 seconds
Number of updated asset objects reloaded before import = 0Number of asset objects unloaded after import = 3

========================================================================
Received Import Request.
  Time since last request: 0.000021 seconds.
  path: Assets/Asset/DungeonTraps/Trap/Prefab/Panel_GameOver.controller
  artifactKey: Guid(faa24a0c42647494aaf363e736929d93) Importer(2089858483,d624ce77472d68a35037170ec1d2d27e)
Start importing Assets/Asset/DungeonTraps/Trap/Prefab/Panel_GameOver.controller using Guid(faa24a0c42647494aaf363e736929d93) Importer(2089858483,d624ce77472d68a35037170ec1d2d27e) (ScriptedImporter) -> (artifact id: 'f352fd847597e463ee5f70864bab7a3a') in 0.0055992 seconds
Number of updated asset objects reloaded before import = 0Number of asset objects unloaded after import = 4

========================================================================
Received Import Request.
  Time since last request: 0.000016 seconds.
  path: Assets/Asset/Cartoon Temple Building Kit/Prefabs/Single Cubes Prefabs/Single Cube 13.prefab
  artifactKey: Guid(2bb97643eafc4a4418cc065dbd4c1837) Importer(2089858483,d624ce77472d68a35037170ec1d2d27e)
Start importing Assets/Asset/Cartoon Temple Building Kit/Prefabs/Single Cubes Prefabs/Single Cube 13.prefab using Guid(2bb97643eafc4a4418cc065dbd4c1837) Importer(2089858483,d624ce77472d68a35037170ec1d2d27e) (ScriptedImporter) -> (artifact id: 'dd652fca9f0c545ca2da93025f5250f7') in 0.0105934 seconds
Number of updated asset objects reloaded before import = 0Number of asset objects unloaded after import = 8

========================================================================
Received Import Request.
  Time since last request: 0.000012 seconds.
  path: Assets/Asset/Cartoon Temple Building Kit/Prefabs/Sig Sag Prefabs/Sig Sag 1x4 Flat.prefab
  artifactKey: Guid(a718bb99b881bea4c87a540e799a3f85) Importer(2089858483,d624ce77472d68a35037170ec1d2d27e)
Start importing Assets/Asset/Cartoon Temple Building Kit/Prefabs/Sig Sag Prefabs/Sig Sag 1x4 Flat.prefab using Guid(a718bb99b881bea4c87a540e799a3f85) Importer(2089858483,d624ce77472d68a35037170ec1d2d27e) (ScriptedImporter) -> (artifact id: 'ebce4e72c76c2e986d5eb2d72d066d2b') in 0.0077559 seconds
Number of updated asset objects reloaded before import = 0Number of asset objects unloaded after import = 8

========================================================================
Received Import Request.
  Time since last request: 0.000012 seconds.
  path: Assets/Asset/Simple UI/Simple Vector Icons/128px/UI_Icon_BtnDpad.png
  artifactKey: Guid(a270e680cc65c4b71a235bd56811e3ff) Importer(2089858483,d624ce77472d68a35037170ec1d2d27e)
Start importing Assets/Asset/Simple UI/Simple Vector Icons/128px/UI_Icon_BtnDpad.png using Guid(a270e680cc65c4b71a235bd56811e3ff) Importer(2089858483,d624ce77472d68a35037170ec1d2d27e) (ScriptedImporter) -> (artifact id: '79d44497ae9dab1a3b5cde5c88e1bd04') in 0.0133032 seconds
Number of updated asset objects reloaded before import = 0Number of asset objects unloaded after import = 3

========================================================================
Received Import Request.
  Time since last request: 0.000012 seconds.
  path: Assets/Asset/Pipes/Pipes/Materials/Pipes-1.mat
  artifactKey: Guid(34064f3d315b98345a106a2a4608d773) Importer(2089858483,d624ce77472d68a35037170ec1d2d27e)
Start importing Assets/Asset/Pipes/Pipes/Materials/Pipes-1.mat using Guid(34064f3d315b98345a106a2a4608d773) Importer(2089858483,d624ce77472d68a35037170ec1d2d27e) (ScriptedImporter) -> (artifact id: '37659eca1dc487b34814475ccf928d3e') in 0.0134253 seconds
Number of updated asset objects reloaded before import = 0Number of asset objects unloaded after import = 4

========================================================================
Received Import Request.
  Time since last request: 0.000013 seconds.
  path: Assets/Asset/DungeonTraps/Trap/Prefab/Pf_HammerTrap.prefab
  artifactKey: Guid(f72a59c09a71ed64381535a24991d8b6) Importer(2089858483,d624ce77472d68a35037170ec1d2d27e)
Start importing Assets/Asset/DungeonTraps/Trap/Prefab/Pf_HammerTrap.prefab using Guid(f72a59c09a71ed64381535a24991d8b6) Importer(2089858483,d624ce77472d68a35037170ec1d2d27e) (ScriptedImporter) -> (artifact id: 'b6acad5cf51245bbf2bbdd74c4225957') in 0.0069968 seconds
Number of updated asset objects reloaded before import = 0Number of asset objects unloaded after import = 23

========================================================================
Received Import Request.
  Time since last request: 0.000012 seconds.
  path: Assets/Asset/Joystick Pack/Sprites/Handles/Handle_Plain_Arrows.png
  artifactKey: Guid(f353d42d1db27ff42b78b28efd86b316) Importer(2089858483,d624ce77472d68a35037170ec1d2d27e)
Start importing Assets/Asset/Joystick Pack/Sprites/Handles/Handle_Plain_Arrows.png using Guid(f353d42d1db27ff42b78b28efd86b316) Importer(2089858483,d624ce77472d68a35037170ec1d2d27e) (ScriptedImporter) -> (artifact id: 'a1dab57fba1362c966870d44080bc9a2') in 0.0118027 seconds
Number of updated asset objects reloaded before import = 0Number of asset objects unloaded after import = 3

========================================================================
Received Import Request.
  Time since last request: 0.000012 seconds.
  path: Assets/Asset/FarlandSkies/Skyboxes/CloudyCrown_04_Sunset/CloudyCrown_Sunset.mat
  artifactKey: Guid(169a1b8f06c17c84e8de491f2bfef986) Importer(2089858483,d624ce77472d68a35037170ec1d2d27e)
Start importing Assets/Asset/FarlandSkies/Skyboxes/CloudyCrown_04_Sunset/CloudyCrown_Sunset.mat using Guid(169a1b8f06c17c84e8de491f2bfef986) Importer(2089858483,d624ce77472d68a35037170ec1d2d27e) (ScriptedImporter) -> (artifact id: '11eecd7e44a4ed6e0456789d39d43d1a') in 0.0154832 seconds
Number of updated asset objects reloaded before import = 0Number of asset objects unloaded after import = 7

========================================================================
Received Import Request.
  Time since last request: 0.000013 seconds.
  path: Assets/Asset/Cartoon Temple Building Kit/Prefabs/Sig Sag Prefabs/Sig Sag 4x8 One Sided.prefab
  artifactKey: Guid(a353f5bdf04a11a4f992c9122991c005) Importer(2089858483,d624ce77472d68a35037170ec1d2d27e)
Start importing Assets/Asset/Cartoon Temple Building Kit/Prefabs/Sig Sag Prefabs/Sig Sag 4x8 One Sided.prefab using Guid(a353f5bdf04a11a4f992c9122991c005) Importer(2089858483,d624ce77472d68a35037170ec1d2d27e) (ScriptedImporter) -> (artifact id: 'd8f3e66a49c165e997387ef78033cebe') in 0.008727 seconds
Number of updated asset objects reloaded before import = 0Number of asset objects unloaded after import = 8

========================================================================
Received Import Request.
  Time since last request: 0.000011 seconds.
  path: Assets/Asset/DungeonTraps/Trap/Materials/Tex_Trap03.psd
  artifactKey: Guid(2605a1139d015b44cb1ca6e751b26f7f) Importer(2089858483,d624ce77472d68a35037170ec1d2d27e)
Start importing Assets/Asset/DungeonTraps/Trap/Materials/Tex_Trap03.psd using Guid(2605a1139d015b44cb1ca6e751b26f7f) Importer(2089858483,d624ce77472d68a35037170ec1d2d27e) (ScriptedImporter) -> (artifact id: '0686c643cdd47f52a425233624dc1a24') in 0.0099447 seconds
Number of updated asset objects reloaded before import = 0Number of asset objects unloaded after import = 1

========================================================================
Received Import Request.
  Time since last request: 0.000012 seconds.
  path: Assets/Asset/Simple UI/Simple Vector Icons/128px/UI_Icon_BtnPsTriangle.png
  artifactKey: Guid(a6f454f6eda86426bb1ff0e142e449d7) Importer(2089858483,d624ce77472d68a35037170ec1d2d27e)
Start importing Assets/Asset/Simple UI/Simple Vector Icons/128px/UI_Icon_BtnPsTriangle.png using Guid(a6f454f6eda86426bb1ff0e142e449d7) Importer(2089858483,d624ce77472d68a35037170ec1d2d27e) (ScriptedImporter) -> (artifact id: 'eaba27434a699a0620b22bce86d92dce') in 0.011157 seconds
Number of updated asset objects reloaded before import = 0Number of asset objects unloaded after import = 3

========================================================================
Received Import Request.
  Time since last request: 0.000013 seconds.
  path: Assets/Asset/Simple UI/Resource Icons/Source/UI_Graphic_Resource_Food.eps
  artifactKey: Guid(34b781b8fbe8f4df586ee90c6767d590) Importer(2089858483,d624ce77472d68a35037170ec1d2d27e)
Start importing Assets/Asset/Simple UI/Resource Icons/Source/UI_Graphic_Resource_Food.eps using Guid(34b781b8fbe8f4df586ee90c6767d590) Importer(2089858483,d624ce77472d68a35037170ec1d2d27e) (ScriptedImporter) -> (artifact id: '36b9285f1687c90be467ab84fcae669b') in 0.0024922 seconds
Number of updated asset objects reloaded before import = 0Number of asset objects unloaded after import = 1

========================================================================
Received Import Request.
  Time since last request: 0.000028 seconds.
  path: Assets/Asset/Cartoon Temple Building Kit/Prefabs/Wall Prefabs/Wall Tile 3x4.prefab
  artifactKey: Guid(952bcdc4335844d44bdb9263c0069cc8) Importer(2089858483,d624ce77472d68a35037170ec1d2d27e)
Start importing Assets/Asset/Cartoon Temple Building Kit/Prefabs/Wall Prefabs/Wall Tile 3x4.prefab using Guid(952bcdc4335844d44bdb9263c0069cc8) Importer(2089858483,d624ce77472d68a35037170ec1d2d27e) (ScriptedImporter) -> (artifact id: 'c36a8b0244b868ecb38e9335e74d55f7') in 0.0103682 seconds
Number of updated asset objects reloaded before import = 0Number of asset objects unloaded after import = 8

========================================================================
Received Import Request.
  Time since last request: 0.000018 seconds.
  path: Assets/Asset/Cartoon Temple Building Kit/Prefabs/Single Cubes Prefabs/Single Cube 6.prefab
  artifactKey: Guid(e404537c4cbd3f3409eb4924c59b2092) Importer(2089858483,d624ce77472d68a35037170ec1d2d27e)
Start importing Assets/Asset/Cartoon Temple Building Kit/Prefabs/Single Cubes Prefabs/Single Cube 6.prefab using Guid(e404537c4cbd3f3409eb4924c59b2092) Importer(2089858483,d624ce77472d68a35037170ec1d2d27e) (ScriptedImporter) -> (artifact id: 'f02e729b63a64b0978d1787bdd467dc8') in 0.0091168 seconds
Number of updated asset objects reloaded before import = 0Number of asset objects unloaded after import = 8

========================================================================
Received Import Request.
  Time since last request: 0.000030 seconds.
  path: Assets/Asset/Pipes/Pipes/Mesh/pipe-bending-3.prefab
  artifactKey: Guid(061a6c156818874428d8798e4c9ec35a) Importer(2089858483,d624ce77472d68a35037170ec1d2d27e)
Start importing Assets/Asset/Pipes/Pipes/Mesh/pipe-bending-3.prefab using Guid(061a6c156818874428d8798e4c9ec35a) Importer(2089858483,d624ce77472d68a35037170ec1d2d27e) (ScriptedImporter) -> (artifact id: 'bc50d0aef0f525d7114eacdc9594f99c') in 0.0043523 seconds
Number of updated asset objects reloaded before import = 0Number of asset objects unloaded after import = 9

========================================================================
Received Import Request.
  Time since last request: 0.000013 seconds.
  path: Assets/Asset/DungeonTraps/Trap/Prefab/New Animation.anim
  artifactKey: Guid(e72683f013314da4cbd5bdd860d837e1) Importer(2089858483,d624ce77472d68a35037170ec1d2d27e)
Start importing Assets/Asset/DungeonTraps/Trap/Prefab/New Animation.anim using Guid(e72683f013314da4cbd5bdd860d837e1) Importer(2089858483,d624ce77472d68a35037170ec1d2d27e) (ScriptedImporter) -> (artifact id: '4f16254743c574407683aa03424e7ae5') in 0.010963 seconds
Number of updated asset objects reloaded before import = 0Number of asset objects unloaded after import = 1

========================================================================
Received Import Request.
  Time since last request: 0.000033 seconds.
  path: Assets/Asset/Cartoon Temple Building Kit/Prefabs/Wall Prefabs/Wall Tile 4x4.prefab
  artifactKey: Guid(6cd7440ceab5bd244aad79580a2f7817) Importer(2089858483,d624ce77472d68a35037170ec1d2d27e)
Start importing Assets/Asset/Cartoon Temple Building Kit/Prefabs/Wall Prefabs/Wall Tile 4x4.prefab using Guid(6cd7440ceab5bd244aad79580a2f7817) Importer(2089858483,d624ce77472d68a35037170ec1d2d27e) (ScriptedImporter) -> (artifact id: '2418e0364dc975f7eadae5468c717acd') in 0.007209 seconds
Number of updated asset objects reloaded before import = 0Number of asset objects unloaded after import = 8

========================================================================
Received Import Request.
  Time since last request: 0.000013 seconds.
  path: Assets/Asset/Joystick Pack/Scripts/Editor/FloatingJoystickEditor.cs
  artifactKey: Guid(614d06243900d764f9c50b4da2c950a3) Importer(2089858483,d624ce77472d68a35037170ec1d2d27e)
Start importing Assets/Asset/Joystick Pack/Scripts/Editor/FloatingJoystickEditor.cs using Guid(614d06243900d764f9c50b4da2c950a3) Importer(2089858483,d624ce77472d68a35037170ec1d2d27e) (ScriptedImporter) -> (artifact id: 'd3660d3560b0149296c1fd551d8d6ed9') in 0.0029138 seconds
Number of updated asset objects reloaded before import = 0Number of asset objects unloaded after import = 0

========================================================================
Received Import Request.
  Time since last request: 0.000035 seconds.
  path: Assets/Asset/Cartoon Temple Building Kit/Prefabs/Sig Sag Prefabs/Sig Sag 1x2.prefab
  artifactKey: Guid(b79a920f3b62a44449cba5071273ef5b) Importer(2089858483,d624ce77472d68a35037170ec1d2d27e)
Start importing Assets/Asset/Cartoon Temple Building Kit/Prefabs/Sig Sag Prefabs/Sig Sag 1x2.prefab using Guid(b79a920f3b62a44449cba5071273ef5b) Importer(2089858483,d624ce77472d68a35037170ec1d2d27e) (ScriptedImporter) -> (artifact id: '902c6fef1878ec2eb629a74709ef0353') in 0.0079681 seconds
Number of updated asset objects reloaded before import = 0Number of asset objects unloaded after import = 8

========================================================================
Received Import Request.
  Time since last request: 0.000011 seconds.
  path: Assets/Asset/Cartoon Temple Building Kit/Prefabs/Round Prefabs/Round Wide Hollow 3.prefab
  artifactKey: Guid(d9911e19a14839e4fbcdca160d53b9e3) Importer(2089858483,d624ce77472d68a35037170ec1d2d27e)
Start importing Assets/Asset/Cartoon Temple Building Kit/Prefabs/Round Prefabs/Round Wide Hollow 3.prefab using Guid(d9911e19a14839e4fbcdca160d53b9e3) Importer(2089858483,d624ce77472d68a35037170ec1d2d27e) (ScriptedImporter) -> (artifact id: 'aeda278143c8afa242cc44b4c08255a4') in 0.0071198 seconds
Number of updated asset objects reloaded before import = 0Number of asset objects unloaded after import = 8

========================================================================
Received Import Request.
  Time since last request: 0.000015 seconds.
  path: Assets/Asset/Simple UI/Simple Vector Icons/128px/UI_Icon_BtnPsCircle.png
  artifactKey: Guid(6413ea90969404597b57598c26b19c96) Importer(2089858483,d624ce77472d68a35037170ec1d2d27e)
Start importing Assets/Asset/Simple UI/Simple Vector Icons/128px/UI_Icon_BtnPsCircle.png using Guid(6413ea90969404597b57598c26b19c96) Importer(2089858483,d624ce77472d68a35037170ec1d2d27e) (ScriptedImporter) -> (artifact id: '7b6e052a05a6335d757bcc2f02e1aa7d') in 0.0124249 seconds
Number of updated asset objects reloaded before import = 0Number of asset objects unloaded after import = 3

========================================================================
Received Import Request.
  Time since last request: 0.000012 seconds.
  path: Assets/Asset/Cartoon Temple Building Kit/Prefabs/Sig Sag Prefabs/Sig Sag 2x2 One Sided.prefab
  artifactKey: Guid(4451f9b45267e8c4a8e270e821163499) Importer(2089858483,d624ce77472d68a35037170ec1d2d27e)
Start importing Assets/Asset/Cartoon Temple Building Kit/Prefabs/Sig Sag Prefabs/Sig Sag 2x2 One Sided.prefab using Guid(4451f9b45267e8c4a8e270e821163499) Importer(2089858483,d624ce77472d68a35037170ec1d2d27e) (ScriptedImporter) -> (artifact id: '59fa8c75c1dc03a627133c45eff42b57') in 0.0091986 seconds
Number of updated asset objects reloaded before import = 0Number of asset objects unloaded after import = 8

========================================================================
Received Import Request.
  Time since last request: 0.000014 seconds.
  path: Assets/Asset/Joystick Pack/Sprites/Horizontal Backgrounds/Horizontal_Plain.png
  artifactKey: Guid(097782735540f2d4db5606eae04ae6a7) Importer(2089858483,d624ce77472d68a35037170ec1d2d27e)
Start importing Assets/Asset/Joystick Pack/Sprites/Horizontal Backgrounds/Horizontal_Plain.png using Guid(097782735540f2d4db5606eae04ae6a7) Importer(2089858483,d624ce77472d68a35037170ec1d2d27e) (ScriptedImporter) -> (artifact id: '9d8a2f424e51fb434a1e4d8b0ff949b8') in 0.0124846 seconds
Number of updated asset objects reloaded before import = 0Number of asset objects unloaded after import = 3

========================================================================
Received Import Request.
  Time since last request: 0.000013 seconds.
  path: Assets/Asset/Simple UI/Simple Vector Icons/128px/UI_Icon_AlarmOn.png
  artifactKey: Guid(771bf46a06055496c89e4a4772fb59ce) Importer(2089858483,d624ce77472d68a35037170ec1d2d27e)
Start importing Assets/Asset/Simple UI/Simple Vector Icons/128px/UI_Icon_AlarmOn.png using Guid(771bf46a06055496c89e4a4772fb59ce) Importer(2089858483,d624ce77472d68a35037170ec1d2d27e) (ScriptedImporter) -> (artifact id: 'a7c3005c7630dfcc975ff7e26a17e102') in 0.0126399 seconds
Number of updated asset objects reloaded before import = 0Number of asset objects unloaded after import = 3

========================================================================
Received Import Request.
  Time since last request: 0.000012 seconds.
  path: Assets/Asset/DungeonTraps/Trap/Anim/Anim_Shuriken01_Play.anim
  artifactKey: Guid(7cf00858559460141b21a8c48538adb9) Importer(2089858483,d624ce77472d68a35037170ec1d2d27e)
Start importing Assets/Asset/DungeonTraps/Trap/Anim/Anim_Shuriken01_Play.anim using Guid(7cf00858559460141b21a8c48538adb9) Importer(2089858483,d624ce77472d68a35037170ec1d2d27e) (ScriptedImporter) -> (artifact id: 'fbd813f3c5bd83f0b3d4c257daaea212') in 0.0052805 seconds
Number of updated asset objects reloaded before import = 0Number of asset objects unloaded after import = 1

========================================================================
Received Import Request.
  Time since last request: 0.000039 seconds.
  path: Assets/Asset/Simple UI/Simple Vector Icons/128px/UI_Icon_Archer.png
  artifactKey: Guid(a45bb033858a8498c966ed62e0400cfb) Importer(2089858483,d624ce77472d68a35037170ec1d2d27e)
Start importing Assets/Asset/Simple UI/Simple Vector Icons/128px/UI_Icon_Archer.png using Guid(a45bb033858a8498c966ed62e0400cfb) Importer(2089858483,d624ce77472d68a35037170ec1d2d27e) (ScriptedImporter) -> (artifact id: '40d4b16325ddbb95aaa71f3fcb15e5f9') in 0.012224 seconds
Number of updated asset objects reloaded before import = 0Number of asset objects unloaded after import = 3

========================================================================
Received Import Request.
  Time since last request: 0.000013 seconds.
  path: Assets/Asset/FarlandSkies/Skyboxes/CloudyCrown_01_Midday/CloudyCrown_Midday.mat
  artifactKey: Guid(617d9be015db68348a623b01ea51a8c5) Importer(2089858483,d624ce77472d68a35037170ec1d2d27e)
Start importing Assets/Asset/FarlandSkies/Skyboxes/CloudyCrown_01_Midday/CloudyCrown_Midday.mat using Guid(617d9be015db68348a623b01ea51a8c5) Importer(2089858483,d624ce77472d68a35037170ec1d2d27e) (ScriptedImporter) -> (artifact id: 'ea0b614f70300578090411eda11a9d72') in 0.0116449 seconds
Number of updated asset objects reloaded before import = 0Number of asset objects unloaded after import = 7

========================================================================
Received Import Request.
  Time since last request: 0.000013 seconds.
  path: Assets/Asset/Cartoon Temple Building Kit/Prefabs/Sig Sag Prefabs/Sig Sag 1x2 Flat.prefab
  artifactKey: Guid(264da3af1e424c7439bfc7546cd1c9f0) Importer(2089858483,d624ce77472d68a35037170ec1d2d27e)
Start importing Assets/Asset/Cartoon Temple Building Kit/Prefabs/Sig Sag Prefabs/Sig Sag 1x2 Flat.prefab using Guid(264da3af1e424c7439bfc7546cd1c9f0) Importer(2089858483,d624ce77472d68a35037170ec1d2d27e) (ScriptedImporter) -> (artifact id: '6db07c6887b4841d8387dbd6619d92e2') in 0.0079982 seconds
Number of updated asset objects reloaded before import = 0Number of asset objects unloaded after import = 8

========================================================================
Received Import Request.
  Time since last request: 0.000012 seconds.
  path: Assets/Asset/Cartoon Temple Building Kit/Prefabs/Wall Prefabs/Wall Tile Top 1.prefab
  artifactKey: Guid(ef5a111b27c8d3f4ea0be33e31c6116f) Importer(2089858483,d624ce77472d68a35037170ec1d2d27e)
Start importing Assets/Asset/Cartoon Temple Building Kit/Prefabs/Wall Prefabs/Wall Tile Top 1.prefab using Guid(ef5a111b27c8d3f4ea0be33e31c6116f) Importer(2089858483,d624ce77472d68a35037170ec1d2d27e) (ScriptedImporter) -> (artifact id: '6d430d5a2f8725ac07c207df3bcb0bcd') in 0.0075971 seconds
Number of updated asset objects reloaded before import = 0Number of asset objects unloaded after import = 8

========================================================================
Received Import Request.
  Time since last request: 0.000012 seconds.
  path: Assets/Asset/Joystick Pack/Sprites/Horizontal Backgrounds/Horizontal_Outline_Arrows.png
  artifactKey: Guid(7927b9032dc11e841af3f9a1353d7ecd) Importer(2089858483,d624ce77472d68a35037170ec1d2d27e)
Start importing Assets/Asset/Joystick Pack/Sprites/Horizontal Backgrounds/Horizontal_Outline_Arrows.png using Guid(7927b9032dc11e841af3f9a1353d7ecd) Importer(2089858483,d624ce77472d68a35037170ec1d2d27e) (ScriptedImporter) -> (artifact id: '20bb5d28698349c324bc967e1a2268a1') in 0.0119864 seconds
Number of updated asset objects reloaded before import = 0Number of asset objects unloaded after import = 3

========================================================================
Received Import Request.
  Time since last request: 0.000015 seconds.
  path: Assets/Asset/Joystick Pack/Sprites/Handles/Handle_Outline.png
  artifactKey: Guid(085185b08a40a924985bc0e4176edea6) Importer(2089858483,d624ce77472d68a35037170ec1d2d27e)
Start importing Assets/Asset/Joystick Pack/Sprites/Handles/Handle_Outline.png using Guid(085185b08a40a924985bc0e4176edea6) Importer(2089858483,d624ce77472d68a35037170ec1d2d27e) (ScriptedImporter) -> (artifact id: '2e087f167661c83c4fc1a70c1c5efda3') in 0.0115995 seconds
Number of updated asset objects reloaded before import = 0Number of asset objects unloaded after import = 3

========================================================================
Received Import Request.
  Time since last request: 0.000014 seconds.
  path: Assets/Asset/DungeonTraps/Trap/Prefab/Pf_Shuriken02.prefab
  artifactKey: Guid(4aa96aab3ae68a9419ef081a62b461d1) Importer(2089858483,d624ce77472d68a35037170ec1d2d27e)
Start importing Assets/Asset/DungeonTraps/Trap/Prefab/Pf_Shuriken02.prefab using Guid(4aa96aab3ae68a9419ef081a62b461d1) Importer(2089858483,d624ce77472d68a35037170ec1d2d27e) (ScriptedImporter) -> (artifact id: '6c0b7b689fd54960b354e2f5a9857377') in 0.0075019 seconds
Number of updated asset objects reloaded before import = 0Number of asset objects unloaded after import = 8

========================================================================
Received Import Request.
  Time since last request: 0.000013 seconds.
  path: Assets/Asset/Joystick Pack/Sprites/All Axis Backgrounds/AllAxis_Outline.png
  artifactKey: Guid(5b56d9fa0e8bd6e409ed188db38a692c) Importer(2089858483,d624ce77472d68a35037170ec1d2d27e)
Start importing Assets/Asset/Joystick Pack/Sprites/All Axis Backgrounds/AllAxis_Outline.png using Guid(5b56d9fa0e8bd6e409ed188db38a692c) Importer(2089858483,d624ce77472d68a35037170ec1d2d27e) (ScriptedImporter) -> (artifact id: '2c70fe342e70d7a35d294f1efb2da542') in 0.0161559 seconds
Number of updated asset objects reloaded before import = 0Number of asset objects unloaded after import = 3

========================================================================
Received Import Request.
  Time since last request: 0.000013 seconds.
  path: Assets/Asset/DungeonTraps/Trap/Anim/Anim_GreatAxeTrap_Play.anim
  artifactKey: Guid(99dcd95039050ad46bcd5884c4a68665) Importer(2089858483,d624ce77472d68a35037170ec1d2d27e)
Start importing Assets/Asset/DungeonTraps/Trap/Anim/Anim_GreatAxeTrap_Play.anim using Guid(99dcd95039050ad46bcd5884c4a68665) Importer(2089858483,d624ce77472d68a35037170ec1d2d27e) (ScriptedImporter) -> (artifact id: '5cfdabdcdae67d887668ae2481466a9d') in 0.0052306 seconds
Number of updated asset objects reloaded before import = 0Number of asset objects unloaded after import = 1

========================================================================
Received Import Request.
  Time since last request: 0.000024 seconds.
  path: Assets/Asset/Joystick Pack/Sprites/Horizontal Backgrounds/Horizontal_Ridged.png
  artifactKey: Guid(6304ad603f150b649b764d29bbc2a87b) Importer(2089858483,d624ce77472d68a35037170ec1d2d27e)
Start importing Assets/Asset/Joystick Pack/Sprites/Horizontal Backgrounds/Horizontal_Ridged.png using Guid(6304ad603f150b649b764d29bbc2a87b) Importer(2089858483,d624ce77472d68a35037170ec1d2d27e) (ScriptedImporter) -> (artifact id: '23b6b23e3b50e660832f152553412b5e') in 0.0128755 seconds
Number of updated asset objects reloaded before import = 0Number of asset objects unloaded after import = 3

========================================================================
Received Import Request.
  Time since last request: 0.000016 seconds.
  path: Assets/Asset/Joystick Pack/Scripts/Joysticks/FloatingJoystick.cs
  artifactKey: Guid(7a47f546fc70ec8428172694e78e4288) Importer(2089858483,d624ce77472d68a35037170ec1d2d27e)
Start importing Assets/Asset/Joystick Pack/Scripts/Joysticks/FloatingJoystick.cs using Guid(7a47f546fc70ec8428172694e78e4288) Importer(2089858483,d624ce77472d68a35037170ec1d2d27e) (ScriptedImporter) -> (artifact id: '21624d3d97e5190b6b1964c767480aa1') in 0.0030401 seconds
Number of updated asset objects reloaded before import = 0Number of asset objects unloaded after import = 0

========================================================================
Received Import Request.
  Time since last request: 0.000058 seconds.
  path: Assets/Asset/Pipes/Pipes/Mesh/pipe_col_2.prefab
  artifactKey: Guid(76a3305b51933af4485277b9fa029662) Importer(2089858483,d624ce77472d68a35037170ec1d2d27e)
Start importing Assets/Asset/Pipes/Pipes/Mesh/pipe_col_2.prefab using Guid(76a3305b51933af4485277b9fa029662) Importer(2089858483,d624ce77472d68a35037170ec1d2d27e) (ScriptedImporter) -> (artifact id: 'a032b9426c20f092f2684a086ba18d2c') in 0.0039724 seconds
Number of updated asset objects reloaded before import = 0Number of asset objects unloaded after import = 9

========================================================================
Received Import Request.
  Time since last request: 0.000014 seconds.
  path: Assets/Asset/Simple UI/Simple Vector Icons/128px/UI_Icon_ArrowDown.png
  artifactKey: Guid(a206b58a619a643bb81972e54d831360) Importer(2089858483,d624ce77472d68a35037170ec1d2d27e)
Start importing Assets/Asset/Simple UI/Simple Vector Icons/128px/UI_Icon_ArrowDown.png using Guid(a206b58a619a643bb81972e54d831360) Importer(2089858483,d624ce77472d68a35037170ec1d2d27e) (ScriptedImporter) -> (artifact id: '04e077d5abcdcfaad3fdaeaf9592228f') in 0.013979 seconds
Number of updated asset objects reloaded before import = 0Number of asset objects unloaded after import = 3

========================================================================
Received Import Request.
  Time since last request: 0.000022 seconds.
  path: Assets/Asset/Simple UI/PNG/Materials/UI_Tab_Inactive.mat
  artifactKey: Guid(7852c737564d35a40bcfcf31880e8147) Importer(2089858483,d624ce77472d68a35037170ec1d2d27e)
Start importing Assets/Asset/Simple UI/PNG/Materials/UI_Tab_Inactive.mat using Guid(7852c737564d35a40bcfcf31880e8147) Importer(2089858483,d624ce77472d68a35037170ec1d2d27e) (ScriptedImporter) -> (artifact id: '1d38dc84697f4aa8684d97871dc06eae') in 0.00463 seconds
Number of updated asset objects reloaded before import = 0Number of asset objects unloaded after import = 2

========================================================================
Received Import Request.
  Time since last request: 0.000012 seconds.
  path: Assets/Asset/DungeonTraps/Trap/Anim/New Animation.anim
  artifactKey: Guid(d820b10dd26c4f64f82f223497df7424) Importer(2089858483,d624ce77472d68a35037170ec1d2d27e)
Start importing Assets/Asset/DungeonTraps/Trap/Anim/New Animation.anim using Guid(d820b10dd26c4f64f82f223497df7424) Importer(2089858483,d624ce77472d68a35037170ec1d2d27e) (ScriptedImporter) -> (artifact id: 'aa0e945689813c2dcb33e6834f4a9ce8') in 0.0044774 seconds
Number of updated asset objects reloaded before import = 0Number of asset objects unloaded after import = 1

========================================================================
Received Import Request.
  Time since last request: 0.000036 seconds.
  path: Assets/Asset/Joystick Pack/Sprites/Vertical Backgrounds/Vertical_Ridged_Arrows.png
  artifactKey: Guid(9332cf0d233636a40a024382720294a3) Importer(2089858483,d624ce77472d68a35037170ec1d2d27e)
Start importing Assets/Asset/Joystick Pack/Sprites/Vertical Backgrounds/Vertical_Ridged_Arrows.png using Guid(9332cf0d233636a40a024382720294a3) Importer(2089858483,d624ce77472d68a35037170ec1d2d27e) (ScriptedImporter) -> (artifact id: '0156e9f1e4eb460045133eb45b2fc4bc') in 0.0133872 seconds
Number of updated asset objects reloaded before import = 0Number of asset objects unloaded after import = 3

========================================================================
Received Import Request.
  Time since last request: 0.000014 seconds.
  path: Assets/Asset/DungeonTraps/Effect/Materials/Tex_Eff_Smoke.mat
  artifactKey: Guid(3479abe40889881469c8d3349ec00325) Importer(2089858483,d624ce77472d68a35037170ec1d2d27e)
Start importing Assets/Asset/DungeonTraps/Effect/Materials/Tex_Eff_Smoke.mat using Guid(3479abe40889881469c8d3349ec00325) Importer(2089858483,d624ce77472d68a35037170ec1d2d27e) (ScriptedImporter) -> (artifact id: '61fcd1d500dc0a17e8f5ebe2cf015469') in 0.0047244 seconds
Number of updated asset objects reloaded before import = 0Number of asset objects unloaded after import = 2

========================================================================
Received Import Request.
  Time since last request: 0.000016 seconds.
  path: Assets/Asset/Cartoon Temple Building Kit/Prefabs/Round Prefabs/Round Wide Hollow 2.prefab
  artifactKey: Guid(4958d4781af4e2542a2287385c76b803) Importer(2089858483,d624ce77472d68a35037170ec1d2d27e)
Start importing Assets/Asset/Cartoon Temple Building Kit/Prefabs/Round Prefabs/Round Wide Hollow 2.prefab using Guid(4958d4781af4e2542a2287385c76b803) Importer(2089858483,d624ce77472d68a35037170ec1d2d27e) (ScriptedImporter) -> (artifact id: '5ffba418abc4e8edea59fa555e502202') in 0.0092448 seconds
Number of updated asset objects reloaded before import = 0Number of asset objects unloaded after import = 8

========================================================================
Received Import Request.
  Time since last request: 0.000012 seconds.
  path: Assets/Asset/Cartoon Temple Building Kit/Prefabs/Square Holes Prefabs/Square Hole 3x7.prefab
  artifactKey: Guid(9240dc56787599844ab08719b80ace4f) Importer(2089858483,d624ce77472d68a35037170ec1d2d27e)
Start importing Assets/Asset/Cartoon Temple Building Kit/Prefabs/Square Holes Prefabs/Square Hole 3x7.prefab using Guid(9240dc56787599844ab08719b80ace4f) Importer(2089858483,d624ce77472d68a35037170ec1d2d27e) (ScriptedImporter) -> (artifact id: 'd3dea2e5fb7aa6453a3fd02e3d0bb97e') in 0.0074401 seconds
Number of updated asset objects reloaded before import = 0Number of asset objects unloaded after import = 8

========================================================================
Received Import Request.
  Time since last request: 0.000012 seconds.
  path: Assets/Asset/Simple UI/PNG/Materials/UI_Frame_Dark_Transparent.mat
  artifactKey: Guid(a673e750c6947a84f9cf16210ac3c0e1) Importer(2089858483,d624ce77472d68a35037170ec1d2d27e)
Start importing Assets/Asset/Simple UI/PNG/Materials/UI_Frame_Dark_Transparent.mat using Guid(a673e750c6947a84f9cf16210ac3c0e1) Importer(2089858483,d624ce77472d68a35037170ec1d2d27e) (ScriptedImporter) -> (artifact id: 'c0fb498c4ebf9b08f4a5093a4620b94f') in 0.00452 seconds
Number of updated asset objects reloaded before import = 0Number of asset objects unloaded after import = 2

========================================================================
Received Import Request.
  Time since last request: 0.000011 seconds.
  path: Assets/Asset/FarlandSkies/Skyboxes/CloudyCrown_05_Daybreak/CloudyCrown_Daybreak.mat
  artifactKey: Guid(3930fc89a28b29746bde6a2389a513e0) Importer(2089858483,d624ce77472d68a35037170ec1d2d27e)
Start importing Assets/Asset/FarlandSkies/Skyboxes/CloudyCrown_05_Daybreak/CloudyCrown_Daybreak.mat using Guid(3930fc89a28b29746bde6a2389a513e0) Importer(2089858483,d624ce77472d68a35037170ec1d2d27e) (ScriptedImporter) -> (artifact id: '2a1f3bf575ef1a73d2b7cf00145838fe') in 0.0123056 seconds
Number of updated asset objects reloaded before import = 0Number of asset objects unloaded after import = 7

========================================================================
Received Import Request.
  Time since last request: 0.000015 seconds.
  path: Assets/Asset/DungeonTraps/Trap/Anim/Anim_SawTrap02_Play.anim
  artifactKey: Guid(d27f7c9eab50cd84b89bda5a164666e7) Importer(2089858483,d624ce77472d68a35037170ec1d2d27e)
Start importing Assets/Asset/DungeonTraps/Trap/Anim/Anim_SawTrap02_Play.anim using Guid(d27f7c9eab50cd84b89bda5a164666e7) Importer(2089858483,d624ce77472d68a35037170ec1d2d27e) (ScriptedImporter) -> (artifact id: 'bcd23cdfe06d615d29a8ed98b7e3ab4b') in 0.0090214 seconds
Number of updated asset objects reloaded before import = 0Number of asset objects unloaded after import = 1

========================================================================
Received Import Request.
  Time since last request: 0.000013 seconds.
  path: Assets/Asset/Simple UI/Simple Vector Icons/128px/UI_Icon_Bomb.png
  artifactKey: Guid(8e488ad39dab0445e9f9c24b9f0be75b) Importer(2089858483,d624ce77472d68a35037170ec1d2d27e)
Start importing Assets/Asset/Simple UI/Simple Vector Icons/128px/UI_Icon_Bomb.png using Guid(8e488ad39dab0445e9f9c24b9f0be75b) Importer(2089858483,d624ce77472d68a35037170ec1d2d27e) (ScriptedImporter) -> (artifact id: '87f9f29bfa5b8e4bbd5e17ed6fb9bdda') in 0.0133315 seconds
Number of updated asset objects reloaded before import = 0Number of asset objects unloaded after import = 3

========================================================================
Received Import Request.
  Time since last request: 0.000015 seconds.
  path: Assets/Asset/Simple UI/Simple Vector Icons/128px/UI_Icon_BtnR1.png
  artifactKey: Guid(2dbd193c61b1140ee85ef8131babe7d2) Importer(2089858483,d624ce77472d68a35037170ec1d2d27e)
Start importing Assets/Asset/Simple UI/Simple Vector Icons/128px/UI_Icon_BtnR1.png using Guid(2dbd193c61b1140ee85ef8131babe7d2) Importer(2089858483,d624ce77472d68a35037170ec1d2d27e) (ScriptedImporter) -> (artifact id: '791a9d62d5e95dced0f5553343cb672d') in 0.0133981 seconds
Number of updated asset objects reloaded before import = 0Number of asset objects unloaded after import = 3

========================================================================
Received Import Request.
  Time since last request: 0.000013 seconds.
  path: Assets/Asset/Cartoon Temple Building Kit/Prefabs/Wall Prefabs/Wall Tile 3x1.prefab
  artifactKey: Guid(c8d9989f983355a4ab0c2a25e64ce2de) Importer(2089858483,d624ce77472d68a35037170ec1d2d27e)
Start importing Assets/Asset/Cartoon Temple Building Kit/Prefabs/Wall Prefabs/Wall Tile 3x1.prefab using Guid(c8d9989f983355a4ab0c2a25e64ce2de) Importer(2089858483,d624ce77472d68a35037170ec1d2d27e) (ScriptedImporter) -> (artifact id: '9c76fbaa41a083d83b94f83d345201d5') in 0.0099904 seconds
Number of updated asset objects reloaded before import = 0Number of asset objects unloaded after import = 8

========================================================================
Received Import Request.
  Time since last request: 0.000014 seconds.
  path: Assets/Asset/Joystick Pack/Scripts/Joysticks/FixedJoystick.cs
  artifactKey: Guid(45977bbae16431c46a013576a1aea384) Importer(2089858483,d624ce77472d68a35037170ec1d2d27e)
Start importing Assets/Asset/Joystick Pack/Scripts/Joysticks/FixedJoystick.cs using Guid(45977bbae16431c46a013576a1aea384) Importer(2089858483,d624ce77472d68a35037170ec1d2d27e) (ScriptedImporter) -> (artifact id: '576c071073b834b97498fd7758a981b1') in 0.0031653 seconds
Number of updated asset objects reloaded before import = 0Number of asset objects unloaded after import = 0

========================================================================
Received Import Request.
  Time since last request: 0.000051 seconds.
  path: Assets/Asset/DungeonTraps/Trap/Anim/Anim_SpoonTrap_Play.anim
  artifactKey: Guid(95080f212f7a31741b711a34ebefbdc5) Importer(2089858483,d624ce77472d68a35037170ec1d2d27e)
Start importing Assets/Asset/DungeonTraps/Trap/Anim/Anim_SpoonTrap_Play.anim using Guid(95080f212f7a31741b711a34ebefbdc5) Importer(2089858483,d624ce77472d68a35037170ec1d2d27e) (ScriptedImporter) -> (artifact id: 'f65e9af323d87b5375926cb73f5fdbf1') in 0.0063726 seconds
Number of updated asset objects reloaded before import = 0Number of asset objects unloaded after import = 1

========================================================================
Received Import Request.
  Time since last request: 0.000029 seconds.
  path: Assets/Asset/DungeonTraps/Trap/Materials/Tex_Trap01.psd
  artifactKey: Guid(e91e0758e705f6a4baf8d5029e3b52fe) Importer(2089858483,d624ce77472d68a35037170ec1d2d27e)
Start importing Assets/Asset/DungeonTraps/Trap/Materials/Tex_Trap01.psd using Guid(e91e0758e705f6a4baf8d5029e3b52fe) Importer(2089858483,d624ce77472d68a35037170ec1d2d27e) (ScriptedImporter) -> (artifact id: '167ba9841e1bcd317607772fe6c4f1fb') in 0.0111134 seconds
Number of updated asset objects reloaded before import = 0Number of asset objects unloaded after import = 1

========================================================================
Received Import Request.
  Time since last request: 0.000015 seconds.
  path: Assets/Asset/Joystick Pack/Sprites/All Axis Backgrounds/AllAxis_Ridged_Arrows.png
  artifactKey: Guid(4cbc879550e5e374a925e2e0a84d6f3c) Importer(2089858483,d624ce77472d68a35037170ec1d2d27e)
Start importing Assets/Asset/Joystick Pack/Sprites/All Axis Backgrounds/AllAxis_Ridged_Arrows.png using Guid(4cbc879550e5e374a925e2e0a84d6f3c) Importer(2089858483,d624ce77472d68a35037170ec1d2d27e) (ScriptedImporter) -> (artifact id: '2e774d1ae4769a0d686297a40e44f9f9') in 0.0129624 seconds
Number of updated asset objects reloaded before import = 0Number of asset objects unloaded after import = 3

========================================================================
Received Import Request.
  Time since last request: 0.000013 seconds.
  path: Assets/Asset/Simple UI/Simple Vector Icons/128px/UI_Icon_BtnDpadHorizontal.png
  artifactKey: Guid(cea5fe64bfc704a388419369708ae062) Importer(2089858483,d624ce77472d68a35037170ec1d2d27e)
Start importing Assets/Asset/Simple UI/Simple Vector Icons/128px/UI_Icon_BtnDpadHorizontal.png using Guid(cea5fe64bfc704a388419369708ae062) Importer(2089858483,d624ce77472d68a35037170ec1d2d27e) (ScriptedImporter) -> (artifact id: 'd2b1a36ad2541c27d98f008bc10a0220') in 0.0142868 seconds
Number of updated asset objects reloaded before import = 0Number of asset objects unloaded after import = 3

========================================================================
Received Import Request.
  Time since last request: 0.000013 seconds.
  path: Assets/Asset/Pipes/Pipes/Mesh/pipe-bending-4.prefab
  artifactKey: Guid(9ec5f3ffa7d712d4584cae7be088e09b) Importer(2089858483,d624ce77472d68a35037170ec1d2d27e)
Start importing Assets/Asset/Pipes/Pipes/Mesh/pipe-bending-4.prefab using Guid(9ec5f3ffa7d712d4584cae7be088e09b) Importer(2089858483,d624ce77472d68a35037170ec1d2d27e) (ScriptedImporter) -> (artifact id: '477a50f33a2d2f9cacfc1071de2ec398') in 0.0040448 seconds
Number of updated asset objects reloaded before import = 0Number of asset objects unloaded after import = 9

========================================================================
Received Import Request.
  Time since last request: 0.000015 seconds.
  path: Assets/Asset/Simple UI/Simple Vector Icons/128px/UI_Icon_Book.png
  artifactKey: Guid(114551c53d3154e31bc9184812a8acc8) Importer(2089858483,d624ce77472d68a35037170ec1d2d27e)
Start importing Assets/Asset/Simple UI/Simple Vector Icons/128px/UI_Icon_Book.png using Guid(114551c53d3154e31bc9184812a8acc8) Importer(2089858483,d624ce77472d68a35037170ec1d2d27e) (ScriptedImporter) -> (artifact id: 'e0e0dae6db88a55a691b4c81d969ec23') in 0.0125882 seconds
Number of updated asset objects reloaded before import = 0Number of asset objects unloaded after import = 3

========================================================================
Received Import Request.
  Time since last request: 0.000015 seconds.
  path: Assets/Asset/Pipes/Pipes/Mesh/pipe_col_4.prefab
  artifactKey: Guid(9b2a4e5561330964289724d0b4c42985) Importer(2089858483,d624ce77472d68a35037170ec1d2d27e)
Start importing Assets/Asset/Pipes/Pipes/Mesh/pipe_col_4.prefab using Guid(9b2a4e5561330964289724d0b4c42985) Importer(2089858483,d624ce77472d68a35037170ec1d2d27e) (ScriptedImporter) -> (artifact id: '4d9b0ba1795d429af7889d93c231675e') in 0.0045076 seconds
Number of updated asset objects reloaded before import = 0Number of asset objects unloaded after import = 9

========================================================================
Received Import Request.
  Time since last request: 0.000020 seconds.
  path: Assets/Asset/Simple UI/Simple Vector Icons/128px/UI_Icon_BtnL3.png
  artifactKey: Guid(31c09687ca0bd4827a654fba3b61dd2f) Importer(2089858483,d624ce77472d68a35037170ec1d2d27e)
Start importing Assets/Asset/Simple UI/Simple Vector Icons/128px/UI_Icon_BtnL3.png using Guid(31c09687ca0bd4827a654fba3b61dd2f) Importer(2089858483,d624ce77472d68a35037170ec1d2d27e) (ScriptedImporter) -> (artifact id: '8304f08588b187f3ef86615726d8eff8') in 0.0167118 seconds
Number of updated asset objects reloaded before import = 0Number of asset objects unloaded after import = 3

========================================================================
Received Import Request.
  Time since last request: 0.000012 seconds.
  path: Assets/Asset/DungeonTraps/Trap/Prefab/GameOverCanvas.controller
  artifactKey: Guid(01ebd992de00e7e4cb0b30e133c8e29b) Importer(2089858483,d624ce77472d68a35037170ec1d2d27e)
Start importing Assets/Asset/DungeonTraps/Trap/Prefab/GameOverCanvas.controller using Guid(01ebd992de00e7e4cb0b30e133c8e29b) Importer(2089858483,d624ce77472d68a35037170ec1d2d27e) (ScriptedImporter) -> (artifact id: '594f1657ac0a9bcd14ebd214809e5e50') in 0.0036228 seconds
Number of updated asset objects reloaded before import = 0Number of asset objects unloaded after import = 4

========================================================================
Received Import Request.
  Time since last request: 0.000012 seconds.
  path: Assets/Asset/DungeonTraps/Trap/Prefab/Pf_GreatAxeTrap.prefab
  artifactKey: Guid(3d0ba9093894f82429688ddeb31a11f1) Importer(2089858483,d624ce77472d68a35037170ec1d2d27e)
Start importing Assets/Asset/DungeonTraps/Trap/Prefab/Pf_GreatAxeTrap.prefab using Guid(3d0ba9093894f82429688ddeb31a11f1) Importer(2089858483,d624ce77472d68a35037170ec1d2d27e) (ScriptedImporter) -> (artifact id: '3c4d1cb0738a25d8161e5714dc267a38') in 0.0069979 seconds
Number of updated asset objects reloaded before import = 0Number of asset objects unloaded after import = 16

========================================================================
Received Import Request.
  Time since last request: 0.000015 seconds.
  path: Assets/Asset/DungeonTraps/Trap/Prefab/GameOver.controller
  artifactKey: Guid(43f97b98294a9c24ea439fdc59d81f36) Importer(2089858483,d624ce77472d68a35037170ec1d2d27e)
Start importing Assets/Asset/DungeonTraps/Trap/Prefab/GameOver.controller using Guid(43f97b98294a9c24ea439fdc59d81f36) Importer(2089858483,d624ce77472d68a35037170ec1d2d27e) (ScriptedImporter) -> (artifact id: '3802b6cb08a3882af08fcc8ed5259782') in 0.0035361 seconds
Number of updated asset objects reloaded before import = 0Number of asset objects unloaded after import = 4

========================================================================
Received Import Request.
  Time since last request: 0.000016 seconds.
  path: Assets/Asset/Cartoon Temple Building Kit/Prefabs/Round Prefabs/Round Wide Hollow 1.prefab
  artifactKey: Guid(a95d0e6322bdac34999766cabcb534c3) Importer(2089858483,d624ce77472d68a35037170ec1d2d27e)
Start importing Assets/Asset/Cartoon Temple Building Kit/Prefabs/Round Prefabs/Round Wide Hollow 1.prefab using Guid(a95d0e6322bdac34999766cabcb534c3) Importer(2089858483,d624ce77472d68a35037170ec1d2d27e) (ScriptedImporter) -> (artifact id: 'dd944c456725a6ea5e8b515e41dad2f6') in 0.0093419 seconds
Number of updated asset objects reloaded before import = 0Number of asset objects unloaded after import = 8

========================================================================
Received Import Request.
  Time since last request: 0.000013 seconds.
  path: Assets/Asset/Simple UI/Simple Vector Icons/128px/UI_Icon_BtnPsCrossRound.png
  artifactKey: Guid(a0ebb20a6dce44c8daf09a32e4bd7ef4) Importer(2089858483,d624ce77472d68a35037170ec1d2d27e)
Start importing Assets/Asset/Simple UI/Simple Vector Icons/128px/UI_Icon_BtnPsCrossRound.png using Guid(a0ebb20a6dce44c8daf09a32e4bd7ef4) Importer(2089858483,d624ce77472d68a35037170ec1d2d27e) (ScriptedImporter) -> (artifact id: 'cb41e5a3fbcfb3d725676471f98c1fe9') in 0.0120099 seconds
Number of updated asset objects reloaded before import = 0Number of asset objects unloaded after import = 3

========================================================================
Received Import Request.
  Time since last request: 0.000017 seconds.
  path: Assets/Asset/Pipes/Pipes/Mesh/pipe_col_7.prefab
  artifactKey: Guid(e8e2de790c9c1284ea9d418034987bfd) Importer(2089858483,d624ce77472d68a35037170ec1d2d27e)
Start importing Assets/Asset/Pipes/Pipes/Mesh/pipe_col_7.prefab using Guid(e8e2de790c9c1284ea9d418034987bfd) Importer(2089858483,d624ce77472d68a35037170ec1d2d27e) (ScriptedImporter) -> (artifact id: '6876bf0b158274bdd234aa66ac20c9d6') in 0.0039735 seconds
Number of updated asset objects reloaded before import = 0Number of asset objects unloaded after import = 9

========================================================================
Received Import Request.
  Time since last request: 0.000012 seconds.
  path: Assets/Asset/Joystick Pack/Sprites/Vertical Backgrounds/Vertical_Ridged.png
  artifactKey: Guid(08c1fa6351174a9439d97cfc9d3307cc) Importer(2089858483,d624ce77472d68a35037170ec1d2d27e)
Start importing Assets/Asset/Joystick Pack/Sprites/Vertical Backgrounds/Vertical_Ridged.png using Guid(08c1fa6351174a9439d97cfc9d3307cc) Importer(2089858483,d624ce77472d68a35037170ec1d2d27e) (ScriptedImporter) -> (artifact id: 'cd410c6fb4509047549de455a1db761d') in 0.0114513 seconds
Number of updated asset objects reloaded before import = 0Number of asset objects unloaded after import = 3

========================================================================
Received Import Request.
  Time since last request: 0.000016 seconds.
  path: Assets/Asset/DungeonTraps/Trap/Prefab/Pf_Trap_Needle.prefab
  artifactKey: Guid(afd19ab1d4bb70b499bb2f62171a522d) Importer(2089858483,d624ce77472d68a35037170ec1d2d27e)
Start importing Assets/Asset/DungeonTraps/Trap/Prefab/Pf_Trap_Needle.prefab using Guid(afd19ab1d4bb70b499bb2f62171a522d) Importer(2089858483,d624ce77472d68a35037170ec1d2d27e) (ScriptedImporter) -> (artifact id: '6968b40b78c931287afda7a40e8d39af') in 0.0064769 seconds
Number of updated asset objects reloaded before import = 0Number of asset objects unloaded after import = 17

========================================================================
Received Import Request.
  Time since last request: 0.000013 seconds.
  path: Assets/Asset/Joystick Pack/Scripts/Editor/JoystickEditor.cs
  artifactKey: Guid(d4b2b0d911a01a64ebfca9918e2b90b4) Importer(2089858483,d624ce77472d68a35037170ec1d2d27e)
Start importing Assets/Asset/Joystick Pack/Scripts/Editor/JoystickEditor.cs using Guid(d4b2b0d911a01a64ebfca9918e2b90b4) Importer(2089858483,d624ce77472d68a35037170ec1d2d27e) (ScriptedImporter) -> (artifact id: 'cbe99cb9e254d6dca2b96f6a5e67ce7d') in 0.0030149 seconds
Number of updated asset objects reloaded before import = 0Number of asset objects unloaded after import = 0

========================================================================
Received Import Request.
  Time since last request: 0.000066 seconds.
  path: Assets/Asset/Cartoon Temple Building Kit/Prefabs/Wall Prefabs/Wall Tile 4x1.prefab
  artifactKey: Guid(f34d065a4ce8f444d9d767c038f7122d) Importer(2089858483,d624ce77472d68a35037170ec1d2d27e)
Start importing Assets/Asset/Cartoon Temple Building Kit/Prefabs/Wall Prefabs/Wall Tile 4x1.prefab using Guid(f34d065a4ce8f444d9d767c038f7122d) Importer(2089858483,d624ce77472d68a35037170ec1d2d27e) (ScriptedImporter) -> (artifact id: '36aa26d51790bb27e84f6700c1e31453') in 0.008529 seconds
Number of updated asset objects reloaded before import = 0Number of asset objects unloaded after import = 8

========================================================================
Received Import Request.
  Time since last request: 0.338352 seconds.
  path: Assets/Asset/Simple UI/Simple Vector Icons/128px/UI_Icon_BtnXboxB.png
  artifactKey: Guid(f5d74ebb3f8d541d597d738c079c4b2e) Importer(2089858483,d624ce77472d68a35037170ec1d2d27e)
Start importing Assets/Asset/Simple UI/Simple Vector Icons/128px/UI_Icon_BtnXboxB.png using Guid(f5d74ebb3f8d541d597d738c079c4b2e) Importer(2089858483,d624ce77472d68a35037170ec1d2d27e) (ScriptedImporter) -> (artifact id: '373c73605e2354855085a65d3e12bc78') in 0.0162363 seconds
Number of updated asset objects reloaded before import = 0Number of asset objects unloaded after import = 3

========================================================================
Received Import Request.
  Time since last request: 0.000017 seconds.
  path: Assets/Asset/Simple UI/Simple Vector Icons/128px/UI_Icon_Shuffle.png
  artifactKey: Guid(1188ef83168d74301a665144c5c45882) Importer(2089858483,d624ce77472d68a35037170ec1d2d27e)
Start importing Assets/Asset/Simple UI/Simple Vector Icons/128px/UI_Icon_Shuffle.png using Guid(1188ef83168d74301a665144c5c45882) Importer(2089858483,d624ce77472d68a35037170ec1d2d27e) (ScriptedImporter) -> (artifact id: '4c126679e40817644ecae187fd9f6224') in 0.0123384 seconds
Number of updated asset objects reloaded before import = 0Number of asset objects unloaded after import = 3

========================================================================
Received Import Request.
  Time since last request: 0.000023 seconds.
  path: Assets/Asset/Cartoon Temple Building Kit/Fbx/Ground +/Ground + Mix Flat/Ground + Mix 2x4 Flat.fbx
  artifactKey: Guid(ae408dbc2c71b18469be80ca4b4ee322) Importer(2089858483,d624ce77472d68a35037170ec1d2d27e)
Start importing Assets/Asset/Cartoon Temple Building Kit/Fbx/Ground +/Ground + Mix Flat/Ground + Mix 2x4 Flat.fbx using Guid(ae408dbc2c71b18469be80ca4b4ee322) Importer(2089858483,d624ce77472d68a35037170ec1d2d27e) (ScriptedImporter) -> (artifact id: 'dd0cc38f6419ad08f010b3e744b17d28') in 0.0148403 seconds
Number of updated asset objects reloaded before import = 0Number of asset objects unloaded after import = 8

========================================================================
Received Import Request.
  Time since last request: 0.000016 seconds.
  path: Assets/Asset/Simple UI/Simple Vector Icons/128px/UI_Icon_Compass.png
  artifactKey: Guid(16a47246152fe48cbb57a8aa706009d9) Importer(2089858483,d624ce77472d68a35037170ec1d2d27e)
Start importing Assets/Asset/Simple UI/Simple Vector Icons/128px/UI_Icon_Compass.png using Guid(16a47246152fe48cbb57a8aa706009d9) Importer(2089858483,d624ce77472d68a35037170ec1d2d27e) (ScriptedImporter) -> (artifact id: '5f7643f3cb2f6c1bb41c0e2346301f61') in 0.0124326 seconds
Number of updated asset objects reloaded before import = 0Number of asset objects unloaded after import = 3

========================================================================
Received Import Request.
  Time since last request: 0.000013 seconds.
  path: Assets/Asset/Simple UI/Simple Vector Icons/128px/UI_Icon_FaithIslam.png
  artifactKey: Guid(d3b2d6922dd4440718c229905d8659e4) Importer(2089858483,d624ce77472d68a35037170ec1d2d27e)
Start importing Assets/Asset/Simple UI/Simple Vector Icons/128px/UI_Icon_FaithIslam.png using Guid(d3b2d6922dd4440718c229905d8659e4) Importer(2089858483,d624ce77472d68a35037170ec1d2d27e) (ScriptedImporter) -> (artifact id: '141cce9f8df92eb39e66afd1ec44ae00') in 0.0146026 seconds
Number of updated asset objects reloaded before import = 0Number of asset objects unloaded after import = 3

========================================================================
Received Import Request.
  Time since last request: 0.000012 seconds.
  path: Assets/Asset/Simple UI/Simple Vector Icons/128px/UI_Icon_BtnXboxBRound.png
  artifactKey: Guid(514453681a5c149ea80a3cc34802c9c4) Importer(2089858483,d624ce77472d68a35037170ec1d2d27e)
Start importing Assets/Asset/Simple UI/Simple Vector Icons/128px/UI_Icon_BtnXboxBRound.png using Guid(514453681a5c149ea80a3cc34802c9c4) Importer(2089858483,d624ce77472d68a35037170ec1d2d27e) (ScriptedImporter) -> (artifact id: '3cbcad56fec5b12f83f54063de7ff93d') in 0.0139894 seconds
Number of updated asset objects reloaded before import = 0Number of asset objects unloaded after import = 3

========================================================================
Received Import Request.
  Time since last request: 0.000016 seconds.
  path: Assets/Asset/Cartoon Temple Building Kit/Fbx/Decorative/Idol/Idol 4.fbx
  artifactKey: Guid(93b7b76219c31404ea0ccc922f052e7e) Importer(2089858483,d624ce77472d68a35037170ec1d2d27e)
Start importing Assets/Asset/Cartoon Temple Building Kit/Fbx/Decorative/Idol/Idol 4.fbx using Guid(93b7b76219c31404ea0ccc922f052e7e) Importer(2089858483,d624ce77472d68a35037170ec1d2d27e) (ScriptedImporter) -> (artifact id: 'fb4bcbf8bf826ca26b51b1c97df1b72e') in 0.0162794 seconds
Number of updated asset objects reloaded before import = 0Number of asset objects unloaded after import = 8

========================================================================
Received Import Request.
  Time since last request: 0.000014 seconds.
  path: Assets/Asset/Cartoon Temple Building Kit/Fbx/Decorative/FloorBlocks Corners Walls/Floor Blocks 8.fbx
  artifactKey: Guid(3c00df415726a164daf4b84048ef8059) Importer(2089858483,d624ce77472d68a35037170ec1d2d27e)
Start importing Assets/Asset/Cartoon Temple Building Kit/Fbx/Decorative/FloorBlocks Corners Walls/Floor Blocks 8.fbx using Guid(3c00df415726a164daf4b84048ef8059) Importer(2089858483,d624ce77472d68a35037170ec1d2d27e) (ScriptedImporter) -> (artifact id: '81b596c2660cbf2d5b10035daae44a3d') in 0.0134925 seconds
Number of updated asset objects reloaded before import = 0Number of asset objects unloaded after import = 8

========================================================================
Received Import Request.
  Time since last request: 0.000015 seconds.
  path: Assets/Asset/Cartoon Temple Building Kit/Fbx/Ground X/Ground X Bright/Ground X Bright 4x2.fbx
  artifactKey: Guid(085a02db40ed4e842b2dd9bbd8ec086f) Importer(2089858483,d624ce77472d68a35037170ec1d2d27e)
Start importing Assets/Asset/Cartoon Temple Building Kit/Fbx/Ground X/Ground X Bright/Ground X Bright 4x2.fbx using Guid(085a02db40ed4e842b2dd9bbd8ec086f) Importer(2089858483,d624ce77472d68a35037170ec1d2d27e) (ScriptedImporter) -> (artifact id: '84e71280f9226f97fdaf5eb45172617b') in 0.0150341 seconds
Number of updated asset objects reloaded before import = 0Number of asset objects unloaded after import = 8

========================================================================
Received Import Request.
  Time since last request: 0.000014 seconds.
  path: Assets/Asset/Cartoon Temple Building Kit/Fbx/Decorative/FloorBlocks Corners Walls/Floor Blocks 19.fbx
  artifactKey: Guid(b5f3fee1d0096d34c93488bcfc76d40c) Importer(2089858483,d624ce77472d68a35037170ec1d2d27e)
Start importing Assets/Asset/Cartoon Temple Building Kit/Fbx/Decorative/FloorBlocks Corners Walls/Floor Blocks 19.fbx using Guid(b5f3fee1d0096d34c93488bcfc76d40c) Importer(2089858483,d624ce77472d68a35037170ec1d2d27e) (ScriptedImporter) -> (artifact id: '645735f20b989010f813d565b1458790') in 0.0139956 seconds
Number of updated asset objects reloaded before import = 0Number of asset objects unloaded after import = 8

========================================================================
Received Import Request.
  Time since last request: 0.000015 seconds.
  path: Assets/Asset/Simple UI/Simple Vector Icons/128px/UI_Icon_Infinite.png
  artifactKey: Guid(b01851fbf075740e18cbd6784af5bcc3) Importer(2089858483,d624ce77472d68a35037170ec1d2d27e)
Start importing Assets/Asset/Simple UI/Simple Vector Icons/128px/UI_Icon_Infinite.png using Guid(b01851fbf075740e18cbd6784af5bcc3) Importer(2089858483,d624ce77472d68a35037170ec1d2d27e) (ScriptedImporter) -> (artifact id: 'a28e863190596c833ecacd60e847b537') in 0.0181692 seconds
Number of updated asset objects reloaded before import = 0Number of asset objects unloaded after import = 3

========================================================================
Received Import Request.
  Time since last request: 0.000014 seconds.
  path: Assets/Asset/Cartoon Temple Building Kit/Fbx/Decorative/FloorBlocks Corners Walls/Block Ruin Wall 7.fbx
  artifactKey: Guid(63e1381ee4975944a8165a022ecde87c) Importer(2089858483,d624ce77472d68a35037170ec1d2d27e)
Start importing Assets/Asset/Cartoon Temple Building Kit/Fbx/Decorative/FloorBlocks Corners Walls/Block Ruin Wall 7.fbx using Guid(63e1381ee4975944a8165a022ecde87c) Importer(2089858483,d624ce77472d68a35037170ec1d2d27e) (ScriptedImporter) -> (artifact id: 'baa0e25d0b6588dbd3cf760e04975858') in 0.0140331 seconds
Number of updated asset objects reloaded before import = 0Number of asset objects unloaded after import = 8

========================================================================
Received Import Request.
  Time since last request: 0.000016 seconds.
  path: Assets/Asset/Simple UI/Simple Vector Icons/128px/UI_Icon_Sleep.png
  artifactKey: Guid(1db8125b589004385b0a61e2935fcbbf) Importer(2089858483,d624ce77472d68a35037170ec1d2d27e)
Start importing Assets/Asset/Simple UI/Simple Vector Icons/128px/UI_Icon_Sleep.png using Guid(1db8125b589004385b0a61e2935fcbbf) Importer(2089858483,d624ce77472d68a35037170ec1d2d27e) (ScriptedImporter) -> (artifact id: 'f6953eaafb65cab1fb322fb488a2c6a4') in 0.013017 seconds
Number of updated asset objects reloaded before import = 0Number of asset objects unloaded after import = 3

========================================================================
Received Import Request.
  Time since last request: 0.000013 seconds.
  path: Assets/Asset/Cartoon Temple Building Kit/Fbx/Ground Path/Ground Path/Ground Path T.fbx
  artifactKey: Guid(b898a5e73bd959d4f84d9053155c0783) Importer(2089858483,d624ce77472d68a35037170ec1d2d27e)
Start importing Assets/Asset/Cartoon Temple Building Kit/Fbx/Ground Path/Ground Path/Ground Path T.fbx using Guid(b898a5e73bd959d4f84d9053155c0783) Importer(2089858483,d624ce77472d68a35037170ec1d2d27e) (ScriptedImporter) -> (artifact id: '6a49ed354b78d941b760b94eb4951f4d') in 0.0157016 seconds
Number of updated asset objects reloaded before import = 0Number of asset objects unloaded after import = 8

========================================================================
Received Import Request.
  Time since last request: 0.000017 seconds.
  path: Assets/Asset/Simple UI/Simple Vector Icons/128px/UI_Icon_BtnXboxY.png
  artifactKey: Guid(db911fc10f4c343af9f1d1b1968c37b9) Importer(2089858483,d624ce77472d68a35037170ec1d2d27e)
Start importing Assets/Asset/Simple UI/Simple Vector Icons/128px/UI_Icon_BtnXboxY.png using Guid(db911fc10f4c343af9f1d1b1968c37b9) Importer(2089858483,d624ce77472d68a35037170ec1d2d27e) (ScriptedImporter) -> (artifact id: '428c3e08e9dac241505d111c067755a5') in 0.0142804 seconds
Number of updated asset objects reloaded before import = 0Number of asset objects unloaded after import = 3

========================================================================
Received Import Request.
  Time since last request: 0.000013 seconds.
  path: Assets/Asset/Standard Assets/CrossPlatformInput/Sprites/ButtonArrowOverSprite.png
  artifactKey: Guid(49b611e658efbf443b686a4036f74fe3) Importer(2089858483,d624ce77472d68a35037170ec1d2d27e)
Start importing Assets/Asset/Standard Assets/CrossPlatformInput/Sprites/ButtonArrowOverSprite.png using Guid(49b611e658efbf443b686a4036f74fe3) Importer(2089858483,d624ce77472d68a35037170ec1d2d27e) (ScriptedImporter) -> (artifact id: '09303a0f6db835b6ddfadb7537b9057e') in 0.0120881 seconds
Number of updated asset objects reloaded before import = 0Number of asset objects unloaded after import = 3

========================================================================
Received Import Request.
  Time since last request: 0.000015 seconds.
  path: Assets/Asset/Simple UI/Simple Vector Icons/128px/UI_Icon_InvCloak.png
  artifactKey: Guid(278d18f832c934f9583b82edf8649a9e) Importer(2089858483,d624ce77472d68a35037170ec1d2d27e)
Start importing Assets/Asset/Simple UI/Simple Vector Icons/128px/UI_Icon_InvCloak.png using Guid(278d18f832c934f9583b82edf8649a9e) Importer(2089858483,d624ce77472d68a35037170ec1d2d27e) (ScriptedImporter) -> (artifact id: 'cff230de894faa77ebc1d33036e1fa36') in 0.0127813 seconds
Number of updated asset objects reloaded before import = 0Number of asset objects unloaded after import = 3

========================================================================
Received Import Request.
  Time since last request: 0.000019 seconds.
  path: Assets/Asset/Cartoon Temple Building Kit/Fbx/Decorative/Idol/Idol 2.fbx
  artifactKey: Guid(427d75166801df642a5eb06c042e4049) Importer(2089858483,d624ce77472d68a35037170ec1d2d27e)
Start importing Assets/Asset/Cartoon Temple Building Kit/Fbx/Decorative/Idol/Idol 2.fbx using Guid(427d75166801df642a5eb06c042e4049) Importer(2089858483,d624ce77472d68a35037170ec1d2d27e) (ScriptedImporter) -> (artifact id: 'f8adb5a5feac5f24f63e21b5f58b1333') in 0.0123978 seconds
Number of updated asset objects reloaded before import = 0Number of asset objects unloaded after import = 8

========================================================================
Received Import Request.
  Time since last request: 0.000013 seconds.
  path: Assets/Asset/Cartoon Temple Building Kit/Fbx/Ground +/Ground + Bright Flat/Ground + Flat Bright 1x8.fbx
  artifactKey: Guid(b059ee1f48d428d4daa71dfdaa9f6c6b) Importer(2089858483,d624ce77472d68a35037170ec1d2d27e)
Start importing Assets/Asset/Cartoon Temple Building Kit/Fbx/Ground +/Ground + Bright Flat/Ground + Flat Bright 1x8.fbx using Guid(b059ee1f48d428d4daa71dfdaa9f6c6b) Importer(2089858483,d624ce77472d68a35037170ec1d2d27e) (ScriptedImporter) -> (artifact id: '1ac12e54d1453cc61267b15a8ef486cd') in 0.0147102 seconds
Number of updated asset objects reloaded before import = 0Number of asset objects unloaded after import = 8

========================================================================
Received Import Request.
  Time since last request: 0.000012 seconds.
  path: Assets/Asset/Simple UI/Simple Vector Icons/128px/UI_Icon_BtnXboxXRound.png
  artifactKey: Guid(aca5053f6a0434f8881d370a7094b82d) Importer(2089858483,d624ce77472d68a35037170ec1d2d27e)
Start importing Assets/Asset/Simple UI/Simple Vector Icons/128px/UI_Icon_BtnXboxXRound.png using Guid(aca5053f6a0434f8881d370a7094b82d) Importer(2089858483,d624ce77472d68a35037170ec1d2d27e) (ScriptedImporter) -> (artifact id: '83ba2b8ad13703db7091db2406b55c7a') in 0.012629 seconds
Number of updated asset objects reloaded before import = 0Number of asset objects unloaded after import = 3

========================================================================
Received Import Request.
  Time since last request: 0.000013 seconds.
  path: Assets/Asset/Simple UI/Simple Vector Icons/128px/UI_Icon_MicOn.png
  artifactKey: Guid(0a221a01ffb194072b4c1457b5435e5b) Importer(2089858483,d624ce77472d68a35037170ec1d2d27e)
Start importing Assets/Asset/Simple UI/Simple Vector Icons/128px/UI_Icon_MicOn.png using Guid(0a221a01ffb194072b4c1457b5435e5b) Importer(2089858483,d624ce77472d68a35037170ec1d2d27e) (ScriptedImporter) -> (artifact id: 'd3da15ddfdc9eac75a260cf38de8fb25') in 0.0135877 seconds
Number of updated asset objects reloaded before import = 0Number of asset objects unloaded after import = 3

========================================================================
Received Import Request.
  Time since last request: 0.000014 seconds.
  path: Assets/Asset/Simple UI/Simple Vector Icons/128px/UI_Icon_InvPants.png
  artifactKey: Guid(511ce488dc0504d599904b66842443e2) Importer(2089858483,d624ce77472d68a35037170ec1d2d27e)
Start importing Assets/Asset/Simple UI/Simple Vector Icons/128px/UI_Icon_InvPants.png using Guid(511ce488dc0504d599904b66842443e2) Importer(2089858483,d624ce77472d68a35037170ec1d2d27e) (ScriptedImporter) -> (artifact id: '3db9e6bdbfcc1a72bdfd5d7b9ecbd6cd') in 0.0171851 seconds
Number of updated asset objects reloaded before import = 0Number of asset objects unloaded after import = 3

========================================================================
Received Import Request.
  Time since last request: 0.000013 seconds.
  path: Assets/Asset/Simple UI/Simple Vector Icons/128px/UI_Icon_SmileyHappy.png
  artifactKey: Guid(0847850ae17ff4ba2bcfcbd337da4f69) Importer(2089858483,d624ce77472d68a35037170ec1d2d27e)
Start importing Assets/Asset/Simple UI/Simple Vector Icons/128px/UI_Icon_SmileyHappy.png using Guid(0847850ae17ff4ba2bcfcbd337da4f69) Importer(2089858483,d624ce77472d68a35037170ec1d2d27e) (ScriptedImporter) -> (artifact id: '42a96fc7463dfcf2b70dc911dbfb2453') in 0.012376 seconds
Number of updated asset objects reloaded before import = 0Number of asset objects unloaded after import = 3

========================================================================
Received Import Request.
  Time since last request: 0.000013 seconds.
  path: Assets/Asset/Simple UI/Simple Vector Icons/128px/UI_Icon_DeviceComputer.png
  artifactKey: Guid(aa017c9ee3f694ebfac54655d82af33b) Importer(2089858483,d624ce77472d68a35037170ec1d2d27e)
Start importing Assets/Asset/Simple UI/Simple Vector Icons/128px/UI_Icon_DeviceComputer.png using Guid(aa017c9ee3f694ebfac54655d82af33b) Importer(2089858483,d624ce77472d68a35037170ec1d2d27e) (ScriptedImporter) -> (artifact id: 'd8340b392bcbb3d1fa62d55a7dc77cdf') in 0.0113147 seconds
Number of updated asset objects reloaded before import = 0Number of asset objects unloaded after import = 3

========================================================================
Received Import Request.
  Time since last request: 0.000012 seconds.
  path: Assets/Asset/Cartoon Temple Building Kit/Fbx/Decorative/FloorBlocks Corners Walls/Corner Blocks 2.fbx
  artifactKey: Guid(5aa754a3f83fb2a4088c10e639ca2c1d) Importer(2089858483,d624ce77472d68a35037170ec1d2d27e)
Start importing Assets/Asset/Cartoon Temple Building Kit/Fbx/Decorative/FloorBlocks Corners Walls/Corner Blocks 2.fbx using Guid(5aa754a3f83fb2a4088c10e639ca2c1d) Importer(2089858483,d624ce77472d68a35037170ec1d2d27e) (ScriptedImporter) -> (artifact id: '1c0efc69a177e52551971193d957c4ed') in 0.0128833 seconds
Number of updated asset objects reloaded before import = 0Number of asset objects unloaded after import = 8

========================================================================
Received Import Request.
  Time since last request: 0.000013 seconds.
  path: Assets/Asset/Simple UI/Simple Vector Icons/128px/UI_Icon_Skull.png
  artifactKey: Guid(450e0fb9d04cc4ad6b5ee0226f3e1ea2) Importer(2089858483,d624ce77472d68a35037170ec1d2d27e)
Start importing Assets/Asset/Simple UI/Simple Vector Icons/128px/UI_Icon_Skull.png using Guid(450e0fb9d04cc4ad6b5ee0226f3e1ea2) Importer(2089858483,d624ce77472d68a35037170ec1d2d27e) (ScriptedImporter) -> (artifact id: '9029cd5c7b024673d30b1d42496e00f1') in 0.0124552 seconds
Number of updated asset objects reloaded before import = 0Number of asset objects unloaded after import = 3

========================================================================
Received Import Request.
  Time since last request: 0.000013 seconds.
  path: Assets/Asset/Cartoon Temple Building Kit/Fbx/Ground X/Ground X Bright/Ground X Bright 2x4.fbx
  artifactKey: Guid(626b4d737792f1b4db8d8939aafbce5e) Importer(2089858483,d624ce77472d68a35037170ec1d2d27e)
Start importing Assets/Asset/Cartoon Temple Building Kit/Fbx/Ground X/Ground X Bright/Ground X Bright 2x4.fbx using Guid(626b4d737792f1b4db8d8939aafbce5e) Importer(2089858483,d624ce77472d68a35037170ec1d2d27e) (ScriptedImporter) -> (artifact id: 'a82a4f35397716bdbf696213a48fd111') in 0.0157664 seconds
Number of updated asset objects reloaded before import = 0Number of asset objects unloaded after import = 8

========================================================================
Received Import Request.
  Time since last request: 0.000017 seconds.
  path: Assets/Asset/Standard Assets/CrossPlatformInput/Sprites/ButtonAcceleratorUpSprite.png
  artifactKey: Guid(f588d850485d0ae479d73cf3bd0b7b00) Importer(2089858483,d624ce77472d68a35037170ec1d2d27e)
Start importing Assets/Asset/Standard Assets/CrossPlatformInput/Sprites/ButtonAcceleratorUpSprite.png using Guid(f588d850485d0ae479d73cf3bd0b7b00) Importer(2089858483,d624ce77472d68a35037170ec1d2d27e) (ScriptedImporter) -> (artifact id: '730f272a08ac72ebe358555d99f5659e') in 0.0158857 seconds
Number of updated asset objects reloaded before import = 0Number of asset objects unloaded after import = 3

========================================================================
Received Import Request.
  Time since last request: 0.000012 seconds.
  path: Assets/Asset/Simple UI/Simple Vector Icons/128px/UI_Icon_TurnLeft.png
  artifactKey: Guid(88861aff7ce224fbb87f6ff59459a6e7) Importer(2089858483,d624ce77472d68a35037170ec1d2d27e)
Start importing Assets/Asset/Simple UI/Simple Vector Icons/128px/UI_Icon_TurnLeft.png using Guid(88861aff7ce224fbb87f6ff59459a6e7) Importer(2089858483,d624ce77472d68a35037170ec1d2d27e) (ScriptedImporter) -> (artifact id: 'ffd5717f7b979d8220be82e73d7f375c') in 0.0129225 seconds
Number of updated asset objects reloaded before import = 0Number of asset objects unloaded after import = 3

========================================================================
Received Import Request.
  Time since last request: 0.000016 seconds.
  path: Assets/Asset/Simple UI/Simple Vector Icons/128px/UI_Icon_Merge.png
  artifactKey: Guid(f48619531958b42c6ba520ae88fb8333) Importer(2089858483,d624ce77472d68a35037170ec1d2d27e)
Start importing Assets/Asset/Simple UI/Simple Vector Icons/128px/UI_Icon_Merge.png using Guid(f48619531958b42c6ba520ae88fb8333) Importer(2089858483,d624ce77472d68a35037170ec1d2d27e) (ScriptedImporter) -> (artifact id: '8557ff36c4cddf471eb040e72cff7bf7') in 0.0146923 seconds
Number of updated asset objects reloaded before import = 0Number of asset objects unloaded after import = 3

========================================================================
Received Import Request.
  Time since last request: 0.000016 seconds.
  path: Assets/Asset/Simple UI/Simple Vector Icons/128px/UI_Icon_LockUnlocked.png
  artifactKey: Guid(7b7b34ac073474b02b8969c15d49d01d) Importer(2089858483,d624ce77472d68a35037170ec1d2d27e)
Start importing Assets/Asset/Simple UI/Simple Vector Icons/128px/UI_Icon_LockUnlocked.png using Guid(7b7b34ac073474b02b8969c15d49d01d) Importer(2089858483,d624ce77472d68a35037170ec1d2d27e) (ScriptedImporter) -> (artifact id: '1e601f28c502c8a94929e76fb9bd2d5a') in 0.0157013 seconds
Number of updated asset objects reloaded before import = 0Number of asset objects unloaded after import = 3

========================================================================
Received Import Request.
  Time since last request: 0.000014 seconds.
  path: Assets/Asset/Simple UI/Simple Vector Icons/128px/UI_Icon_Settings.png
  artifactKey: Guid(be652a86bfecb40f8a9991e2ac107307) Importer(2089858483,d624ce77472d68a35037170ec1d2d27e)
Start importing Assets/Asset/Simple UI/Simple Vector Icons/128px/UI_Icon_Settings.png using Guid(be652a86bfecb40f8a9991e2ac107307) Importer(2089858483,d624ce77472d68a35037170ec1d2d27e) (ScriptedImporter) -> (artifact id: '91551950c257e912fb747cb8f8f5a18c') in 0.0164576 seconds
Number of updated asset objects reloaded before import = 0Number of asset objects unloaded after import = 3

========================================================================
Received Import Request.
  Time since last request: 0.000015 seconds.
  path: Assets/Asset/Cartoon Temple Building Kit/Fbx/Decorative/FloorBlocks Corners Walls/Block Ruin Wall 5.fbx
  artifactKey: Guid(ac25258218a30bc4d94a689c57b78c37) Importer(2089858483,d624ce77472d68a35037170ec1d2d27e)
Start importing Assets/Asset/Cartoon Temple Building Kit/Fbx/Decorative/FloorBlocks Corners Walls/Block Ruin Wall 5.fbx using Guid(ac25258218a30bc4d94a689c57b78c37) Importer(2089858483,d624ce77472d68a35037170ec1d2d27e) (ScriptedImporter) -> (artifact id: 'a3dca700c9cd91144c08efc2426781b6') in 0.0144135 seconds
Number of updated asset objects reloaded before import = 0Number of asset objects unloaded after import = 8

========================================================================
Received Import Request.
  Time since last request: 0.000020 seconds.
  path: Assets/Asset/Simple UI/Simple Vector Icons/128px/UI_Icon_FileFolder.png
  artifactKey: Guid(4054f9945059b46e988e8b853c338b37) Importer(2089858483,d624ce77472d68a35037170ec1d2d27e)
Start importing Assets/Asset/Simple UI/Simple Vector Icons/128px/UI_Icon_FileFolder.png using Guid(4054f9945059b46e988e8b853c338b37) Importer(2089858483,d624ce77472d68a35037170ec1d2d27e) (ScriptedImporter) -> (artifact id: '68d32a009d53d785f1e6246c99171532') in 0.0118362 seconds
Number of updated asset objects reloaded before import = 0Number of asset objects unloaded after import = 3

========================================================================
Received Import Request.
  Time since last request: 0.000013 seconds.
  path: Assets/Asset/Cartoon Temple Building Kit/Fbx/Decorative/FloorBlocks Corners Walls/Floor Blocks 17.fbx
  artifactKey: Guid(1a257a673c3553a44a9802df278bcfbd) Importer(2089858483,d624ce77472d68a35037170ec1d2d27e)
Start importing Assets/Asset/Cartoon Temple Building Kit/Fbx/Decorative/FloorBlocks Corners Walls/Floor Blocks 17.fbx using Guid(1a257a673c3553a44a9802df278bcfbd) Importer(2089858483,d624ce77472d68a35037170ec1d2d27e) (ScriptedImporter) -> (artifact id: '49eb1bf1ab3fa19dc60bd19d249411dc') in 0.0126876 seconds
Number of updated asset objects reloaded before import = 0Number of asset objects unloaded after import = 8

========================================================================
Received Import Request.
  Time since last request: 0.000013 seconds.
  path: Assets/Asset/Simple UI/Simple Vector Icons/128px/UI_Icon_Invisible.png
  artifactKey: Guid(34da03ad02a0a40b79dff03d3660be7b) Importer(2089858483,d624ce77472d68a35037170ec1d2d27e)
Start importing Assets/Asset/Simple UI/Simple Vector Icons/128px/UI_Icon_Invisible.png using Guid(34da03ad02a0a40b79dff03d3660be7b) Importer(2089858483,d624ce77472d68a35037170ec1d2d27e) (ScriptedImporter) -> (artifact id: 'b4196ed7ac9b24d63173390f82fc9e1a') in 0.0118864 seconds
Number of updated asset objects reloaded before import = 0Number of asset objects unloaded after import = 3

========================================================================
Received Import Request.
  Time since last request: 0.000016 seconds.
  path: Assets/Asset/Cartoon Temple Building Kit/Fbx/Ground +/Ground + Dark Flat/Ground + Dark 1x2 Flat.fbx
  artifactKey: Guid(45131023ecfae1f41b21e3723bb4320d) Importer(2089858483,d624ce77472d68a35037170ec1d2d27e)
Start importing Assets/Asset/Cartoon Temple Building Kit/Fbx/Ground +/Ground + Dark Flat/Ground + Dark 1x2 Flat.fbx using Guid(45131023ecfae1f41b21e3723bb4320d) Importer(2089858483,d624ce77472d68a35037170ec1d2d27e) (ScriptedImporter) -> (artifact id: 'ebb3cc84592f40554d4a6b6826cce19c') in 0.0179795 seconds
Number of updated asset objects reloaded before import = 0Number of asset objects unloaded after import = 8

========================================================================
Received Import Request.
  Time since last request: 0.000014 seconds.
  path: Assets/Asset/Simple UI/Simple Vector Icons/128px/UI_Icon_SoundOn.png
  artifactKey: Guid(7db0a4c4352f94ef7912e72af584e793) Importer(2089858483,d624ce77472d68a35037170ec1d2d27e)
Start importing Assets/Asset/Simple UI/Simple Vector Icons/128px/UI_Icon_SoundOn.png using Guid(7db0a4c4352f94ef7912e72af584e793) Importer(2089858483,d624ce77472d68a35037170ec1d2d27e) (ScriptedImporter) -> (artifact id: '95dd0f8af79dba35b93c74df81ce14d5') in 0.0191869 seconds
Number of updated asset objects reloaded before import = 0Number of asset objects unloaded after import = 3

========================================================================
Received Import Request.
  Time since last request: 0.000013 seconds.
  path: Assets/Asset/Cartoon Temple Building Kit/Fbx/Decorative/FloorBlocks Corners Walls/Floor Blocks 7.fbx
  artifactKey: Guid(635910086e1c5b5438aea224731c1266) Importer(2089858483,d624ce77472d68a35037170ec1d2d27e)
Start importing Assets/Asset/Cartoon Temple Building Kit/Fbx/Decorative/FloorBlocks Corners Walls/Floor Blocks 7.fbx using Guid(635910086e1c5b5438aea224731c1266) Importer(2089858483,d624ce77472d68a35037170ec1d2d27e) (ScriptedImporter) -> (artifact id: 'cc4429672f3ea66af77844422a72df9c') in 0.0145087 seconds
Number of updated asset objects reloaded before import = 0Number of asset objects unloaded after import = 8

========================================================================
Received Import Request.
  Time since last request: 0.000013 seconds.
  path: Assets/Asset/Simple UI/Simple Vector Icons/128px/UI_Icon_Energy.png
  artifactKey: Guid(d868f2043e783499687e4cdb30517b16) Importer(2089858483,d624ce77472d68a35037170ec1d2d27e)
Start importing Assets/Asset/Simple UI/Simple Vector Icons/128px/UI_Icon_Energy.png using Guid(d868f2043e783499687e4cdb30517b16) Importer(2089858483,d624ce77472d68a35037170ec1d2d27e) (ScriptedImporter) -> (artifact id: '0be13ce02d7ce49d47f19a16596932d9') in 0.0131294 seconds
Number of updated asset objects reloaded before import = 0Number of asset objects unloaded after import = 3

========================================================================
Received Import Request.
  Time since last request: 0.000013 seconds.
  path: Assets/Asset/Standard Assets/CrossPlatformInput/Sprites/ButtonThumbstickOverSprite.png
  artifactKey: Guid(5485e2f56028a3c4cb54f5caa167377e) Importer(2089858483,d624ce77472d68a35037170ec1d2d27e)
Start importing Assets/Asset/Standard Assets/CrossPlatformInput/Sprites/ButtonThumbstickOverSprite.png using Guid(5485e2f56028a3c4cb54f5caa167377e) Importer(2089858483,d624ce77472d68a35037170ec1d2d27e) (ScriptedImporter) -> (artifact id: '7654d29cf348ee99355b61265bd5fbd0') in 0.0122193 seconds
Number of updated asset objects reloaded before import = 0Number of asset objects unloaded after import = 3

========================================================================
Received Import Request.
  Time since last request: 0.000013 seconds.
  path: Assets/Asset/Cartoon Temple Building Kit/Fbx/Decorative/FloorBlocks Corners Walls/Block Ruin Wall 2.fbx
  artifactKey: Guid(87cd5bd9f7c929e46b7205cfb8c13ddf) Importer(2089858483,d624ce77472d68a35037170ec1d2d27e)
Start importing Assets/Asset/Cartoon Temple Building Kit/Fbx/Decorative/FloorBlocks Corners Walls/Block Ruin Wall 2.fbx using Guid(87cd5bd9f7c929e46b7205cfb8c13ddf) Importer(2089858483,d624ce77472d68a35037170ec1d2d27e) (ScriptedImporter) -> (artifact id: 'b317b894c1e2f89465239a9aa43f4332') in 0.013642 seconds
Number of updated asset objects reloaded before import = 0Number of asset objects unloaded after import = 8

========================================================================
Received Import Request.
  Time since last request: 0.000015 seconds.
  path: Assets/Asset/Simple UI/Simple Vector Icons/128px/UI_Icon_CurrencyWon.png
  artifactKey: Guid(a5e1cc7e61f094be9bc8bd35cf52a411) Importer(2089858483,d624ce77472d68a35037170ec1d2d27e)
Start importing Assets/Asset/Simple UI/Simple Vector Icons/128px/UI_Icon_CurrencyWon.png using Guid(a5e1cc7e61f094be9bc8bd35cf52a411) Importer(2089858483,d624ce77472d68a35037170ec1d2d27e) (ScriptedImporter) -> (artifact id: '7cb62fe2b4dfeebb685248add2494a51') in 0.0175607 seconds
Number of updated asset objects reloaded before import = 0Number of asset objects unloaded after import = 3

========================================================================
Received Import Request.
  Time since last request: 0.000014 seconds.
  path: Assets/Asset/Simple UI/Simple Vector Icons/128px/UI_Icon_LockLocked.png
  artifactKey: Guid(b11885c99927248a3b672b99a6e838c2) Importer(2089858483,d624ce77472d68a35037170ec1d2d27e)
Start importing Assets/Asset/Simple UI/Simple Vector Icons/128px/UI_Icon_LockLocked.png using Guid(b11885c99927248a3b672b99a6e838c2) Importer(2089858483,d624ce77472d68a35037170ec1d2d27e) (ScriptedImporter) -> (artifact id: '9d8ed207d55082126268480b2bfa79a7') in 0.0152918 seconds
Number of updated asset objects reloaded before import = 0Number of asset objects unloaded after import = 3

========================================================================
Received Import Request.
  Time since last request: 0.000015 seconds.
  path: Assets/Asset/Cartoon Temple Building Kit/Fbx/Decorative/Misc/Arrow.fbx
  artifactKey: Guid(c9b02959d9925c841a53742a92ad54aa) Importer(2089858483,d624ce77472d68a35037170ec1d2d27e)
Start importing Assets/Asset/Cartoon Temple Building Kit/Fbx/Decorative/Misc/Arrow.fbx using Guid(c9b02959d9925c841a53742a92ad54aa) Importer(2089858483,d624ce77472d68a35037170ec1d2d27e) (ScriptedImporter) -> (artifact id: 'a2de64eb17b8e0d99a1aaedeec273e15') in 0.0154857 seconds
Number of updated asset objects reloaded before import = 0Number of asset objects unloaded after import = 8

========================================================================
Received Import Request.
  Time since last request: 0.000017 seconds.
  path: Assets/Asset/Simple UI/Simple Vector Icons/128px/UI_Icon_Share.png
  artifactKey: Guid(a6a50a73746c64cc7a0f7dad33c33465) Importer(2089858483,d624ce77472d68a35037170ec1d2d27e)
Start importing Assets/Asset/Simple UI/Simple Vector Icons/128px/UI_Icon_Share.png using Guid(a6a50a73746c64cc7a0f7dad33c33465) Importer(2089858483,d624ce77472d68a35037170ec1d2d27e) (ScriptedImporter) -> (artifact id: '965c763cbc3b6d442e1c1672cc2e9572') in 0.0125861 seconds
Number of updated asset objects reloaded before import = 0Number of asset objects unloaded after import = 3

========================================================================
Received Import Request.
  Time since last request: 0.000013 seconds.
  path: Assets/Asset/Simple UI/Simple Vector Icons/128px/UI_Icon_OnOff.png
  artifactKey: Guid(e59038821f755425b80a80605919d6e6) Importer(2089858483,d624ce77472d68a35037170ec1d2d27e)
Start importing Assets/Asset/Simple UI/Simple Vector Icons/128px/UI_Icon_OnOff.png using Guid(e59038821f755425b80a80605919d6e6) Importer(2089858483,d624ce77472d68a35037170ec1d2d27e) (ScriptedImporter) -> (artifact id: '380b75b4289fe615c8c60b704dfdc28d') in 0.0116351 seconds
Number of updated asset objects reloaded before import = 0Number of asset objects unloaded after import = 3

========================================================================
Received Import Request.
  Time since last request: 0.000013 seconds.
  path: Assets/Asset/Simple UI/Simple Vector Icons/128px/UI_Icon_SocialTwitter1.png
  artifactKey: Guid(17c1ea275efa1420ba4a925029c4a021) Importer(2089858483,d624ce77472d68a35037170ec1d2d27e)
Start importing Assets/Asset/Simple UI/Simple Vector Icons/128px/UI_Icon_SocialTwitter1.png using Guid(17c1ea275efa1420ba4a925029c4a021) Importer(2089858483,d624ce77472d68a35037170ec1d2d27e) (ScriptedImporter) -> (artifact id: '7e5aefab515bb06dc9ba3f6fd6240888') in 0.0124951 seconds
Number of updated asset objects reloaded before import = 0Number of asset objects unloaded after import = 3

========================================================================
Received Import Request.
  Time since last request: 0.000014 seconds.
  path: Assets/Asset/Cartoon Temple Building Kit/Fbx/Ground +/Ground + Mix Flat/Ground + Mix 2x8 Flat.fbx
  artifactKey: Guid(1b46d64a9620c6748b6345fb6392fc9b) Importer(2089858483,d624ce77472d68a35037170ec1d2d27e)
Start importing Assets/Asset/Cartoon Temple Building Kit/Fbx/Ground +/Ground + Mix Flat/Ground + Mix 2x8 Flat.fbx using Guid(1b46d64a9620c6748b6345fb6392fc9b) Importer(2089858483,d624ce77472d68a35037170ec1d2d27e) (ScriptedImporter) -> (artifact id: '5c4921e5dc4e8a8fce4fd16ecc151fe7') in 0.0131921 seconds
Number of updated asset objects reloaded before import = 0Number of asset objects unloaded after import = 8

========================================================================
Received Import Request.
  Time since last request: 0.000019 seconds.
  path: Assets/Asset/Cartoon Temple Building Kit/Fbx/Ground +/Ground + Bright/Ground + Bright 8x8.fbx
  artifactKey: Guid(5246e1e4bc0300f47b95f05f5bb366d0) Importer(2089858483,d624ce77472d68a35037170ec1d2d27e)
Start importing Assets/Asset/Cartoon Temple Building Kit/Fbx/Ground +/Ground + Bright/Ground + Bright 8x8.fbx using Guid(5246e1e4bc0300f47b95f05f5bb366d0) Importer(2089858483,d624ce77472d68a35037170ec1d2d27e) (ScriptedImporter) -> (artifact id: '136aff763b9c4795eca9a4ce8b8030c1') in 0.0148788 seconds
Number of updated asset objects reloaded before import = 0Number of asset objects unloaded after import = 8

========================================================================
Received Import Request.
  Time since last request: 0.000013 seconds.
  path: Assets/Asset/Cartoon Temple Building Kit/Fbx/Decorative/FloorBlocks Corners Walls/Floor Blocks 14.fbx
  artifactKey: Guid(2b3468f786cc1d348858c4c10702db2a) Importer(2089858483,d624ce77472d68a35037170ec1d2d27e)
Start importing Assets/Asset/Cartoon Temple Building Kit/Fbx/Decorative/FloorBlocks Corners Walls/Floor Blocks 14.fbx using Guid(2b3468f786cc1d348858c4c10702db2a) Importer(2089858483,d624ce77472d68a35037170ec1d2d27e) (ScriptedImporter) -> (artifact id: '2fc2b577e7c93a0d2d355745f78da44e') in 0.0128243 seconds
Number of updated asset objects reloaded before import = 0Number of asset objects unloaded after import = 8

========================================================================
Received Import Request.
  Time since last request: 0.000015 seconds.
  path: Assets/Asset/Simple UI/Simple Vector Icons/128px/UI_Icon_Skip.png
  artifactKey: Guid(29d9397f3cbeb4e9daeb92cb64f06d53) Importer(2089858483,d624ce77472d68a35037170ec1d2d27e)
Start importing Assets/Asset/Simple UI/Simple Vector Icons/128px/UI_Icon_Skip.png using Guid(29d9397f3cbeb4e9daeb92cb64f06d53) Importer(2089858483,d624ce77472d68a35037170ec1d2d27e) (ScriptedImporter) -> (artifact id: '477aeef2a1b28ef4c91270e5d5dde278') in 0.0155365 seconds
Number of updated asset objects reloaded before import = 0Number of asset objects unloaded after import = 3

========================================================================
Received Import Request.
  Time since last request: 0.000013 seconds.
  path: Assets/Asset/Cartoon Temple Building Kit/Fbx/Ground Path/Ground Path Flat/Ground Path T Flat.fbx
  artifactKey: Guid(1979f291b77ee7445960064b863e22c4) Importer(2089858483,d624ce77472d68a35037170ec1d2d27e)
Start importing Assets/Asset/Cartoon Temple Building Kit/Fbx/Ground Path/Ground Path Flat/Ground Path T Flat.fbx using Guid(1979f291b77ee7445960064b863e22c4) Importer(2089858483,d624ce77472d68a35037170ec1d2d27e) (ScriptedImporter) -> (artifact id: '14e0d613ec06a74c35c8bfd04cc23775') in 0.0138003 seconds
Number of updated asset objects reloaded before import = 0Number of asset objects unloaded after import = 8

========================================================================
Received Import Request.
  Time since last request: 0.000013 seconds.
  path: Assets/Asset/Cartoon Temple Building Kit/Fbx/Ground X/Ground X Bright/Ground X Bright 4x1.fbx
  artifactKey: Guid(a86c1c2ab277c1341ae039fe6dd63286) Importer(2089858483,d624ce77472d68a35037170ec1d2d27e)
Start importing Assets/Asset/Cartoon Temple Building Kit/Fbx/Ground X/Ground X Bright/Ground X Bright 4x1.fbx using Guid(a86c1c2ab277c1341ae039fe6dd63286) Importer(2089858483,d624ce77472d68a35037170ec1d2d27e) (ScriptedImporter) -> (artifact id: 'efd7c01bc3d8257c02c751c49c4ef2a1') in 0.0155374 seconds
Number of updated asset objects reloaded before import = 0Number of asset objects unloaded after import = 8

========================================================================
Received Import Request.
  Time since last request: 0.000012 seconds.
  path: Assets/Asset/Simple UI/Simple Vector Icons/128px/UI_Icon_InvBelt.png
  artifactKey: Guid(1677cb219d55e44c49f41594977f7a69) Importer(2089858483,d624ce77472d68a35037170ec1d2d27e)
Start importing Assets/Asset/Simple UI/Simple Vector Icons/128px/UI_Icon_InvBelt.png using Guid(1677cb219d55e44c49f41594977f7a69) Importer(2089858483,d624ce77472d68a35037170ec1d2d27e) (ScriptedImporter) -> (artifact id: '94aee647a61f41de53e8658bab1a13d8') in 0.0123445 seconds
Number of updated asset objects reloaded before import = 0Number of asset objects unloaded after import = 3

========================================================================
Received Import Request.
  Time since last request: 0.000012 seconds.
  path: Assets/Asset/Cartoon Temple Building Kit/Fbx/Platforms Stairs Fences/Fences/Fence 3 Bright.fbx
  artifactKey: Guid(6b25121e107c24e4b8c07995804c5097) Importer(2089858483,d624ce77472d68a35037170ec1d2d27e)
Start importing Assets/Asset/Cartoon Temple Building Kit/Fbx/Platforms Stairs Fences/Fences/Fence 3 Bright.fbx using Guid(6b25121e107c24e4b8c07995804c5097) Importer(2089858483,d624ce77472d68a35037170ec1d2d27e) (ScriptedImporter) -> (artifact id: 'ea682d740e6aac53e7a6e68dfcd05c2a') in 0.0126529 seconds
Number of updated asset objects reloaded before import = 0Number of asset objects unloaded after import = 8

========================================================================
Received Import Request.
  Time since last request: 0.000013 seconds.
  path: Assets/Asset/Cartoon Temple Building Kit/Fbx/Platforms Stairs Fences/Platforms With Fence/Platform Fence 2x9x13.fbx
  artifactKey: Guid(2bf43842e4bbc1d4bad9e9480e02af26) Importer(2089858483,d624ce77472d68a35037170ec1d2d27e)
Start importing Assets/Asset/Cartoon Temple Building Kit/Fbx/Platforms Stairs Fences/Platforms With Fence/Platform Fence 2x9x13.fbx using Guid(2bf43842e4bbc1d4bad9e9480e02af26) Importer(2089858483,d624ce77472d68a35037170ec1d2d27e) (ScriptedImporter) -> (artifact id: 'fe296d774f11b38185a9a35b5f9cfbea') in 0.0154891 seconds
Number of updated asset objects reloaded before import = 0Number of asset objects unloaded after import = 8

========================================================================
Received Import Request.
  Time since last request: 0.000012 seconds.
  path: Assets/Asset/Cartoon Temple Building Kit/Fbx/Platforms Stairs Fences/Stairs/Stairs 4.fbx
  artifactKey: Guid(53bc171350d03594794c654bb3c8a9c8) Importer(2089858483,d624ce77472d68a35037170ec1d2d27e)
Start importing Assets/Asset/Cartoon Temple Building Kit/Fbx/Platforms Stairs Fences/Stairs/Stairs 4.fbx using Guid(53bc171350d03594794c654bb3c8a9c8) Importer(2089858483,d624ce77472d68a35037170ec1d2d27e) (ScriptedImporter) -> (artifact id: '554fcbbdb485026735e17fec2239f957') in 0.0136438 seconds
Number of updated asset objects reloaded before import = 0Number of asset objects unloaded after import = 8

========================================================================
Received Import Request.
  Time since last request: 0.000015 seconds.
  path: Assets/Asset/Cartoon Temple Building Kit/Fbx/Ground X/Ground X Bright Flat/Ground X Bright Flat 4x2.fbx
  artifactKey: Guid(3d350f9b59e2c4e4888cf026e6efc684) Importer(2089858483,d624ce77472d68a35037170ec1d2d27e)
Start importing Assets/Asset/Cartoon Temple Building Kit/Fbx/Ground X/Ground X Bright Flat/Ground X Bright Flat 4x2.fbx using Guid(3d350f9b59e2c4e4888cf026e6efc684) Importer(2089858483,d624ce77472d68a35037170ec1d2d27e) (ScriptedImporter) -> (artifact id: '88d71f74c8d675ef3498d5a54c0d1c74') in 0.0152936 seconds
Number of updated asset objects reloaded before import = 0Number of asset objects unloaded after import = 8

========================================================================
Received Import Request.
  Time since last request: 0.000014 seconds.
  path: Assets/Asset/Cartoon Temple Building Kit/Prefabs/Decorative Prefabs/Misc/Lantern With Orb.prefab
  artifactKey: Guid(605c5179c270f51458f90168a90b72a3) Importer(2089858483,d624ce77472d68a35037170ec1d2d27e)
Start importing Assets/Asset/Cartoon Temple Building Kit/Prefabs/Decorative Prefabs/Misc/Lantern With Orb.prefab using Guid(605c5179c270f51458f90168a90b72a3) Importer(2089858483,d624ce77472d68a35037170ec1d2d27e) (ScriptedImporter) -> (artifact id: 'c915f2fc2006baf0d2bb50bc525e88e3') in 0.0080067 seconds
Number of updated asset objects reloaded before import = 0Number of asset objects unloaded after import = 13

========================================================================
Received Import Request.
  Time since last request: 0.000014 seconds.
  path: Assets/Asset/Cartoon Temple Building Kit/Fbx/Ground X/Ground X Mix Flat/Ground X Mix Flat 4x4.fbx
  artifactKey: Guid(e544f206a98828c4589c5bcc61b61582) Importer(2089858483,d624ce77472d68a35037170ec1d2d27e)
Start importing Assets/Asset/Cartoon Temple Building Kit/Fbx/Ground X/Ground X Mix Flat/Ground X Mix Flat 4x4.fbx using Guid(e544f206a98828c4589c5bcc61b61582) Importer(2089858483,d624ce77472d68a35037170ec1d2d27e) (ScriptedImporter) -> (artifact id: '798de37ab89e65e0d66d9d591a88b4e7') in 0.0141797 seconds
Number of updated asset objects reloaded before import = 0Number of asset objects unloaded after import = 8

========================================================================
Received Import Request.
  Time since last request: 0.000017 seconds.
  path: Assets/Asset/Cartoon Temple Building Kit/Fbx/Ground X/Ground X Dark Flat/Ground X Dark Flat 4x2.fbx
  artifactKey: Guid(918416615ede9cd489ef0d4d52cee4b9) Importer(2089858483,d624ce77472d68a35037170ec1d2d27e)
Start importing Assets/Asset/Cartoon Temple Building Kit/Fbx/Ground X/Ground X Dark Flat/Ground X Dark Flat 4x2.fbx using Guid(918416615ede9cd489ef0d4d52cee4b9) Importer(2089858483,d624ce77472d68a35037170ec1d2d27e) (ScriptedImporter) -> (artifact id: '4177bbdb9005ee35f73374dad1eb8486') in 0.0159078 seconds
Number of updated asset objects reloaded before import = 0Number of asset objects unloaded after import = 8

========================================================================
Received Import Request.
  Time since last request: 0.000015 seconds.
  path: Assets/Asset/Cartoon Temple Building Kit/Fbx/Ground X/Ground X Dark/Ground X Dark 2x2.fbx
  artifactKey: Guid(3645770fffb76d9438b1844ffd2d67fc) Importer(2089858483,d624ce77472d68a35037170ec1d2d27e)
Start importing Assets/Asset/Cartoon Temple Building Kit/Fbx/Ground X/Ground X Dark/Ground X Dark 2x2.fbx using Guid(3645770fffb76d9438b1844ffd2d67fc) Importer(2089858483,d624ce77472d68a35037170ec1d2d27e) (ScriptedImporter) -> (artifact id: 'f00710f8f08eb86c4c06914a632a5844') in 0.0127498 seconds
Number of updated asset objects reloaded before import = 0Number of asset objects unloaded after import = 8

========================================================================
Received Import Request.
  Time since last request: 0.000015 seconds.
  path: Assets/Asset/Cartoon Temple Building Kit/Fbx/Ground X/Ground X Mix Flat/Ground X Mix Flat 2x2.fbx
  artifactKey: Guid(7cc6041068add7f4ca0408f6642c4e93) Importer(2089858483,d624ce77472d68a35037170ec1d2d27e)
Start importing Assets/Asset/Cartoon Temple Building Kit/Fbx/Ground X/Ground X Mix Flat/Ground X Mix Flat 2x2.fbx using Guid(7cc6041068add7f4ca0408f6642c4e93) Importer(2089858483,d624ce77472d68a35037170ec1d2d27e) (ScriptedImporter) -> (artifact id: '4247b785ec4b2495c3218723e1a5195b') in 0.0188126 seconds
Number of updated asset objects reloaded before import = 0Number of asset objects unloaded after import = 8

========================================================================
Received Import Request.
  Time since last request: 0.000018 seconds.
  path: Assets/Asset/Cartoon Temple Building Kit/Prefabs/Decorative Prefabs/FloorBlocks Corners Walls Prefabs/Corner Blocks 1.prefab
  artifactKey: Guid(0a6797c4a231fac49a48f31b1c0e6265) Importer(2089858483,d624ce77472d68a35037170ec1d2d27e)
Start importing Assets/Asset/Cartoon Temple Building Kit/Prefabs/Decorative Prefabs/FloorBlocks Corners Walls Prefabs/Corner Blocks 1.prefab using Guid(0a6797c4a231fac49a48f31b1c0e6265) Importer(2089858483,d624ce77472d68a35037170ec1d2d27e) (ScriptedImporter) -> (artifact id: '7ea38bd4c250d7172702c6de56542ac7') in 0.0105505 seconds
Number of updated asset objects reloaded before import = 0Number of asset objects unloaded after import = 8

========================================================================
Received Import Request.
  Time since last request: 0.000023 seconds.
  path: Assets/Asset/Cartoon Temple Building Kit/Prefabs/Decorative Prefabs/Misc/Lantern.prefab
  artifactKey: Guid(ea9aa6d764a18cc4dbf5edc90a813992) Importer(2089858483,d624ce77472d68a35037170ec1d2d27e)
Start importing Assets/Asset/Cartoon Temple Building Kit/Prefabs/Decorative Prefabs/Misc/Lantern.prefab using Guid(ea9aa6d764a18cc4dbf5edc90a813992) Importer(2089858483,d624ce77472d68a35037170ec1d2d27e) (ScriptedImporter) -> (artifact id: '5ae7abbb6119f499f03c315d838e81de') in 0.0099566 seconds
Number of updated asset objects reloaded before import = 0Number of asset objects unloaded after import = 8

========================================================================
Received Import Request.
  Time since last request: 0.000015 seconds.
  path: Assets/Asset/Cartoon Temple Building Kit/Prefabs/Decorative Prefabs/FloorBlocks Corners Walls Prefabs/Block Ruin Wall 6.prefab
  artifactKey: Guid(6a0e629cf233aab4f9ec03102689e4d3) Importer(2089858483,d624ce77472d68a35037170ec1d2d27e)
Start importing Assets/Asset/Cartoon Temple Building Kit/Prefabs/Decorative Prefabs/FloorBlocks Corners Walls Prefabs/Block Ruin Wall 6.prefab using Guid(6a0e629cf233aab4f9ec03102689e4d3) Importer(2089858483,d624ce77472d68a35037170ec1d2d27e) (ScriptedImporter) -> (artifact id: 'e895a4470963691017c16b4834b6fb22') in 0.0104154 seconds
Number of updated asset objects reloaded before import = 0Number of asset objects unloaded after import = 8

========================================================================
Received Import Request.
  Time since last request: 0.000014 seconds.
  path: Assets/Asset/Cartoon Temple Building Kit/Fbx/Ground X/Ground X Bright Flat/Ground X Bright Flat 8x8.fbx
  artifactKey: Guid(f35f0979c18b1c44f9a6106691d09d80) Importer(2089858483,d624ce77472d68a35037170ec1d2d27e)
Start importing Assets/Asset/Cartoon Temple Building Kit/Fbx/Ground X/Ground X Bright Flat/Ground X Bright Flat 8x8.fbx using Guid(f35f0979c18b1c44f9a6106691d09d80) Importer(2089858483,d624ce77472d68a35037170ec1d2d27e) (ScriptedImporter) -> (artifact id: '39b83974b0294aac946aa95d4510ac3a') in 0.0178246 seconds
Number of updated asset objects reloaded before import = 0Number of asset objects unloaded after import = 8

========================================================================
Received Import Request.
  Time since last request: 0.000014 seconds.
  path: Assets/Asset/Cartoon Temple Building Kit/Fbx/Platforms Stairs Fences/Platforms With Fence/Platform Fence 2x13x13.fbx
  artifactKey: Guid(42b76065d2eaf36479df2c69bc205d71) Importer(2089858483,d624ce77472d68a35037170ec1d2d27e)
Start importing Assets/Asset/Cartoon Temple Building Kit/Fbx/Platforms Stairs Fences/Platforms With Fence/Platform Fence 2x13x13.fbx using Guid(42b76065d2eaf36479df2c69bc205d71) Importer(2089858483,d624ce77472d68a35037170ec1d2d27e) (ScriptedImporter) -> (artifact id: '095b151f41ec5444a25ada1accefe9f1') in 0.0133391 seconds
Number of updated asset objects reloaded before import = 0Number of asset objects unloaded after import = 8

========================================================================
Received Import Request.
  Time since last request: 0.000013 seconds.
  path: Assets/Asset/Cartoon Temple Building Kit/Fbx/Platforms Stairs Fences/Stairs/Stairs 5.fbx
  artifactKey: Guid(32c72e38b1281a94d8435ac9755da46b) Importer(2089858483,d624ce77472d68a35037170ec1d2d27e)
Start importing Assets/Asset/Cartoon Temple Building Kit/Fbx/Platforms Stairs Fences/Stairs/Stairs 5.fbx using Guid(32c72e38b1281a94d8435ac9755da46b) Importer(2089858483,d624ce77472d68a35037170ec1d2d27e) (ScriptedImporter) -> (artifact id: 'a711c4d7e03a68487bf1f5440584e60d') in 0.01297 seconds
Number of updated asset objects reloaded before import = 0Number of asset objects unloaded after import = 8

========================================================================
Received Import Request.
  Time since last request: 0.000061 seconds.
  path: Assets/Asset/Cartoon Temple Building Kit/Fbx/Platforms Stairs Fences/Platforms/Platform 2x7x7.fbx
  artifactKey: Guid(8518d8fde9a96524aaf7b630651f0c0c) Importer(2089858483,d624ce77472d68a35037170ec1d2d27e)
Start importing Assets/Asset/Cartoon Temple Building Kit/Fbx/Platforms Stairs Fences/Platforms/Platform 2x7x7.fbx using Guid(8518d8fde9a96524aaf7b630651f0c0c) Importer(2089858483,d624ce77472d68a35037170ec1d2d27e) (ScriptedImporter) -> (artifact id: 'efa79fe389e9c7fd93b5edd9195f0502') in 0.013138 seconds
Number of updated asset objects reloaded before import = 0Number of asset objects unloaded after import = 8

========================================================================
Received Import Request.
  Time since last request: 0.000013 seconds.
  path: Assets/Asset/Cartoon Temple Building Kit/Fbx/Platforms Stairs Fences/Stairs/Stairs 7.fbx
  artifactKey: Guid(95343fe2fdd50d64d974f54b2e5a9006) Importer(2089858483,d624ce77472d68a35037170ec1d2d27e)
Start importing Assets/Asset/Cartoon Temple Building Kit/Fbx/Platforms Stairs Fences/Stairs/Stairs 7.fbx using Guid(95343fe2fdd50d64d974f54b2e5a9006) Importer(2089858483,d624ce77472d68a35037170ec1d2d27e) (ScriptedImporter) -> (artifact id: '0e6fb1abbf7758cbb5924f8b6012115a') in 0.0127101 seconds
Number of updated asset objects reloaded before import = 0Number of asset objects unloaded after import = 8

========================================================================
Received Import Request.
  Time since last request: 0.000015 seconds.
  path: Assets/Asset/Cartoon Temple Building Kit/Prefabs/Ground + Prefabs/Ground + Bright Flat Prefabs/Ground + Flat Bright 1x4.prefab
  artifactKey: Guid(df4052fbd5071fd45b3ab17ba5357c3d) Importer(2089858483,d624ce77472d68a35037170ec1d2d27e)
Start importing Assets/Asset/Cartoon Temple Building Kit/Prefabs/Ground + Prefabs/Ground + Bright Flat Prefabs/Ground + Flat Bright 1x4.prefab using Guid(df4052fbd5071fd45b3ab17ba5357c3d) Importer(2089858483,d624ce77472d68a35037170ec1d2d27e) (ScriptedImporter) -> (artifact id: '7f65e56951c700e58fa282c725bd5a9b') in 0.0084587 seconds
Number of updated asset objects reloaded before import = 0Number of asset objects unloaded after import = 8

========================================================================
Received Import Request.
  Time since last request: 0.000013 seconds.
  path: Assets/Asset/Cartoon Temple Building Kit/Fbx/Ground X/Ground X Bright Flat/Ground X Bright Flat 2x2.fbx
  artifactKey: Guid(8ec2cb79633bb23499e30f746a98082b) Importer(2089858483,d624ce77472d68a35037170ec1d2d27e)
Start importing Assets/Asset/Cartoon Temple Building Kit/Fbx/Ground X/Ground X Bright Flat/Ground X Bright Flat 2x2.fbx using Guid(8ec2cb79633bb23499e30f746a98082b) Importer(2089858483,d624ce77472d68a35037170ec1d2d27e) (ScriptedImporter) -> (artifact id: '9f464e4902c5a01b6960ecc1f0d3b13a') in 0.0143598 seconds
Number of updated asset objects reloaded before import = 0Number of asset objects unloaded after import = 8

========================================================================
Received Import Request.
  Time since last request: 0.000017 seconds.
  path: Assets/Asset/Cartoon Temple Building Kit/Fbx/Round/Materials/Cartoon Temple Builder Kit.mat
  artifactKey: Guid(a6caac14e67986d49858f06fd9cc067e) Importer(2089858483,d624ce77472d68a35037170ec1d2d27e)
Start importing Assets/Asset/Cartoon Temple Building Kit/Fbx/Round/Materials/Cartoon Temple Builder Kit.mat using Guid(a6caac14e67986d49858f06fd9cc067e) Importer(2089858483,d624ce77472d68a35037170ec1d2d27e) (ScriptedImporter) -> (artifact id: 'fa1da77e8298749856fdd9298384b834') in 0.0079414 seconds
Number of updated asset objects reloaded before import = 0Number of asset objects unloaded after import = 2

========================================================================
Received Import Request.
  Time since last request: 0.000015 seconds.
  path: Assets/Asset/Cartoon Temple Building Kit/Fbx/Platforms Stairs Fences/Fences/Fence Bright Corner.fbx
  artifactKey: Guid(f5633bf931284d54cb88c91ecbf3bec9) Importer(2089858483,d624ce77472d68a35037170ec1d2d27e)
Start importing Assets/Asset/Cartoon Temple Building Kit/Fbx/Platforms Stairs Fences/Fences/Fence Bright Corner.fbx using Guid(f5633bf931284d54cb88c91ecbf3bec9) Importer(2089858483,d624ce77472d68a35037170ec1d2d27e) (ScriptedImporter) -> (artifact id: 'ac121dcdf0ee621a5896c1d8982df74f') in 0.0185053 seconds
Number of updated asset objects reloaded before import = 0Number of asset objects unloaded after import = 8

========================================================================
Received Import Request.
  Time since last request: 0.000013 seconds.
  path: Assets/Asset/Cartoon Temple Building Kit/Prefabs/Decorative Prefabs/FloorBlocks Corners Walls Prefabs/Block Ruin Wall 9.prefab
  artifactKey: Guid(4e538435110f3524cb436ecb55f249fc) Importer(2089858483,d624ce77472d68a35037170ec1d2d27e)
Start importing Assets/Asset/Cartoon Temple Building Kit/Prefabs/Decorative Prefabs/FloorBlocks Corners Walls Prefabs/Block Ruin Wall 9.prefab using Guid(4e538435110f3524cb436ecb55f249fc) Importer(2089858483,d624ce77472d68a35037170ec1d2d27e) (ScriptedImporter) -> (artifact id: '469c7cee2ab9e93fab80ce26fb8cc69c') in 0.0074174 seconds
Number of updated asset objects reloaded before import = 0Number of asset objects unloaded after import = 8

========================================================================
Received Import Request.
  Time since last request: 0.000012 seconds.
  path: Assets/Asset/Cartoon Temple Building Kit/Fbx/Ground X/Ground X Dark Flat/Ground X Dark Flat 4x4.fbx
  artifactKey: Guid(661c5074a9ad9ca428e9b2229205b43b) Importer(2089858483,d624ce77472d68a35037170ec1d2d27e)
Start importing Assets/Asset/Cartoon Temple Building Kit/Fbx/Ground X/Ground X Dark Flat/Ground X Dark Flat 4x4.fbx using Guid(661c5074a9ad9ca428e9b2229205b43b) Importer(2089858483,d624ce77472d68a35037170ec1d2d27e) (ScriptedImporter) -> (artifact id: 'c44de91a5809a485a746836f66888cd1') in 0.0122253 seconds
Number of updated asset objects reloaded before import = 0Number of asset objects unloaded after import = 8

========================================================================
Received Import Request.
  Time since last request: 0.000013 seconds.
  path: Assets/Asset/Cartoon Temple Building Kit/Prefabs/Ground + Prefabs/Ground + Bright Flat Prefabs/Ground + Flat Bright 4x4.prefab
  artifactKey: Guid(efbad8aa1a2696d4d8372a7d61913502) Importer(2089858483,d624ce77472d68a35037170ec1d2d27e)
Start importing Assets/Asset/Cartoon Temple Building Kit/Prefabs/Ground + Prefabs/Ground + Bright Flat Prefabs/Ground + Flat Bright 4x4.prefab using Guid(efbad8aa1a2696d4d8372a7d61913502) Importer(2089858483,d624ce77472d68a35037170ec1d2d27e) (ScriptedImporter) -> (artifact id: '52bd76b4fb72c4c20c09337e51512d29') in 0.0076202 seconds
Number of updated asset objects reloaded before import = 0Number of asset objects unloaded after import = 8

========================================================================
Received Import Request.
  Time since last request: 0.000013 seconds.
  path: Assets/Asset/Cartoon Temple Building Kit/Fbx/Ground X/Ground X Mix/Ground X Mix 2x2.fbx
  artifactKey: Guid(419bf9e41a9d0e948ac9ccbf9150494b) Importer(2089858483,d624ce77472d68a35037170ec1d2d27e)
Start importing Assets/Asset/Cartoon Temple Building Kit/Fbx/Ground X/Ground X Mix/Ground X Mix 2x2.fbx using Guid(419bf9e41a9d0e948ac9ccbf9150494b) Importer(2089858483,d624ce77472d68a35037170ec1d2d27e) (ScriptedImporter) -> (artifact id: 'e512755ca0219d29c2e8b48f7102a6ff') in 0.0121804 seconds
Number of updated asset objects reloaded before import = 0Number of asset objects unloaded after import = 8

========================================================================
Received Import Request.
  Time since last request: 0.000012 seconds.
  path: Assets/Asset/Cartoon Temple Building Kit/Fbx/Platforms Stairs Fences/Platforms/Platform 1x9x13.fbx
  artifactKey: Guid(4b1a1ae2470b60e4f967e774379a5727) Importer(2089858483,d624ce77472d68a35037170ec1d2d27e)
Start importing Assets/Asset/Cartoon Temple Building Kit/Fbx/Platforms Stairs Fences/Platforms/Platform 1x9x13.fbx using Guid(4b1a1ae2470b60e4f967e774379a5727) Importer(2089858483,d624ce77472d68a35037170ec1d2d27e) (ScriptedImporter) -> (artifact id: 'c7051cc3016a6b1c2ac3af7f0e7ff034') in 0.0137797 seconds
Number of updated asset objects reloaded before import = 0Number of asset objects unloaded after import = 8

========================================================================
Received Import Request.
  Time since last request: 0.000015 seconds.
  path: Assets/Asset/Cartoon Temple Building Kit/Fbx/Platforms Stairs Fences/Fences/Fence Dark Corner.fbx
  artifactKey: Guid(71dd2238ee2695749873f175c90d5448) Importer(2089858483,d624ce77472d68a35037170ec1d2d27e)
Start importing Assets/Asset/Cartoon Temple Building Kit/Fbx/Platforms Stairs Fences/Fences/Fence Dark Corner.fbx using Guid(71dd2238ee2695749873f175c90d5448) Importer(2089858483,d624ce77472d68a35037170ec1d2d27e) (ScriptedImporter) -> (artifact id: '58fafd439500f8f83879cf17cd9f8fd2') in 0.0128054 seconds
Number of updated asset objects reloaded before import = 0Number of asset objects unloaded after import = 8

========================================================================
Received Import Request.
  Time since last request: 0.000013 seconds.
  path: Assets/Asset/Cartoon Temple Building Kit/Fbx/Ground X/Ground X Dark/Ground X Dark 2x8.fbx
  artifactKey: Guid(d11aaf69c44008d46895de067be29e40) Importer(2089858483,d624ce77472d68a35037170ec1d2d27e)
Start importing Assets/Asset/Cartoon Temple Building Kit/Fbx/Ground X/Ground X Dark/Ground X Dark 2x8.fbx using Guid(d11aaf69c44008d46895de067be29e40) Importer(2089858483,d624ce77472d68a35037170ec1d2d27e) (ScriptedImporter) -> (artifact id: 'af956b5474029ab3154cc2b18164725a') in 0.0117842 seconds
Number of updated asset objects reloaded before import = 0Number of asset objects unloaded after import = 8

========================================================================
Received Import Request.
  Time since last request: 0.000019 seconds.
  path: Assets/Asset/Cartoon Temple Building Kit/Fbx/Ground X/Ground X Mix/Ground X Mix 8x8.fbx
  artifactKey: Guid(13668f1738490b64c88ff777c9d6b61e) Importer(2089858483,d624ce77472d68a35037170ec1d2d27e)
Start importing Assets/Asset/Cartoon Temple Building Kit/Fbx/Ground X/Ground X Mix/Ground X Mix 8x8.fbx using Guid(13668f1738490b64c88ff777c9d6b61e) Importer(2089858483,d624ce77472d68a35037170ec1d2d27e) (ScriptedImporter) -> (artifact id: '9cb3830ad85e8d509b01ba6ba0f182a1') in 0.0124003 seconds
Number of updated asset objects reloaded before import = 0Number of asset objects unloaded after import = 8

========================================================================
Received Import Request.
  Time since last request: 0.000013 seconds.
  path: Assets/Asset/Cartoon Temple Building Kit/Prefabs/Ground + Prefabs/Ground + Bright Flat Prefabs/Ground + Flat Bright 1x8.prefab
  artifactKey: Guid(d76bc5451f7975b42814445a87449ade) Importer(2089858483,d624ce77472d68a35037170ec1d2d27e)
Start importing Assets/Asset/Cartoon Temple Building Kit/Prefabs/Ground + Prefabs/Ground + Bright Flat Prefabs/Ground + Flat Bright 1x8.prefab using Guid(d76bc5451f7975b42814445a87449ade) Importer(2089858483,d624ce77472d68a35037170ec1d2d27e) (ScriptedImporter) -> (artifact id: '8e26a635e93b26ff37bb6b8b4aa9d74b') in 0.0086018 seconds
Number of updated asset objects reloaded before import = 0Number of asset objects unloaded after import = 8

========================================================================
Received Import Request.
  Time since last request: 0.000012 seconds.
  path: Assets/Asset/Cartoon Temple Building Kit/Fbx/Ground X/Ground X Bright/Ground X Bright 2x8.fbx
  artifactKey: Guid(a1a28fa77e189f34cbee3945e43dd858) Importer(2089858483,d624ce77472d68a35037170ec1d2d27e)
Start importing Assets/Asset/Cartoon Temple Building Kit/Fbx/Ground X/Ground X Bright/Ground X Bright 2x8.fbx using Guid(a1a28fa77e189f34cbee3945e43dd858) Importer(2089858483,d624ce77472d68a35037170ec1d2d27e) (ScriptedImporter) -> (artifact id: '410e4bca68cb9cd35b253a5b892f587d') in 0.0125317 seconds
Number of updated asset objects reloaded before import = 0Number of asset objects unloaded after import = 8

========================================================================
Received Import Request.
  Time since last request: 0.000014 seconds.
  path: Assets/Asset/Simple UI/Simple Vector Icons/128px/UI_Icon_Mail.png
  artifactKey: Guid(64883e218fde34d4ba187da517c43a0e) Importer(2089858483,d624ce77472d68a35037170ec1d2d27e)
Start importing Assets/Asset/Simple UI/Simple Vector Icons/128px/UI_Icon_Mail.png using Guid(64883e218fde34d4ba187da517c43a0e) Importer(2089858483,d624ce77472d68a35037170ec1d2d27e) (ScriptedImporter) -> (artifact id: '4e227d607b97a27fe59715b910c492a9') in 0.0137269 seconds
Number of updated asset objects reloaded before import = 0Number of asset objects unloaded after import = 3

========================================================================
Received Import Request.
  Time since last request: 0.000014 seconds.
  path: Assets/Asset/Cartoon Temple Building Kit/Fbx/Ground +/Ground + Dark Flat/Ground + Dark 8x8 Flat.fbx
  artifactKey: Guid(524d3e7c25238ce468593352caf30bdb) Importer(2089858483,d624ce77472d68a35037170ec1d2d27e)
Start importing Assets/Asset/Cartoon Temple Building Kit/Fbx/Ground +/Ground + Dark Flat/Ground + Dark 8x8 Flat.fbx using Guid(524d3e7c25238ce468593352caf30bdb) Importer(2089858483,d624ce77472d68a35037170ec1d2d27e) (ScriptedImporter) -> (artifact id: '673d3bbc18fd305f9d11a773520650f0') in 0.01274 seconds
Number of updated asset objects reloaded before import = 0Number of asset objects unloaded after import = 8

========================================================================
Received Import Request.
  Time since last request: 0.000013 seconds.
  path: Assets/Asset/Simple UI/Simple Vector Icons/128px/UI_Icon_CurrencyPound.png
  artifactKey: Guid(6e753e213dd784664939a6a1da81cb6c) Importer(2089858483,d624ce77472d68a35037170ec1d2d27e)
Start importing Assets/Asset/Simple UI/Simple Vector Icons/128px/UI_Icon_CurrencyPound.png using Guid(6e753e213dd784664939a6a1da81cb6c) Importer(2089858483,d624ce77472d68a35037170ec1d2d27e) (ScriptedImporter) -> (artifact id: '75c77ffbdd626936e73d420a54b21396') in 0.0166385 seconds
Number of updated asset objects reloaded before import = 0Number of asset objects unloaded after import = 3

========================================================================
Received Import Request.
  Time since last request: 0.000014 seconds.
  path: Assets/Asset/Cartoon Temple Building Kit/Fbx/Sig Sag/Materials/Cartoon Temple Builder Kit.mat
  artifactKey: Guid(4ec30b0fe6adad645a8d22b564323734) Importer(2089858483,d624ce77472d68a35037170ec1d2d27e)
Start importing Assets/Asset/Cartoon Temple Building Kit/Fbx/Sig Sag/Materials/Cartoon Temple Builder Kit.mat using Guid(4ec30b0fe6adad645a8d22b564323734) Importer(2089858483,d624ce77472d68a35037170ec1d2d27e) (ScriptedImporter) -> (artifact id: '31a78be400e6c6c38d7ab8118fd2ac33') in 0.0069534 seconds
Number of updated asset objects reloaded before import = 0Number of asset objects unloaded after import = 2

========================================================================
Received Import Request.
  Time since last request: 0.000013 seconds.
  path: Assets/Asset/Cartoon Temple Building Kit/Fbx/Ground X/Ground X Bright Flat/Ground X Bright Flat 4x4.fbx
  artifactKey: Guid(8e2479f6bdf071a46ad3bb9111a51b79) Importer(2089858483,d624ce77472d68a35037170ec1d2d27e)
Start importing Assets/Asset/Cartoon Temple Building Kit/Fbx/Ground X/Ground X Bright Flat/Ground X Bright Flat 4x4.fbx using Guid(8e2479f6bdf071a46ad3bb9111a51b79) Importer(2089858483,d624ce77472d68a35037170ec1d2d27e) (ScriptedImporter) -> (artifact id: '335bd8d7274a95915b4a6b1aefeb23e8') in 0.0254336 seconds
Number of updated asset objects reloaded before import = 0Number of asset objects unloaded after import = 8

========================================================================
Received Import Request.
  Time since last request: 0.000017 seconds.
  path: Assets/Asset/Cartoon Temple Building Kit/Fbx/Ground X/Ground X Mix/Ground X Mix 4x2.fbx
  artifactKey: Guid(62d7e307fcdc00149a9a65d00543b5d4) Importer(2089858483,d624ce77472d68a35037170ec1d2d27e)
Start importing Assets/Asset/Cartoon Temple Building Kit/Fbx/Ground X/Ground X Mix/Ground X Mix 4x2.fbx using Guid(62d7e307fcdc00149a9a65d00543b5d4) Importer(2089858483,d624ce77472d68a35037170ec1d2d27e) (ScriptedImporter) -> (artifact id: '848f43ea9d850b69872cd9741c6372d6') in 0.0187487 seconds
Number of updated asset objects reloaded before import = 0Number of asset objects unloaded after import = 8

========================================================================
Received Import Request.
  Time since last request: 0.000014 seconds.
  path: Assets/Asset/Cartoon Temple Building Kit/Prefabs/Decorative Prefabs/Idol/Idol 1.prefab
  artifactKey: Guid(5cb3998e6b112124586bcb9d411696c2) Importer(2089858483,d624ce77472d68a35037170ec1d2d27e)
Start importing Assets/Asset/Cartoon Temple Building Kit/Prefabs/Decorative Prefabs/Idol/Idol 1.prefab using Guid(5cb3998e6b112124586bcb9d411696c2) Importer(2089858483,d624ce77472d68a35037170ec1d2d27e) (ScriptedImporter) -> (artifact id: '278ef1b4b98dc7514defa1578012fbdb') in 0.0099232 seconds
Number of updated asset objects reloaded before import = 0Number of asset objects unloaded after import = 8

========================================================================
Received Import Request.
  Time since last request: 0.000014 seconds.
  path: Assets/Asset/Simple UI/Simple Vector Icons/128px/UI_Icon_Star.png
  artifactKey: Guid(d365619b52a6d4dafa5f0c5b0eb74f99) Importer(2089858483,d624ce77472d68a35037170ec1d2d27e)
Start importing Assets/Asset/Simple UI/Simple Vector Icons/128px/UI_Icon_Star.png using Guid(d365619b52a6d4dafa5f0c5b0eb74f99) Importer(2089858483,d624ce77472d68a35037170ec1d2d27e) (ScriptedImporter) -> (artifact id: '75fb25a94c2e6cb4bd745f244f085dfd') in 0.0179949 seconds
Number of updated asset objects reloaded before import = 0Number of asset objects unloaded after import = 3

========================================================================
Received Import Request.
  Time since last request: 0.000016 seconds.
  path: Assets/Asset/Cartoon Temple Building Kit/Fbx/Ground +/Ground + Dark/Ground + Dark 2x8.fbx
  artifactKey: Guid(d753aa97f02d4bc458925b8166518e91) Importer(2089858483,d624ce77472d68a35037170ec1d2d27e)
Start importing Assets/Asset/Cartoon Temple Building Kit/Fbx/Ground +/Ground + Dark/Ground + Dark 2x8.fbx using Guid(d753aa97f02d4bc458925b8166518e91) Importer(2089858483,d624ce77472d68a35037170ec1d2d27e) (ScriptedImporter) -> (artifact id: '0234351df8cc5664f9af404558e36f31') in 0.0152548 seconds
Number of updated asset objects reloaded before import = 0Number of asset objects unloaded after import = 8

========================================================================
Received Import Request.
  Time since last request: 0.000012 seconds.
  path: Assets/Asset/Simple UI/Simple Vector Icons/128px/UI_Icon_Defend.png
  artifactKey: Guid(40c8c3e0dc28b4b528376525f84fa1e5) Importer(2089858483,d624ce77472d68a35037170ec1d2d27e)
Start importing Assets/Asset/Simple UI/Simple Vector Icons/128px/UI_Icon_Defend.png using Guid(40c8c3e0dc28b4b528376525f84fa1e5) Importer(2089858483,d624ce77472d68a35037170ec1d2d27e) (ScriptedImporter) -> (artifact id: '3fa38e2d30057a9a75b5a73be2108b54') in 0.012619 seconds
Number of updated asset objects reloaded before import = 0Number of asset objects unloaded after import = 3

========================================================================
Received Import Request.
  Time since last request: 0.000013 seconds.
  path: Assets/Asset/Cartoon Temple Building Kit/Fbx/Decorative/FloorBlocks Corners Walls/Floor Blocks 15.fbx
  artifactKey: Guid(441cddf1d17f695438df5ce6f5910671) Importer(2089858483,d624ce77472d68a35037170ec1d2d27e)
Start importing Assets/Asset/Cartoon Temple Building Kit/Fbx/Decorative/FloorBlocks Corners Walls/Floor Blocks 15.fbx using Guid(441cddf1d17f695438df5ce6f5910671) Importer(2089858483,d624ce77472d68a35037170ec1d2d27e) (ScriptedImporter) -> (artifact id: '41d22cc22e422e4233870d8d5431ed21') in 0.0138997 seconds
Number of updated asset objects reloaded before import = 0Number of asset objects unloaded after import = 8

========================================================================
Received Import Request.
  Time since last request: 0.000014 seconds.
  path: Assets/Asset/Cartoon Temple Building Kit/Fbx/Ground +/Ground + Dark/Ground + Dark 4x4.fbx
  artifactKey: Guid(b45803f2798028a488bf8e842be07551) Importer(2089858483,d624ce77472d68a35037170ec1d2d27e)
Start importing Assets/Asset/Cartoon Temple Building Kit/Fbx/Ground +/Ground + Dark/Ground + Dark 4x4.fbx using Guid(b45803f2798028a488bf8e842be07551) Importer(2089858483,d624ce77472d68a35037170ec1d2d27e) (ScriptedImporter) -> (artifact id: 'd47eddddb738cbb2b48bc514591136a2') in 0.0139175 seconds
Number of updated asset objects reloaded before import = 0Number of asset objects unloaded after import = 8

========================================================================
Received Import Request.
  Time since last request: 0.000017 seconds.
  path: Assets/Asset/Simple UI/Simple Vector Icons/128px/UI_Icon_InvHelmet.png
  artifactKey: Guid(8abb14d97fc2f4c999f5291f611d5893) Importer(2089858483,d624ce77472d68a35037170ec1d2d27e)
Start importing Assets/Asset/Simple UI/Simple Vector Icons/128px/UI_Icon_InvHelmet.png using Guid(8abb14d97fc2f4c999f5291f611d5893) Importer(2089858483,d624ce77472d68a35037170ec1d2d27e) (ScriptedImporter) -> (artifact id: '472336e62da7652414b778b0dcb96df6') in 0.0138451 seconds
Number of updated asset objects reloaded before import = 0Number of asset objects unloaded after import = 3

========================================================================
Received Import Request.
  Time since last request: 0.000020 seconds.
  path: Assets/Asset/Cartoon Temple Building Kit/Prefabs/Decorative Prefabs/Misc/Wall Lantern.prefab
  artifactKey: Guid(98af1750f2e7f7943a81f5e07f0aabcf) Importer(2089858483,d624ce77472d68a35037170ec1d2d27e)
Start importing Assets/Asset/Cartoon Temple Building Kit/Prefabs/Decorative Prefabs/Misc/Wall Lantern.prefab using Guid(98af1750f2e7f7943a81f5e07f0aabcf) Importer(2089858483,d624ce77472d68a35037170ec1d2d27e) (ScriptedImporter) -> (artifact id: '9fe52e8687e9b5a6e93ada7a01686fca') in 0.0076314 seconds
Number of updated asset objects reloaded before import = 0Number of asset objects unloaded after import = 8

========================================================================
Received Import Request.
  Time since last request: 0.000013 seconds.
  path: Assets/Asset/Simple UI/Simple Vector Icons/128px/UI_Icon_HeartEmpty.png
  artifactKey: Guid(147e693f646d847a6aab3cfcd37a75b9) Importer(2089858483,d624ce77472d68a35037170ec1d2d27e)
Start importing Assets/Asset/Simple UI/Simple Vector Icons/128px/UI_Icon_HeartEmpty.png using Guid(147e693f646d847a6aab3cfcd37a75b9) Importer(2089858483,d624ce77472d68a35037170ec1d2d27e) (ScriptedImporter) -> (artifact id: '591e0cd7870751ae3674d8b7df9fbfe8') in 0.0114676 seconds
Number of updated asset objects reloaded before import = 0Number of asset objects unloaded after import = 3

========================================================================
Received Import Request.
  Time since last request: 0.000014 seconds.
  path: Assets/Asset/Cartoon Temple Building Kit/Prefabs/Ground Path Prefabs/Ground Path Flat Prefabs/Ground Path Corner Flat.prefab
  artifactKey: Guid(e9ca58049760c3a4380b26089685e891) Importer(2089858483,d624ce77472d68a35037170ec1d2d27e)
Start importing Assets/Asset/Cartoon Temple Building Kit/Prefabs/Ground Path Prefabs/Ground Path Flat Prefabs/Ground Path Corner Flat.prefab using Guid(e9ca58049760c3a4380b26089685e891) Importer(2089858483,d624ce77472d68a35037170ec1d2d27e) (ScriptedImporter) -> (artifact id: 'e6bdeed32dce312d154cf48853ddf241') in 0.0092254 seconds
Number of updated asset objects reloaded before import = 0Number of asset objects unloaded after import = 8

========================================================================
Received Import Request.
  Time since last request: 0.000017 seconds.
  path: Assets/Asset/Cartoon Temple Building Kit/Prefabs/Ground X Prefabs/Ground X Bright Flat Prefabs/Ground X Bright Flat 4x1.prefab
  artifactKey: Guid(b569c2857506866438e855e16e84fa40) Importer(2089858483,d624ce77472d68a35037170ec1d2d27e)
Start importing Assets/Asset/Cartoon Temple Building Kit/Prefabs/Ground X Prefabs/Ground X Bright Flat Prefabs/Ground X Bright Flat 4x1.prefab using Guid(b569c2857506866438e855e16e84fa40) Importer(2089858483,d624ce77472d68a35037170ec1d2d27e) (ScriptedImporter) -> (artifact id: '58064fe45718cd164495f9a562b7516f') in 0.0110415 seconds
Number of updated asset objects reloaded before import = 0Number of asset objects unloaded after import = 8

========================================================================
Received Import Request.
  Time since last request: 0.000015 seconds.
  path: Assets/Asset/Cartoon Temple Building Kit/Prefabs/Ground X Prefabs/Ground X Mix Prefabs/Ground X Mix 1x8.prefab
  artifactKey: Guid(b1b80ff7746559f46935f307b67e1c0c) Importer(2089858483,d624ce77472d68a35037170ec1d2d27e)
Start importing Assets/Asset/Cartoon Temple Building Kit/Prefabs/Ground X Prefabs/Ground X Mix Prefabs/Ground X Mix 1x8.prefab using Guid(b1b80ff7746559f46935f307b67e1c0c) Importer(2089858483,d624ce77472d68a35037170ec1d2d27e) (ScriptedImporter) -> (artifact id: '5ce9a5e00e777963ce0e342c40422603') in 0.0091377 seconds
Number of updated asset objects reloaded before import = 0Number of asset objects unloaded after import = 8

========================================================================
Received Import Request.
  Time since last request: 0.000013 seconds.
  path: Assets/Asset/Cartoon Temple Building Kit/Prefabs/Platforms Stairs Fences Prefabs/Fences Prefabs/Fence Bright Corner Block.prefab
  artifactKey: Guid(cd25d9de59998944e9fdff75b31eb727) Importer(2089858483,d624ce77472d68a35037170ec1d2d27e)
Start importing Assets/Asset/Cartoon Temple Building Kit/Prefabs/Platforms Stairs Fences Prefabs/Fences Prefabs/Fence Bright Corner Block.prefab using Guid(cd25d9de59998944e9fdff75b31eb727) Importer(2089858483,d624ce77472d68a35037170ec1d2d27e) (ScriptedImporter) -> (artifact id: 'f5a3f3bba3fa057b89104980ec4cc22c') in 0.0097388 seconds
Number of updated asset objects reloaded before import = 0Number of asset objects unloaded after import = 8

========================================================================
Received Import Request.
  Time since last request: 0.000030 seconds.
  path: Assets/Asset/Cartoon Temple Building Kit/Prefabs/Ground X Prefabs/Ground X Bright Prefabs/Ground X Bright 4x2.prefab
  artifactKey: Guid(8c52a4a40e3136542927397d8a615b75) Importer(2089858483,d624ce77472d68a35037170ec1d2d27e)
Start importing Assets/Asset/Cartoon Temple Building Kit/Prefabs/Ground X Prefabs/Ground X Bright Prefabs/Ground X Bright 4x2.prefab using Guid(8c52a4a40e3136542927397d8a615b75) Importer(2089858483,d624ce77472d68a35037170ec1d2d27e) (ScriptedImporter) -> (artifact id: '26e2688332550ab2708d76a197533231') in 0.0100933 seconds
Number of updated asset objects reloaded before import = 0Number of asset objects unloaded after import = 8

========================================================================
Received Import Request.
  Time since last request: 0.000013 seconds.
  path: Assets/Asset/Cartoon Temple Building Kit/Prefabs/Ground X Prefabs/Ground X Bright Flat Prefabs/Ground X Bright Flat 8x8.prefab
  artifactKey: Guid(4645e46905e32194a84dd78abec737ea) Importer(2089858483,d624ce77472d68a35037170ec1d2d27e)
Start importing Assets/Asset/Cartoon Temple Building Kit/Prefabs/Ground X Prefabs/Ground X Bright Flat Prefabs/Ground X Bright Flat 8x8.prefab using Guid(4645e46905e32194a84dd78abec737ea) Importer(2089858483,d624ce77472d68a35037170ec1d2d27e) (ScriptedImporter) -> (artifact id: '9f24196e25fbfc4c1e1e2e7b6db01ca6') in 0.0084648 seconds
Number of updated asset objects reloaded before import = 0Number of asset objects unloaded after import = 8

========================================================================
Received Import Request.
  Time since last request: 0.000013 seconds.
  path: Assets/Asset/Cartoon Temple Building Kit/Prefabs/Ground X Prefabs/Ground X Dark Flat Prefabs/Ground X Dark Flat 8x8.prefab
  artifactKey: Guid(d200e9dfb273ea64fa73aaa0d44ecfb9) Importer(2089858483,d624ce77472d68a35037170ec1d2d27e)
Start importing Assets/Asset/Cartoon Temple Building Kit/Prefabs/Ground X Prefabs/Ground X Dark Flat Prefabs/Ground X Dark Flat 8x8.prefab using Guid(d200e9dfb273ea64fa73aaa0d44ecfb9) Importer(2089858483,d624ce77472d68a35037170ec1d2d27e) (ScriptedImporter) -> (artifact id: '8702d2bc76baf009a2d11952d7cfaf0e') in 0.0095834 seconds
Number of updated asset objects reloaded before import = 0Number of asset objects unloaded after import = 8

========================================================================
Received Import Request.
  Time since last request: 0.000016 seconds.
  path: Assets/Asset/Cartoon Temple Building Kit/Prefabs/Ground + Prefabs/Ground + Mix Prefabs/Ground + Mix 2x8.prefab
  artifactKey: Guid(1428e70148aa78743a82be452ae7e278) Importer(2089858483,d624ce77472d68a35037170ec1d2d27e)
Start importing Assets/Asset/Cartoon Temple Building Kit/Prefabs/Ground + Prefabs/Ground + Mix Prefabs/Ground + Mix 2x8.prefab using Guid(1428e70148aa78743a82be452ae7e278) Importer(2089858483,d624ce77472d68a35037170ec1d2d27e) (ScriptedImporter) -> (artifact id: '99d4bda6770a906da78ff80c92ba820e') in 0.008131 seconds
Number of updated asset objects reloaded before import = 0Number of asset objects unloaded after import = 8

========================================================================
Received Import Request.
  Time since last request: 0.000017 seconds.
  path: Assets/Asset/Cartoon Temple Building Kit/Prefabs/Ground X Prefabs/Ground X Bright Prefabs/Ground X Bright 1x2.prefab
  artifactKey: Guid(b4427bc8918cbb94391558e7301573c6) Importer(2089858483,d624ce77472d68a35037170ec1d2d27e)
Start importing Assets/Asset/Cartoon Temple Building Kit/Prefabs/Ground X Prefabs/Ground X Bright Prefabs/Ground X Bright 1x2.prefab using Guid(b4427bc8918cbb94391558e7301573c6) Importer(2089858483,d624ce77472d68a35037170ec1d2d27e) (ScriptedImporter) -> (artifact id: 'e040d71611ac7a9e7cdda5abd68c16e6') in 0.0095523 seconds
Number of updated asset objects reloaded before import = 0Number of asset objects unloaded after import = 8

========================================================================
Received Import Request.
  Time since last request: 0.000014 seconds.
  path: Assets/Asset/Cartoon Temple Building Kit/Prefabs/Ground + Prefabs/Ground + Mix Flat Prefabs/Ground + Mix 4x8 Flat.prefab
  artifactKey: Guid(04d7ee91715c8274c85ad756243df58d) Importer(2089858483,d624ce77472d68a35037170ec1d2d27e)
Start importing Assets/Asset/Cartoon Temple Building Kit/Prefabs/Ground + Prefabs/Ground + Mix Flat Prefabs/Ground + Mix 4x8 Flat.prefab using Guid(04d7ee91715c8274c85ad756243df58d) Importer(2089858483,d624ce77472d68a35037170ec1d2d27e) (ScriptedImporter) -> (artifact id: '0151a7a468c2f3696fa64014401a746b') in 0.0091401 seconds
Number of updated asset objects reloaded before import = 0Number of asset objects unloaded after import = 8

========================================================================
Received Import Request.
  Time since last request: 0.000013 seconds.
  path: Assets/Asset/Cartoon Temple Building Kit/Prefabs/Ground X Prefabs/Ground X Mix Prefabs/Ground X Mix 1x4.prefab
  artifactKey: Guid(f871530b450bde04c920a6147a3cebcc) Importer(2089858483,d624ce77472d68a35037170ec1d2d27e)
Start importing Assets/Asset/Cartoon Temple Building Kit/Prefabs/Ground X Prefabs/Ground X Mix Prefabs/Ground X Mix 1x4.prefab using Guid(f871530b450bde04c920a6147a3cebcc) Importer(2089858483,d624ce77472d68a35037170ec1d2d27e) (ScriptedImporter) -> (artifact id: 'e4aee54149d8042973c0096e10c0ca55') in 0.0092238 seconds
Number of updated asset objects reloaded before import = 0Number of asset objects unloaded after import = 8

========================================================================
Received Import Request.
  Time since last request: 0.000015 seconds.
  path: Assets/Asset/Cartoon Temple Building Kit/Prefabs/Ground X Prefabs/Ground X Dark Prefabs/Ground X Dark 2x8.prefab
  artifactKey: Guid(7d48e7d011c51a741addfd47e954d490) Importer(2089858483,d624ce77472d68a35037170ec1d2d27e)
Start importing Assets/Asset/Cartoon Temple Building Kit/Prefabs/Ground X Prefabs/Ground X Dark Prefabs/Ground X Dark 2x8.prefab using Guid(7d48e7d011c51a741addfd47e954d490) Importer(2089858483,d624ce77472d68a35037170ec1d2d27e) (ScriptedImporter) -> (artifact id: '43f82febbed7be09329d2a0e3cfbb121') in 0.0090799 seconds
Number of updated asset objects reloaded before import = 0Number of asset objects unloaded after import = 8

========================================================================
Received Import Request.
  Time since last request: 0.000013 seconds.
  path: Assets/Asset/Cartoon Temple Building Kit/Prefabs/Ground X Prefabs/Ground X Mix Prefabs/Ground X Mix 4x8.prefab
  artifactKey: Guid(c3dfe24991c2e88459b7967ba8c916a2) Importer(2089858483,d624ce77472d68a35037170ec1d2d27e)
Start importing Assets/Asset/Cartoon Temple Building Kit/Prefabs/Ground X Prefabs/Ground X Mix Prefabs/Ground X Mix 4x8.prefab using Guid(c3dfe24991c2e88459b7967ba8c916a2) Importer(2089858483,d624ce77472d68a35037170ec1d2d27e) (ScriptedImporter) -> (artifact id: 'a555f2719dd62928920b8b71ccc999a0') in 0.0123242 seconds
Number of updated asset objects reloaded before import = 0Number of asset objects unloaded after import = 8

========================================================================
Received Import Request.
  Time since last request: 0.000016 seconds.
  path: Assets/Asset/Cartoon Temple Building Kit/Prefabs/Ground X Prefabs/Ground X Dark Prefabs/Ground X Dark 4x2.prefab
  artifactKey: Guid(3d001014060d36b44b17379d61ae7ad2) Importer(2089858483,d624ce77472d68a35037170ec1d2d27e)
Start importing Assets/Asset/Cartoon Temple Building Kit/Prefabs/Ground X Prefabs/Ground X Dark Prefabs/Ground X Dark 4x2.prefab using Guid(3d001014060d36b44b17379d61ae7ad2) Importer(2089858483,d624ce77472d68a35037170ec1d2d27e) (ScriptedImporter) -> (artifact id: 'b328bb2e9d1ca71eb8a963a16633a5a1') in 0.0101777 seconds
Number of updated asset objects reloaded before import = 0Number of asset objects unloaded after import = 8

========================================================================
Received Import Request.
  Time since last request: 0.000015 seconds.
  path: Assets/Asset/Cartoon Temple Building Kit/Prefabs/Ground + Prefabs/Ground + Mix Flat Prefabs/Ground + Mix 4x1 Flat.prefab
  artifactKey: Guid(bdf61c1ab92263342a79b3f72e8612be) Importer(2089858483,d624ce77472d68a35037170ec1d2d27e)
Start importing Assets/Asset/Cartoon Temple Building Kit/Prefabs/Ground + Prefabs/Ground + Mix Flat Prefabs/Ground + Mix 4x1 Flat.prefab using Guid(bdf61c1ab92263342a79b3f72e8612be) Importer(2089858483,d624ce77472d68a35037170ec1d2d27e) (ScriptedImporter) -> (artifact id: 'fec3e8beb4cc89416d65259dc62c65e6') in 0.0090992 seconds
Number of updated asset objects reloaded before import = 0Number of asset objects unloaded after import = 8

========================================================================
Received Import Request.
  Time since last request: 0.000012 seconds.
  path: Assets/Asset/Cartoon Temple Building Kit/Prefabs/Ground X Prefabs/Ground X Dark Prefabs/Ground X Dark 1x4.prefab
  artifactKey: Guid(7bbd5af45d3094e4cbd82ccd225b3056) Importer(2089858483,d624ce77472d68a35037170ec1d2d27e)
Start importing Assets/Asset/Cartoon Temple Building Kit/Prefabs/Ground X Prefabs/Ground X Dark Prefabs/Ground X Dark 1x4.prefab using Guid(7bbd5af45d3094e4cbd82ccd225b3056) Importer(2089858483,d624ce77472d68a35037170ec1d2d27e) (ScriptedImporter) -> (artifact id: '98830d604abe11103d41253e9e1afb26') in 0.0088041 seconds
Number of updated asset objects reloaded before import = 0Number of asset objects unloaded after import = 8

========================================================================
Received Import Request.
  Time since last request: 0.000013 seconds.
  path: Assets/Asset/Cartoon Temple Building Kit/Prefabs/Ground X Prefabs/Ground X Dark Flat Prefabs/Ground X Dark Flat 4x4.prefab
  artifactKey: Guid(2f1dd6d4b72958c4eb7de1f8ed46a447) Importer(2089858483,d624ce77472d68a35037170ec1d2d27e)
Start importing Assets/Asset/Cartoon Temple Building Kit/Prefabs/Ground X Prefabs/Ground X Dark Flat Prefabs/Ground X Dark Flat 4x4.prefab using Guid(2f1dd6d4b72958c4eb7de1f8ed46a447) Importer(2089858483,d624ce77472d68a35037170ec1d2d27e) (ScriptedImporter) -> (artifact id: '30927191c92143a5233d7fa138178803') in 0.0077003 seconds
Number of updated asset objects reloaded before import = 0Number of asset objects unloaded after import = 8

========================================================================
Received Import Request.
  Time since last request: 0.000016 seconds.
  path: Assets/Asset/Cartoon Temple Building Kit/Prefabs/Ground X Prefabs/Ground X Dark Flat Prefabs/Ground X Dark Flat 4x2.prefab
  artifactKey: Guid(cc0f6da9142c87647a3290c22e163990) Importer(2089858483,d624ce77472d68a35037170ec1d2d27e)
Start importing Assets/Asset/Cartoon Temple Building Kit/Prefabs/Ground X Prefabs/Ground X Dark Flat Prefabs/Ground X Dark Flat 4x2.prefab using Guid(cc0f6da9142c87647a3290c22e163990) Importer(2089858483,d624ce77472d68a35037170ec1d2d27e) (ScriptedImporter) -> (artifact id: '4011fe3eb1782c4edcf5adcd26c62088') in 0.0101985 seconds
Number of updated asset objects reloaded before import = 0Number of asset objects unloaded after import = 8

========================================================================
Received Import Request.
  Time since last request: 0.000016 seconds.
  path: Assets/Asset/Cartoon Temple Building Kit/Prefabs/Platforms Stairs Fences Prefabs/Fences Prefabs/Fence 2 Dark.prefab
  artifactKey: Guid(0ebae3b5976d54543944e0110c489e29) Importer(2089858483,d624ce77472d68a35037170ec1d2d27e)
Start importing Assets/Asset/Cartoon Temple Building Kit/Prefabs/Platforms Stairs Fences Prefabs/Fences Prefabs/Fence 2 Dark.prefab using Guid(0ebae3b5976d54543944e0110c489e29) Importer(2089858483,d624ce77472d68a35037170ec1d2d27e) (ScriptedImporter) -> (artifact id: 'e45de81f8fc4b304cd9a367bffd8c402') in 0.009542 seconds
Number of updated asset objects reloaded before import = 0Number of asset objects unloaded after import = 8

========================================================================
Received Import Request.
  Time since last request: 0.000027 seconds.
  path: Assets/Asset/Cartoon Temple Building Kit/Prefabs/Ground + Prefabs/Ground + Bright Flat Prefabs/Ground + Flat Bright 8x8.prefab
  artifactKey: Guid(cab999ba165121a4e80d65aba7d499c2) Importer(2089858483,d624ce77472d68a35037170ec1d2d27e)
Start importing Assets/Asset/Cartoon Temple Building Kit/Prefabs/Ground + Prefabs/Ground + Bright Flat Prefabs/Ground + Flat Bright 8x8.prefab using Guid(cab999ba165121a4e80d65aba7d499c2) Importer(2089858483,d624ce77472d68a35037170ec1d2d27e) (ScriptedImporter) -> (artifact id: '15d829bb3cda9eb6b056fe65cae2fc6b') in 0.008709 seconds
Number of updated asset objects reloaded before import = 0Number of asset objects unloaded after import = 8

========================================================================
Received Import Request.
  Time since last request: 0.000020 seconds.
  path: Assets/Asset/Cartoon Temple Building Kit/Prefabs/Ground X Prefabs/Ground X Mix Prefabs/Ground X Mix 4x2.prefab
  artifactKey: Guid(fbfbdad959af59344b2c934e103dce6e) Importer(2089858483,d624ce77472d68a35037170ec1d2d27e)
Start importing Assets/Asset/Cartoon Temple Building Kit/Prefabs/Ground X Prefabs/Ground X Mix Prefabs/Ground X Mix 4x2.prefab using Guid(fbfbdad959af59344b2c934e103dce6e) Importer(2089858483,d624ce77472d68a35037170ec1d2d27e) (ScriptedImporter) -> (artifact id: 'fe16d48a1c0f81e230c86754ed0e6be2') in 0.01304 seconds
Number of updated asset objects reloaded before import = 0Number of asset objects unloaded after import = 8

========================================================================
Received Import Request.
  Time since last request: 0.000017 seconds.
  path: Assets/Asset/Cartoon Temple Building Kit/Prefabs/Ground X Prefabs/Ground X Bright Flat Prefabs/Ground X Bright Flat 4x8.prefab
  artifactKey: Guid(e3420d4cc77b89a4a898355efa774d5d) Importer(2089858483,d624ce77472d68a35037170ec1d2d27e)
Start importing Assets/Asset/Cartoon Temple Building Kit/Prefabs/Ground X Prefabs/Ground X Bright Flat Prefabs/Ground X Bright Flat 4x8.prefab using Guid(e3420d4cc77b89a4a898355efa774d5d) Importer(2089858483,d624ce77472d68a35037170ec1d2d27e) (ScriptedImporter) -> (artifact id: 'addb1cdb55a33d64288761c1dbceff49') in 0.0085348 seconds
Number of updated asset objects reloaded before import = 0Number of asset objects unloaded after import = 8

========================================================================
Received Import Request.
  Time since last request: 0.000012 seconds.
  path: Assets/Asset/Cartoon Temple Building Kit/Prefabs/Ground + Prefabs/Ground + Bright Prefabs/Ground + Bright 1x8.prefab
  artifactKey: Guid(6191ff4a5cc18d846b450386defb029a) Importer(2089858483,d624ce77472d68a35037170ec1d2d27e)
Start importing Assets/Asset/Cartoon Temple Building Kit/Prefabs/Ground + Prefabs/Ground + Bright Prefabs/Ground + Bright 1x8.prefab using Guid(6191ff4a5cc18d846b450386defb029a) Importer(2089858483,d624ce77472d68a35037170ec1d2d27e) (ScriptedImporter) -> (artifact id: '6688b352ab8605e3a1bef064c142eeb8') in 0.0090009 seconds
Number of updated asset objects reloaded before import = 0Number of asset objects unloaded after import = 8

========================================================================
Received Import Request.
  Time since last request: 0.000016 seconds.
  path: Assets/Asset/Cartoon Temple Building Kit/Prefabs/Ground X Prefabs/Ground X Dark Flat Prefabs/Ground X Dark Flat 4x8.prefab
  artifactKey: Guid(979870fd1f0eb764c9b0fb0f91e7645d) Importer(2089858483,d624ce77472d68a35037170ec1d2d27e)
Start importing Assets/Asset/Cartoon Temple Building Kit/Prefabs/Ground X Prefabs/Ground X Dark Flat Prefabs/Ground X Dark Flat 4x8.prefab using Guid(979870fd1f0eb764c9b0fb0f91e7645d) Importer(2089858483,d624ce77472d68a35037170ec1d2d27e) (ScriptedImporter) -> (artifact id: '821c2c1017bbfde7bbf9957fa4a4c87d') in 0.0113285 seconds
Number of updated asset objects reloaded before import = 0Number of asset objects unloaded after import = 8

========================================================================
Received Import Request.
  Time since last request: 0.000013 seconds.
  path: Assets/Asset/Cartoon Temple Building Kit/Prefabs/Platforms Stairs Fences Prefabs/Fences Prefabs/Fence 3 Dark.prefab
  artifactKey: Guid(ced33ef7aeab11a49a5971c76ecb16f3) Importer(2089858483,d624ce77472d68a35037170ec1d2d27e)
Start importing Assets/Asset/Cartoon Temple Building Kit/Prefabs/Platforms Stairs Fences Prefabs/Fences Prefabs/Fence 3 Dark.prefab using Guid(ced33ef7aeab11a49a5971c76ecb16f3) Importer(2089858483,d624ce77472d68a35037170ec1d2d27e) (ScriptedImporter) -> (artifact id: '2a0a2dd028d77000e8bd8af82aebbbd5') in 0.0097453 seconds
Number of updated asset objects reloaded before import = 0Number of asset objects unloaded after import = 8

========================================================================
Received Import Request.
  Time since last request: 0.000013 seconds.
  path: Assets/Asset/Cartoon Temple Building Kit/Prefabs/Platforms Stairs Fences Prefabs/Fences Prefabs/Fence 2 Bright.prefab
  artifactKey: Guid(e98a3a89678a56a4f9f656421dbca66e) Importer(2089858483,d624ce77472d68a35037170ec1d2d27e)
Start importing Assets/Asset/Cartoon Temple Building Kit/Prefabs/Platforms Stairs Fences Prefabs/Fences Prefabs/Fence 2 Bright.prefab using Guid(e98a3a89678a56a4f9f656421dbca66e) Importer(2089858483,d624ce77472d68a35037170ec1d2d27e) (ScriptedImporter) -> (artifact id: '634935f107984cfa693bc2d171b8cc9b') in 0.0105935 seconds
Number of updated asset objects reloaded before import = 0Number of asset objects unloaded after import = 8

========================================================================
Received Import Request.
  Time since last request: 0.000013 seconds.
  path: Assets/Asset/Cartoon Temple Building Kit/Prefabs/Ground X Prefabs/Ground X Bright Flat Prefabs/Ground X Bright Flat 2x1.prefab
  artifactKey: Guid(c1157d447d9802a488b39d5b305cbc89) Importer(2089858483,d624ce77472d68a35037170ec1d2d27e)
Start importing Assets/Asset/Cartoon Temple Building Kit/Prefabs/Ground X Prefabs/Ground X Bright Flat Prefabs/Ground X Bright Flat 2x1.prefab using Guid(c1157d447d9802a488b39d5b305cbc89) Importer(2089858483,d624ce77472d68a35037170ec1d2d27e) (ScriptedImporter) -> (artifact id: '018c3c69710ed563d3bf1cdc26ede9ee') in 0.0093906 seconds
Number of updated asset objects reloaded before import = 0Number of asset objects unloaded after import = 8

========================================================================
Received Import Request.
  Time since last request: 0.000016 seconds.
  path: Assets/Asset/Cartoon Temple Building Kit/Prefabs/Platforms Stairs Fences Prefabs/Fences Prefabs/Fence 3 Bright.prefab
  artifactKey: Guid(fa29bbad1bf1bc34590e5d5659049433) Importer(2089858483,d624ce77472d68a35037170ec1d2d27e)
Start importing Assets/Asset/Cartoon Temple Building Kit/Prefabs/Platforms Stairs Fences Prefabs/Fences Prefabs/Fence 3 Bright.prefab using Guid(fa29bbad1bf1bc34590e5d5659049433) Importer(2089858483,d624ce77472d68a35037170ec1d2d27e) (ScriptedImporter) -> (artifact id: '6ec4a7eb6ca0623afbbc535f57b1b1fe') in 0.0092935 seconds
Number of updated asset objects reloaded before import = 0Number of asset objects unloaded after import = 8

========================================================================
Received Import Request.
  Time since last request: 0.000016 seconds.
  path: Assets/Asset/Cartoon Temple Building Kit/Prefabs/Ground + Prefabs/Ground + Dark Flat Prefabs/Ground + Dark 4x8 Flat.prefab
  artifactKey: Guid(bc08c137fefdd1f46bb223e6afad62d3) Importer(2089858483,d624ce77472d68a35037170ec1d2d27e)
Start importing Assets/Asset/Cartoon Temple Building Kit/Prefabs/Ground + Prefabs/Ground + Dark Flat Prefabs/Ground + Dark 4x8 Flat.prefab using Guid(bc08c137fefdd1f46bb223e6afad62d3) Importer(2089858483,d624ce77472d68a35037170ec1d2d27e) (ScriptedImporter) -> (artifact id: 'ee2187b33c6a7154cad3c73b876ae4bf') in 0.0123009 seconds
Number of updated asset objects reloaded before import = 0Number of asset objects unloaded after import = 8

========================================================================
Received Import Request.
  Time since last request: 0.000016 seconds.
  path: Assets/Asset/Cartoon Temple Building Kit/Prefabs/Ground X Prefabs/Ground X Bright Flat Prefabs/Ground X Bright Flat 4x4.prefab
  artifactKey: Guid(7a7780a56b5b0804f8fc5b57fcc75b41) Importer(2089858483,d624ce77472d68a35037170ec1d2d27e)
Start importing Assets/Asset/Cartoon Temple Building Kit/Prefabs/Ground X Prefabs/Ground X Bright Flat Prefabs/Ground X Bright Flat 4x4.prefab using Guid(7a7780a56b5b0804f8fc5b57fcc75b41) Importer(2089858483,d624ce77472d68a35037170ec1d2d27e) (ScriptedImporter) -> (artifact id: 'b12061e06237861a5f86c8167ed78394') in 0.0097546 seconds
Number of updated asset objects reloaded before import = 0Number of asset objects unloaded after import = 8

========================================================================
Received Import Request.
  Time since last request: 0.000018 seconds.
  path: Assets/Asset/Cartoon Temple Building Kit/Prefabs/Ground X Prefabs/Ground X Mix Prefabs/Ground X Mix 4x1.prefab
  artifactKey: Guid(b30e76af0637b8c468bcb408596c34b2) Importer(2089858483,d624ce77472d68a35037170ec1d2d27e)
Start importing Assets/Asset/Cartoon Temple Building Kit/Prefabs/Ground X Prefabs/Ground X Mix Prefabs/Ground X Mix 4x1.prefab using Guid(b30e76af0637b8c468bcb408596c34b2) Importer(2089858483,d624ce77472d68a35037170ec1d2d27e) (ScriptedImporter) -> (artifact id: '22a5a5ee940c3860971d2cad356e7e77') in 0.0088274 seconds
Number of updated asset objects reloaded before import = 0Number of asset objects unloaded after import = 8

========================================================================
Received Import Request.
  Time since last request: 0.000013 seconds.
  path: Assets/Asset/Cartoon Temple Building Kit/Fbx/Ground X/Ground X Bright/Ground X Bright 1x4.fbx
  artifactKey: Guid(5b15b6a30059b3d41b11298ed02fa55d) Importer(2089858483,d624ce77472d68a35037170ec1d2d27e)
Start importing Assets/Asset/Cartoon Temple Building Kit/Fbx/Ground X/Ground X Bright/Ground X Bright 1x4.fbx using Guid(5b15b6a30059b3d41b11298ed02fa55d) Importer(2089858483,d624ce77472d68a35037170ec1d2d27e) (ScriptedImporter) -> (artifact id: '4185fe7a4b2c7d02b4f6d621ffe9897e') in 0.0183759 seconds
Number of updated asset objects reloaded before import = 0Number of asset objects unloaded after import = 8

========================================================================
Received Import Request.
  Time since last request: 0.000015 seconds.
  path: Assets/Asset/Cartoon Temple Building Kit/Prefabs/Ground X Prefabs/Ground X Dark Flat Prefabs/Ground X Dark Flat 2x4.prefab
  artifactKey: Guid(f1cf1c595b5aab447a757e94fc074825) Importer(2089858483,d624ce77472d68a35037170ec1d2d27e)
Start importing Assets/Asset/Cartoon Temple Building Kit/Prefabs/Ground X Prefabs/Ground X Dark Flat Prefabs/Ground X Dark Flat 2x4.prefab using Guid(f1cf1c595b5aab447a757e94fc074825) Importer(2089858483,d624ce77472d68a35037170ec1d2d27e) (ScriptedImporter) -> (artifact id: '7e254096ed48bf362e8be428438fe57b') in 0.0097196 seconds
Number of updated asset objects reloaded before import = 0Number of asset objects unloaded after import = 8

========================================================================
Received Import Request.
  Time since last request: 0.000013 seconds.
  path: Assets/Asset/Simple UI/Simple Vector Icons/128px/UI_Icon_Trophy.png
  artifactKey: Guid(75b7b72a760384741a5ae2502e120f33) Importer(2089858483,d624ce77472d68a35037170ec1d2d27e)
Start importing Assets/Asset/Simple UI/Simple Vector Icons/128px/UI_Icon_Trophy.png using Guid(75b7b72a760384741a5ae2502e120f33) Importer(2089858483,d624ce77472d68a35037170ec1d2d27e) (ScriptedImporter) -> (artifact id: 'bb0356d7f042f31cf08e01685b8ab0d8') in 0.0124836 seconds
Number of updated asset objects reloaded before import = 0Number of asset objects unloaded after import = 3

========================================================================
Received Import Request.
  Time since last request: 0.000012 seconds.
  path: Assets/Asset/Simple UI/Simple Vector Icons/128px/UI_Icon_SocialInstagram.png
  artifactKey: Guid(8c7dfc8bf7b8f489a9b4cb878269cbc6) Importer(2089858483,d624ce77472d68a35037170ec1d2d27e)
Start importing Assets/Asset/Simple UI/Simple Vector Icons/128px/UI_Icon_SocialInstagram.png using Guid(8c7dfc8bf7b8f489a9b4cb878269cbc6) Importer(2089858483,d624ce77472d68a35037170ec1d2d27e) (ScriptedImporter) -> (artifact id: 'd735c0743e238fadcda877ce7b32bdb7') in 0.01461 seconds
Number of updated asset objects reloaded before import = 0Number of asset objects unloaded after import = 3

========================================================================
Received Import Request.
  Time since last request: 0.000015 seconds.
  path: Assets/Asset/Cartoon Temple Building Kit/Prefabs/Ground + Prefabs/Ground + Mix Flat Prefabs/Ground + Mix 2x8 Flat.prefab
  artifactKey: Guid(cfc39d32932a17f439c77ac4efabe743) Importer(2089858483,d624ce77472d68a35037170ec1d2d27e)
Start importing Assets/Asset/Cartoon Temple Building Kit/Prefabs/Ground + Prefabs/Ground + Mix Flat Prefabs/Ground + Mix 2x8 Flat.prefab using Guid(cfc39d32932a17f439c77ac4efabe743) Importer(2089858483,d624ce77472d68a35037170ec1d2d27e) (ScriptedImporter) -> (artifact id: 'c17af75f18346bb5b59438042fab3e07') in 0.0086946 seconds
Number of updated asset objects reloaded before import = 0Number of asset objects unloaded after import = 8

========================================================================
Received Import Request.
  Time since last request: 0.000012 seconds.
  path: Assets/Asset/Simple UI/Simple Vector Icons/128px/UI_Icon_Save2.png
  artifactKey: Guid(198ed74cf9455487eac5895a4cbaba42) Importer(2089858483,d624ce77472d68a35037170ec1d2d27e)
Start importing Assets/Asset/Simple UI/Simple Vector Icons/128px/UI_Icon_Save2.png using Guid(198ed74cf9455487eac5895a4cbaba42) Importer(2089858483,d624ce77472d68a35037170ec1d2d27e) (ScriptedImporter) -> (artifact id: 'c9a53be3c0d86cc041036e04448d7bd7') in 0.0124514 seconds
Number of updated asset objects reloaded before import = 0Number of asset objects unloaded after import = 3

========================================================================
Received Import Request.
  Time since last request: 0.000016 seconds.
  path: Assets/Asset/Cartoon Temple Building Kit/Fbx/Platforms Stairs Fences/Stairs/Stairs 6.fbx
  artifactKey: Guid(3119a94d80cea91419e6ce00f3bf9d01) Importer(2089858483,d624ce77472d68a35037170ec1d2d27e)
Start importing Assets/Asset/Cartoon Temple Building Kit/Fbx/Platforms Stairs Fences/Stairs/Stairs 6.fbx using Guid(3119a94d80cea91419e6ce00f3bf9d01) Importer(2089858483,d624ce77472d68a35037170ec1d2d27e) (ScriptedImporter) -> (artifact id: '365c422546ed505f868efda3524f6635') in 0.0190476 seconds
Number of updated asset objects reloaded before import = 0Number of asset objects unloaded after import = 8

========================================================================
Received Import Request.
  Time since last request: 0.000016 seconds.
  path: Assets/Asset/Cartoon Temple Building Kit/Fbx/Decorative/FloorBlocks Corners Walls/Floor Blocks 6.fbx
  artifactKey: Guid(f0ec52e2b364c164bbdfea9a72712b90) Importer(2089858483,d624ce77472d68a35037170ec1d2d27e)
Start importing Assets/Asset/Cartoon Temple Building Kit/Fbx/Decorative/FloorBlocks Corners Walls/Floor Blocks 6.fbx using Guid(f0ec52e2b364c164bbdfea9a72712b90) Importer(2089858483,d624ce77472d68a35037170ec1d2d27e) (ScriptedImporter) -> (artifact id: '833afc0dbb7e00f4547020ec2c2edf5e') in 0.0205929 seconds
Number of updated asset objects reloaded before import = 0Number of asset objects unloaded after import = 8

========================================================================
Received Import Request.
  Time since last request: 0.000021 seconds.
  path: Assets/Asset/Cartoon Temple Building Kit/Fbx/Ground X/Ground X Bright/Ground X Bright 1x2.fbx
  artifactKey: Guid(156585fe28a08b947ba52dee294aa258) Importer(2089858483,d624ce77472d68a35037170ec1d2d27e)
Start importing Assets/Asset/Cartoon Temple Building Kit/Fbx/Ground X/Ground X Bright/Ground X Bright 1x2.fbx using Guid(156585fe28a08b947ba52dee294aa258) Importer(2089858483,d624ce77472d68a35037170ec1d2d27e) (ScriptedImporter) -> (artifact id: '19c41c6bfff34749a06ca15f27896858') in 0.0195091 seconds
Number of updated asset objects reloaded before import = 0Number of asset objects unloaded after import = 8

========================================================================
Received Import Request.
  Time since last request: 0.000013 seconds.
  path: Assets/Asset/Cartoon Temple Building Kit/Fbx/Ground X/Ground X Dark Flat/Ground X Dark Flat 8x8.fbx
  artifactKey: Guid(4657aa71d9c310448bd5c192d3ae52dc) Importer(2089858483,d624ce77472d68a35037170ec1d2d27e)
Start importing Assets/Asset/Cartoon Temple Building Kit/Fbx/Ground X/Ground X Dark Flat/Ground X Dark Flat 8x8.fbx using Guid(4657aa71d9c310448bd5c192d3ae52dc) Importer(2089858483,d624ce77472d68a35037170ec1d2d27e) (ScriptedImporter) -> (artifact id: '15b8558712e391b7fd5c7ca89d49fe39') in 0.0173039 seconds
Number of updated asset objects reloaded before import = 0Number of asset objects unloaded after import = 8

========================================================================
Received Import Request.
  Time since last request: 0.000015 seconds.
  path: Assets/Asset/Cartoon Temple Building Kit/Prefabs/Decorative Prefabs/FloorBlocks Corners Walls Prefabs/Floor Blocks 18.prefab
  artifactKey: Guid(5f0d7459e1ea54d4780a6c54db08c75e) Importer(2089858483,d624ce77472d68a35037170ec1d2d27e)
Start importing Assets/Asset/Cartoon Temple Building Kit/Prefabs/Decorative Prefabs/FloorBlocks Corners Walls Prefabs/Floor Blocks 18.prefab using Guid(5f0d7459e1ea54d4780a6c54db08c75e) Importer(2089858483,d624ce77472d68a35037170ec1d2d27e) (ScriptedImporter) -> (artifact id: '2760da10b410c8d784096c69376ea386') in 0.0108527 seconds
Number of updated asset objects reloaded before import = 0Number of asset objects unloaded after import = 8

========================================================================
Received Import Request.
  Time since last request: 0.000012 seconds.
  path: Assets/Asset/Cartoon Temple Building Kit/Fbx/Ground +/Ground + Mix Flat/Ground + Mix 4x1 Flat.fbx
  artifactKey: Guid(f982a91216011984cb6a4afece127eba) Importer(2089858483,d624ce77472d68a35037170ec1d2d27e)
Start importing Assets/Asset/Cartoon Temple Building Kit/Fbx/Ground +/Ground + Mix Flat/Ground + Mix 4x1 Flat.fbx using Guid(f982a91216011984cb6a4afece127eba) Importer(2089858483,d624ce77472d68a35037170ec1d2d27e) (ScriptedImporter) -> (artifact id: '79e08a065b16ddfe4407810a9414ed71') in 0.0158921 seconds
Number of updated asset objects reloaded before import = 0Number of asset objects unloaded after import = 8

========================================================================
Received Import Request.
  Time since last request: 0.000013 seconds.
  path: Assets/Asset/Cartoon Temple Building Kit/Fbx/Decorative/FloorBlocks Corners Walls/Floor Blocks 2.fbx
  artifactKey: Guid(9b96ab0463d5a9147aa9d86ec2f1fd66) Importer(2089858483,d624ce77472d68a35037170ec1d2d27e)
Start importing Assets/Asset/Cartoon Temple Building Kit/Fbx/Decorative/FloorBlocks Corners Walls/Floor Blocks 2.fbx using Guid(9b96ab0463d5a9147aa9d86ec2f1fd66) Importer(2089858483,d624ce77472d68a35037170ec1d2d27e) (ScriptedImporter) -> (artifact id: '1be9dbdb2f710cc7f7ad2910ce112cf9') in 0.0139968 seconds
Number of updated asset objects reloaded before import = 0Number of asset objects unloaded after import = 8

========================================================================
Received Import Request.
  Time since last request: 0.000013 seconds.
  path: Assets/Asset/Pipes/Pipes/Mesh/obj/pipe-bending-4.obj
  artifactKey: Guid(62c71bac0d242224fb5a15bb4b7ea947) Importer(2089858483,d624ce77472d68a35037170ec1d2d27e)
Start importing Assets/Asset/Pipes/Pipes/Mesh/obj/pipe-bending-4.obj using Guid(62c71bac0d242224fb5a15bb4b7ea947) Importer(2089858483,d624ce77472d68a35037170ec1d2d27e) (ScriptedImporter) -> (artifact id: 'b3f0c03f4e8858981281d9e44d943c8b') in 0.0128784 seconds
Number of updated asset objects reloaded before import = 0Number of asset objects unloaded after import = 9

========================================================================
Received Import Request.
  Time since last request: 0.000015 seconds.
  path: Assets/Asset/Cartoon Temple Building Kit/Fbx/Ground X/Ground X Mix/Materials/Cartoon Temple Builder Kit.mat
  artifactKey: Guid(8ca71a62309d4c646819183b574e0c06) Importer(2089858483,d624ce77472d68a35037170ec1d2d27e)
Start importing Assets/Asset/Cartoon Temple Building Kit/Fbx/Ground X/Ground X Mix/Materials/Cartoon Temple Builder Kit.mat using Guid(8ca71a62309d4c646819183b574e0c06) Importer(2089858483,d624ce77472d68a35037170ec1d2d27e) (ScriptedImporter) -> (artifact id: 'fcd02d3de24c5ee628ef59be974660e0') in 0.0075696 seconds
Number of updated asset objects reloaded before import = 0Number of asset objects unloaded after import = 2

========================================================================
Received Import Request.
  Time since last request: 0.000012 seconds.
  path: Assets/Asset/Standard Assets/Characters/RollerBall/Textures/RollerBallAlbedo.png
  artifactKey: Guid(4b42c70f54fe4f24d84cdc651f46c005) Importer(2089858483,d624ce77472d68a35037170ec1d2d27e)
Start importing Assets/Asset/Standard Assets/Characters/RollerBall/Textures/RollerBallAlbedo.png using Guid(4b42c70f54fe4f24d84cdc651f46c005) Importer(2089858483,d624ce77472d68a35037170ec1d2d27e) (ScriptedImporter) -> (artifact id: '78de9a70c2636087376de29b6685ad18') in 0.0098558 seconds
Number of updated asset objects reloaded before import = 0Number of asset objects unloaded after import = 1

========================================================================
Received Import Request.
  Time since last request: 0.000022 seconds.
  path: Assets/Asset/Cartoon Temple Building Kit/Fbx/Ground +/Ground + Mix/Materials/Cartoon Temple Builder Kit.mat
  artifactKey: Guid(78d91eaeb8d4d064d88c01884875692c) Importer(2089858483,d624ce77472d68a35037170ec1d2d27e)
Start importing Assets/Asset/Cartoon Temple Building Kit/Fbx/Ground +/Ground + Mix/Materials/Cartoon Temple Builder Kit.mat using Guid(78d91eaeb8d4d064d88c01884875692c) Importer(2089858483,d624ce77472d68a35037170ec1d2d27e) (ScriptedImporter) -> (artifact id: 'e2093fdef1bee24e16163a32c76dca64') in 0.0061357 seconds
Number of updated asset objects reloaded before import = 0Number of asset objects unloaded after import = 2

========================================================================
Received Import Request.
  Time since last request: 0.000012 seconds.
  path: Assets/Asset/Cartoon Temple Building Kit/Prefabs/Platforms Stairs Fences Prefabs/Platforms With Fence Prefabs/Platform Fence 1x9x13.prefab
  artifactKey: Guid(bac106d7a635ade45bf6bb523401bfba) Importer(2089858483,d624ce77472d68a35037170ec1d2d27e)
Start importing Assets/Asset/Cartoon Temple Building Kit/Prefabs/Platforms Stairs Fences Prefabs/Platforms With Fence Prefabs/Platform Fence 1x9x13.prefab using Guid(bac106d7a635ade45bf6bb523401bfba) Importer(2089858483,d624ce77472d68a35037170ec1d2d27e) (ScriptedImporter) -> (artifact id: '9692a46dc3d04a9304044c939f2ce2b8') in 0.0085913 seconds
Number of updated asset objects reloaded before import = 0Number of asset objects unloaded after import = 8

========================================================================
Received Import Request.
  Time since last request: 0.000012 seconds.
  path: Assets/Asset/Cartoon Temple Building Kit/Fbx/Ground Path/Ground Path Flat/Materials/Cartoon Temple Builder Kit.mat
  artifactKey: Guid(1bc6ab3787a2dcb45aa2221c4b262bd9) Importer(2089858483,d624ce77472d68a35037170ec1d2d27e)
Start importing Assets/Asset/Cartoon Temple Building Kit/Fbx/Ground Path/Ground Path Flat/Materials/Cartoon Temple Builder Kit.mat using Guid(1bc6ab3787a2dcb45aa2221c4b262bd9) Importer(2089858483,d624ce77472d68a35037170ec1d2d27e) (ScriptedImporter) -> (artifact id: 'd5e134159bcc045691b0d9d96385cdef') in 0.0308499 seconds
Number of updated asset objects reloaded before import = 0Number of asset objects unloaded after import = 2

========================================================================
Received Import Request.
  Time since last request: 0.000018 seconds.
  path: Assets/Asset/FarlandSkies/Skyboxes/CloudyCrown_03_Midnight/Textures/CloudyCrown_Midnight_Right.png
  artifactKey: Guid(8c84ddb32342f7a409915f46705fcc5a) Importer(2089858483,d624ce77472d68a35037170ec1d2d27e)
Start importing Assets/Asset/FarlandSkies/Skyboxes/CloudyCrown_03_Midnight/Textures/CloudyCrown_Midnight_Right.png using Guid(8c84ddb32342f7a409915f46705fcc5a) Importer(2089858483,d624ce77472d68a35037170ec1d2d27e) (ScriptedImporter) -> (artifact id: '0629215b76c27f9f9db3dd2c8226d6dc') in 0.0109198 seconds
Number of updated asset objects reloaded before import = 0Number of asset objects unloaded after import = 1

========================================================================
Received Import Request.
  Time since last request: 0.000030 seconds.
  path: Assets/Asset/Pipes/Pipes/Materials/Textures/Pipes-2_DefaultMaterial_MetallicSmoothness.png
  artifactKey: Guid(1f7e14b23f5e7ec42b996319089f2a6e) Importer(2089858483,d624ce77472d68a35037170ec1d2d27e)
Start importing Assets/Asset/Pipes/Pipes/Materials/Textures/Pipes-2_DefaultMaterial_MetallicSmoothness.png using Guid(1f7e14b23f5e7ec42b996319089f2a6e) Importer(2089858483,d624ce77472d68a35037170ec1d2d27e) (ScriptedImporter) -> (artifact id: 'bd0b127076b7564c6b6b5542413de6dc') in 0.0128629 seconds
Number of updated asset objects reloaded before import = 0Number of asset objects unloaded after import = 1

========================================================================
Received Import Request.
  Time since last request: 0.000031 seconds.
  path: Assets/Asset/FarlandSkies/Skyboxes/CloudyCrown_04_Sunset/Textures/CloudyCrown_Sunset_Back.png
  artifactKey: Guid(fb83d65eeed886840908f1c4482ffbe4) Importer(2089858483,d624ce77472d68a35037170ec1d2d27e)
Start importing Assets/Asset/FarlandSkies/Skyboxes/CloudyCrown_04_Sunset/Textures/CloudyCrown_Sunset_Back.png using Guid(fb83d65eeed886840908f1c4482ffbe4) Importer(2089858483,d624ce77472d68a35037170ec1d2d27e) (ScriptedImporter) -> (artifact id: 'a5ff27619518caac3cd4819db542e9fd') in 0.0115071 seconds
Number of updated asset objects reloaded before import = 0Number of asset objects unloaded after import = 1

========================================================================
Received Import Request.
  Time since last request: 0.000013 seconds.
  path: Assets/Asset/Standard Assets/Characters/RollerBall/Prefabs/RollerBall.controller
  artifactKey: Guid(49ec3a4aef19f6746ad3b294749b4bed) Importer(2089858483,d624ce77472d68a35037170ec1d2d27e)
Start importing Assets/Asset/Standard Assets/Characters/RollerBall/Prefabs/RollerBall.controller using Guid(49ec3a4aef19f6746ad3b294749b4bed) Importer(2089858483,d624ce77472d68a35037170ec1d2d27e) (ScriptedImporter) -> (artifact id: 'b1516676488111a5e61ec47bc2fe383a') in 0.0035726 seconds
Number of updated asset objects reloaded before import = 0Number of asset objects unloaded after import = 3

========================================================================
Received Import Request.
  Time since last request: 0.000025 seconds.
  path: Assets/Asset/FarlandSkies/Skyboxes/CloudyCrown_05_Daybreak/Textures/CloudyCrown_Daybreak_Left.png
  artifactKey: Guid(4bc70c48f58c2c44bb60f3c8719f38c7) Importer(2089858483,d624ce77472d68a35037170ec1d2d27e)
Start importing Assets/Asset/FarlandSkies/Skyboxes/CloudyCrown_05_Daybreak/Textures/CloudyCrown_Daybreak_Left.png using Guid(4bc70c48f58c2c44bb60f3c8719f38c7) Importer(2089858483,d624ce77472d68a35037170ec1d2d27e) (ScriptedImporter) -> (artifact id: 'b606917764b127b56ac599307a5eed54') in 0.0121573 seconds
Number of updated asset objects reloaded before import = 0Number of asset objects unloaded after import = 1

========================================================================
Received Import Request.
  Time since last request: 0.000025 seconds.
  path: Assets/Asset/Cartoon Temple Building Kit/Fbx/Ground +/Ground + Bright/Materials/Cartoon Temple Builder Kit.mat
  artifactKey: Guid(5d057bc43b6293f46994bc91919f9eb5) Importer(2089858483,d624ce77472d68a35037170ec1d2d27e)
Start importing Assets/Asset/Cartoon Temple Building Kit/Fbx/Ground +/Ground + Bright/Materials/Cartoon Temple Builder Kit.mat using Guid(5d057bc43b6293f46994bc91919f9eb5) Importer(2089858483,d624ce77472d68a35037170ec1d2d27e) (ScriptedImporter) -> (artifact id: '12f5c97a38d1e9948c9ca564260375a9') in 0.0069511 seconds
Number of updated asset objects reloaded before import = 0Number of asset objects unloaded after import = 2

========================================================================
Received Import Request.
  Time since last request: 0.000015 seconds.
  path: Assets/Asset/Pipes/Pipes/Mesh/obj/pipe_col_8.obj
  artifactKey: Guid(1a5bf7aabe74f5648969d5bac4075b66) Importer(2089858483,d624ce77472d68a35037170ec1d2d27e)
Start importing Assets/Asset/Pipes/Pipes/Mesh/obj/pipe_col_8.obj using Guid(1a5bf7aabe74f5648969d5bac4075b66) Importer(2089858483,d624ce77472d68a35037170ec1d2d27e) (ScriptedImporter) -> (artifact id: 'a34bae21e7d508747599cd0a7068a059') in 0.0089589 seconds
Number of updated asset objects reloaded before import = 0Number of asset objects unloaded after import = 9

========================================================================
Received Import Request.
  Time since last request: 0.000019 seconds.
  path: Assets/Asset/FarlandSkies/Skyboxes/CloudyCrown_04_Sunset/Textures/CloudyCrown_Sunset_Left.png
  artifactKey: Guid(3a1c3cd9f2f146245be4af3a1123a528) Importer(2089858483,d624ce77472d68a35037170ec1d2d27e)
Start importing Assets/Asset/FarlandSkies/Skyboxes/CloudyCrown_04_Sunset/Textures/CloudyCrown_Sunset_Left.png using Guid(3a1c3cd9f2f146245be4af3a1123a528) Importer(2089858483,d624ce77472d68a35037170ec1d2d27e) (ScriptedImporter) -> (artifact id: '86515ca0e209e98f1199f46090862443') in 0.0121938 seconds
Number of updated asset objects reloaded before import = 0Number of asset objects unloaded after import = 1

========================================================================
Received Import Request.
  Time since last request: 0.000015 seconds.
  path: Assets/Asset/Standard Assets/Characters/RollerBall/Prefabs/RollerBall.prefab
  artifactKey: Guid(753ea9ccf9eee6c42a0954ec8663b992) Importer(2089858483,d624ce77472d68a35037170ec1d2d27e)
Start importing Assets/Asset/Standard Assets/Characters/RollerBall/Prefabs/RollerBall.prefab using Guid(753ea9ccf9eee6c42a0954ec8663b992) Importer(2089858483,d624ce77472d68a35037170ec1d2d27e) (ScriptedImporter) -> (artifact id: '50ad09d91aae1d31f15827fff7630de3') in 0.0195227 seconds
Number of updated asset objects reloaded before import = 0Number of asset objects unloaded after import = 13

========================================================================
Received Import Request.
  Time since last request: 0.000013 seconds.
  path: Assets/Asset/Standard Assets/Characters/RollerBall/Models/RollerBall.fbx
  artifactKey: Guid(d05d496cb4f43c14e80630addd23652e) Importer(2089858483,d624ce77472d68a35037170ec1d2d27e)
Start importing Assets/Asset/Standard Assets/Characters/RollerBall/Models/RollerBall.fbx using Guid(d05d496cb4f43c14e80630addd23652e) Importer(2089858483,d624ce77472d68a35037170ec1d2d27e) (ScriptedImporter) -> (artifact id: '6e2aafcb898ea294349229d0ff8ff382') in 0.0124244 seconds
Number of updated asset objects reloaded before import = 0Number of asset objects unloaded after import = 8

========================================================================
Received Import Request.
  Time since last request: 0.000014 seconds.
  path: Assets/GoogleMobileAds/Editor/Resources/PlaceholderAds/AppOpen/1024x768.prefab
  artifactKey: Guid(30454d768d0994255b52eafa89dad8e2) Importer(2089858483,d624ce77472d68a35037170ec1d2d27e)
Start importing Assets/GoogleMobileAds/Editor/Resources/PlaceholderAds/AppOpen/1024x768.prefab using Guid(30454d768d0994255b52eafa89dad8e2) Importer(2089858483,d624ce77472d68a35037170ec1d2d27e) (ScriptedImporter) -> (artifact id: 'f0daa8ebfa9380ef3d33544cea4a7f98') in 0.0189256 seconds
Number of updated asset objects reloaded before import = 0Number of asset objects unloaded after import = 26

========================================================================
Received Import Request.
  Time since last request: 0.000018 seconds.
  path: Assets/Asset/Standard Assets/Characters/RollerBall/Textures/RollerBallSpecularGloss.png
  artifactKey: Guid(7700d93a317c89246a647c7a6c3e7399) Importer(2089858483,d624ce77472d68a35037170ec1d2d27e)
Start importing Assets/Asset/Standard Assets/Characters/RollerBall/Textures/RollerBallSpecularGloss.png using Guid(7700d93a317c89246a647c7a6c3e7399) Importer(2089858483,d624ce77472d68a35037170ec1d2d27e) (ScriptedImporter) -> (artifact id: '7d52e8ab73f4e4a78c3556a24ae806b8') in 0.011648 seconds
Number of updated asset objects reloaded before import = 0Number of asset objects unloaded after import = 1

========================================================================
Received Import Request.
  Time since last request: 0.000026 seconds.
  path: Assets/Asset/Cartoon Temple Building Kit/Prefabs/Platforms Stairs Fences Prefabs/Platforms Prefabs/Platform 2x5x13.prefab
  artifactKey: Guid(11569b238abeff84ea57b88ce242218a) Importer(2089858483,d624ce77472d68a35037170ec1d2d27e)
Start importing Assets/Asset/Cartoon Temple Building Kit/Prefabs/Platforms Stairs Fences Prefabs/Platforms Prefabs/Platform 2x5x13.prefab using Guid(11569b238abeff84ea57b88ce242218a) Importer(2089858483,d624ce77472d68a35037170ec1d2d27e) (ScriptedImporter) -> (artifact id: '2409e4a1c2db5bfde29aba6e3119cd37') in 0.0089022 seconds
Number of updated asset objects reloaded before import = 0Number of asset objects unloaded after import = 8

========================================================================
Received Import Request.
  Time since last request: 0.000013 seconds.
  path: Assets/Asset/Standard Assets/CrossPlatformInput/Scripts/PlatformSpecific/MobileInput.cs
  artifactKey: Guid(9703d53e47195aa4190acd11369ccd1b) Importer(2089858483,d624ce77472d68a35037170ec1d2d27e)
Start importing Assets/Asset/Standard Assets/CrossPlatformInput/Scripts/PlatformSpecific/MobileInput.cs using Guid(9703d53e47195aa4190acd11369ccd1b) Importer(2089858483,d624ce77472d68a35037170ec1d2d27e) (ScriptedImporter) -> (artifact id: '6c302d36b99811728e4b0245ff7e3bf2') in 0.0028848 seconds
Number of updated asset objects reloaded before import = 0Number of asset objects unloaded after import = 0

========================================================================
Received Import Request.
  Time since last request: 0.000060 seconds.
  path: Assets/GoogleMobileAds/Editor/Resources/PlaceholderAds/AdImages/320x480.png
  artifactKey: Guid(77d9c04b43d404f44ab60d7159b279bb) Importer(2089858483,d624ce77472d68a35037170ec1d2d27e)
Start importing Assets/GoogleMobileAds/Editor/Resources/PlaceholderAds/AdImages/320x480.png using Guid(77d9c04b43d404f44ab60d7159b279bb) Importer(2089858483,d624ce77472d68a35037170ec1d2d27e) (ScriptedImporter) -> (artifact id: 'd74184ecf00e99fd972716285f4436e7') in 0.0112975 seconds
Number of updated asset objects reloaded before import = 0Number of asset objects unloaded after import = 3

========================================================================
Received Import Request.
  Time since last request: 0.000016 seconds.
  path: Assets/Asset/Cartoon Temple Building Kit/Prefabs/Platforms Stairs Fences Prefabs/Platforms With Fence Prefabs/Platform Fence 1x13x13.prefab
  artifactKey: Guid(7ee5a08ef31681a49bc9b85322ab619a) Importer(2089858483,d624ce77472d68a35037170ec1d2d27e)
Start importing Assets/Asset/Cartoon Temple Building Kit/Prefabs/Platforms Stairs Fences Prefabs/Platforms With Fence Prefabs/Platform Fence 1x13x13.prefab using Guid(7ee5a08ef31681a49bc9b85322ab619a) Importer(2089858483,d624ce77472d68a35037170ec1d2d27e) (ScriptedImporter) -> (artifact id: '88581094a76fa84cfcab38c891867cc5') in 0.0080898 seconds
Number of updated asset objects reloaded before import = 0Number of asset objects unloaded after import = 8

========================================================================
Received Import Request.
  Time since last request: 0.000012 seconds.
  path: Assets/Asset/Pipes/Pipes/Mesh/obj/pipe_col_4.obj
  artifactKey: Guid(7987e4b088ac6ea4b93b42d9d27968b4) Importer(2089858483,d624ce77472d68a35037170ec1d2d27e)
Start importing Assets/Asset/Pipes/Pipes/Mesh/obj/pipe_col_4.obj using Guid(7987e4b088ac6ea4b93b42d9d27968b4) Importer(2089858483,d624ce77472d68a35037170ec1d2d27e) (ScriptedImporter) -> (artifact id: '5ac12aa4f7afad9bdc629c19decad0c2') in 0.0120602 seconds
Number of updated asset objects reloaded before import = 0Number of asset objects unloaded after import = 9

========================================================================
Received Import Request.
  Time since last request: 0.000017 seconds.
  path: Assets/Asset/FarlandSkies/Skyboxes/CloudyCrown_04_Sunset/Textures/CloudyCrown_Sunset_Up.png
  artifactKey: Guid(53897097b1cb7644eb130bc157b99eaf) Importer(2089858483,d624ce77472d68a35037170ec1d2d27e)
Start importing Assets/Asset/FarlandSkies/Skyboxes/CloudyCrown_04_Sunset/Textures/CloudyCrown_Sunset_Up.png using Guid(53897097b1cb7644eb130bc157b99eaf) Importer(2089858483,d624ce77472d68a35037170ec1d2d27e) (ScriptedImporter) -> (artifact id: '61f0bfe2957cdf3f2f9ca0d3bb68826d') in 0.0126062 seconds
Number of updated asset objects reloaded before import = 0Number of asset objects unloaded after import = 1

========================================================================
Received Import Request.
  Time since last request: 0.000015 seconds.
  path: Assets/GoogleMobileAds/Editor/Resources/PlaceholderAds/Banners/SMART_BANNER.prefab
  artifactKey: Guid(15069cdc38e2b41f7836116419a9187c) Importer(2089858483,d624ce77472d68a35037170ec1d2d27e)
Start importing Assets/GoogleMobileAds/Editor/Resources/PlaceholderAds/Banners/SMART_BANNER.prefab using Guid(15069cdc38e2b41f7836116419a9187c) Importer(2089858483,d624ce77472d68a35037170ec1d2d27e) (ScriptedImporter) -> (artifact id: 'c94e99b18528f4e2a81dec6f20f78bca') in 0.010127 seconds
Number of updated asset objects reloaded before import = 0Number of asset objects unloaded after import = 16

========================================================================
Received Import Request.
  Time since last request: 0.000015 seconds.
  path: Assets/Asset/FarlandSkies/Skyboxes/CloudyCrown_04_Sunset/Textures/CloudyCrown_Sunset_Right.png
  artifactKey: Guid(7f934c5ce832dfb4991233d48e1cd7e1) Importer(2089858483,d624ce77472d68a35037170ec1d2d27e)
Start importing Assets/Asset/FarlandSkies/Skyboxes/CloudyCrown_04_Sunset/Textures/CloudyCrown_Sunset_Right.png using Guid(7f934c5ce832dfb4991233d48e1cd7e1) Importer(2089858483,d624ce77472d68a35037170ec1d2d27e) (ScriptedImporter) -> (artifact id: 'f893258b11f7e916b2e61f4c52cbbf83') in 0.0115906 seconds
Number of updated asset objects reloaded before import = 0Number of asset objects unloaded after import = 1

========================================================================
Received Import Request.
  Time since last request: 0.000031 seconds.
  path: Assets/Asset/FarlandSkies/Skyboxes/CloudyCrown_02_Evening/Textures/CloudyCrown_Evening_Down.png
  artifactKey: Guid(1fe26ef1655e3424b8a9a77e4ef0523d) Importer(2089858483,d624ce77472d68a35037170ec1d2d27e)
Start importing Assets/Asset/FarlandSkies/Skyboxes/CloudyCrown_02_Evening/Textures/CloudyCrown_Evening_Down.png using Guid(1fe26ef1655e3424b8a9a77e4ef0523d) Importer(2089858483,d624ce77472d68a35037170ec1d2d27e) (ScriptedImporter) -> (artifact id: '10555db2383ed9589e60d22c7ade5b5e') in 0.0112456 seconds
Number of updated asset objects reloaded before import = 0Number of asset objects unloaded after import = 1

========================================================================
Received Import Request.
  Time since last request: 0.000013 seconds.
  path: Assets/Asset/Cartoon Temple Building Kit/Fbx/Platforms Stairs Fences/Fences/Fence Dark Corner Block.fbx
  artifactKey: Guid(d7e529508b5099546be2ceabde571fa7) Importer(2089858483,d624ce77472d68a35037170ec1d2d27e)
Start importing Assets/Asset/Cartoon Temple Building Kit/Fbx/Platforms Stairs Fences/Fences/Fence Dark Corner Block.fbx using Guid(d7e529508b5099546be2ceabde571fa7) Importer(2089858483,d624ce77472d68a35037170ec1d2d27e) (ScriptedImporter) -> (artifact id: 'e91481c5126d1944fea61e2c62d0bc73') in 0.0145112 seconds
Number of updated asset objects reloaded before import = 0Number of asset objects unloaded after import = 8

========================================================================
Received Import Request.
  Time since last request: 0.000015 seconds.
  path: Assets/Asset/Cartoon Temple Building Kit/Fbx/Ground Path/Ground Path/Ground Path One.fbx
  artifactKey: Guid(61c8a689e2f4dd4498d21ea2897f74b4) Importer(2089858483,d624ce77472d68a35037170ec1d2d27e)
Start importing Assets/Asset/Cartoon Temple Building Kit/Fbx/Ground Path/Ground Path/Ground Path One.fbx using Guid(61c8a689e2f4dd4498d21ea2897f74b4) Importer(2089858483,d624ce77472d68a35037170ec1d2d27e) (ScriptedImporter) -> (artifact id: '819e04b39d21d9dd96cc6a0c2c379212') in 0.0128454 seconds
Number of updated asset objects reloaded before import = 0Number of asset objects unloaded after import = 8

========================================================================
Received Import Request.
  Time since last request: 0.000014 seconds.
  path: Assets/Asset/Simple UI/Simple Vector Icons/128px/UI_Icon_Chat.png
  artifactKey: Guid(e91cf4aa8cec148a4b6ba86eefc6a553) Importer(2089858483,d624ce77472d68a35037170ec1d2d27e)
Start importing Assets/Asset/Simple UI/Simple Vector Icons/128px/UI_Icon_Chat.png using Guid(e91cf4aa8cec148a4b6ba86eefc6a553) Importer(2089858483,d624ce77472d68a35037170ec1d2d27e) (ScriptedImporter) -> (artifact id: '075d22103604849168fdbd7f83d3f66e') in 0.014491 seconds
Number of updated asset objects reloaded before import = 0Number of asset objects unloaded after import = 3

========================================================================
Received Import Request.
  Time since last request: 0.000015 seconds.
  path: Assets/Asset/FarlandSkies/Skyboxes/CloudyCrown_03_Midnight/Textures/CloudyCrown_Midnight_Down.png
  artifactKey: Guid(c78764efdf38d934da9064e52fdd1357) Importer(2089858483,d624ce77472d68a35037170ec1d2d27e)
Start importing Assets/Asset/FarlandSkies/Skyboxes/CloudyCrown_03_Midnight/Textures/CloudyCrown_Midnight_Down.png using Guid(c78764efdf38d934da9064e52fdd1357) Importer(2089858483,d624ce77472d68a35037170ec1d2d27e) (ScriptedImporter) -> (artifact id: 'ab2fd3d3bcc31160351ddd230d8ee578') in 0.0107807 seconds
Number of updated asset objects reloaded before import = 0Number of asset objects unloaded after import = 1

========================================================================
Received Import Request.
  Time since last request: 0.000019 seconds.
  path: Assets/Asset/Cartoon Temple Building Kit/Fbx/Decorative/Misc/Lantern.fbx
  artifactKey: Guid(05bac6d97fdc58743b7c6b0e8b7c0c9f) Importer(2089858483,d624ce77472d68a35037170ec1d2d27e)
Start importing Assets/Asset/Cartoon Temple Building Kit/Fbx/Decorative/Misc/Lantern.fbx using Guid(05bac6d97fdc58743b7c6b0e8b7c0c9f) Importer(2089858483,d624ce77472d68a35037170ec1d2d27e) (ScriptedImporter) -> (artifact id: 'a9d3ce36ea595e7bef2b485b8eb1a5c7') in 0.0165354 seconds
Number of updated asset objects reloaded before import = 0Number of asset objects unloaded after import = 8

========================================================================
Received Import Request.
  Time since last request: 0.000012 seconds.
  path: Assets/Asset/Cartoon Temple Building Kit/Fbx/Ground +/Ground + Bright/Ground + Bright 4x4.fbx
  artifactKey: Guid(1c22e62e9fd41b543b756dd0e1947d77) Importer(2089858483,d624ce77472d68a35037170ec1d2d27e)
Start importing Assets/Asset/Cartoon Temple Building Kit/Fbx/Ground +/Ground + Bright/Ground + Bright 4x4.fbx using Guid(1c22e62e9fd41b543b756dd0e1947d77) Importer(2089858483,d624ce77472d68a35037170ec1d2d27e) (ScriptedImporter) -> (artifact id: '94b4d29a280a8042b948c5c8baf8ab8f') in 0.0135085 seconds
Number of updated asset objects reloaded before import = 0Number of asset objects unloaded after import = 8

========================================================================
Received Import Request.
  Time since last request: 0.000014 seconds.
  path: Assets/Asset/Cartoon Temple Building Kit/Fbx/Decorative/FloorBlocks Corners Walls/Floor Blocks 3.fbx
  artifactKey: Guid(c61503c43df20f448a6513f145c32fb1) Importer(2089858483,d624ce77472d68a35037170ec1d2d27e)
Start importing Assets/Asset/Cartoon Temple Building Kit/Fbx/Decorative/FloorBlocks Corners Walls/Floor Blocks 3.fbx using Guid(c61503c43df20f448a6513f145c32fb1) Importer(2089858483,d624ce77472d68a35037170ec1d2d27e) (ScriptedImporter) -> (artifact id: '456851b1ba0a8e02383c2460008543d8') in 0.0129362 seconds
Number of updated asset objects reloaded before import = 0Number of asset objects unloaded after import = 8

========================================================================
Received Import Request.
  Time since last request: 0.000012 seconds.
  path: Assets/Asset/Cartoon Temple Building Kit/Prefabs/Decorative Prefabs/FloorBlocks Corners Walls Prefabs/Floor Blocks 8.prefab
  artifactKey: Guid(2c497c8b6c1869d438e58e0d94439eeb) Importer(2089858483,d624ce77472d68a35037170ec1d2d27e)
Start importing Assets/Asset/Cartoon Temple Building Kit/Prefabs/Decorative Prefabs/FloorBlocks Corners Walls Prefabs/Floor Blocks 8.prefab using Guid(2c497c8b6c1869d438e58e0d94439eeb) Importer(2089858483,d624ce77472d68a35037170ec1d2d27e) (ScriptedImporter) -> (artifact id: '15be5a0095cf10b17ae53fd58220a046') in 0.0080668 seconds
Number of updated asset objects reloaded before import = 0Number of asset objects unloaded after import = 8

========================================================================
Received Import Request.
  Time since last request: 0.000013 seconds.
  path: Assets/Asset/Cartoon Temple Building Kit/Fbx/Platforms Stairs Fences/Fences/Fence 2 Dark.fbx
  artifactKey: Guid(ab853bb12e2c620438199621c42c6cfd) Importer(2089858483,d624ce77472d68a35037170ec1d2d27e)
Start importing Assets/Asset/Cartoon Temple Building Kit/Fbx/Platforms Stairs Fences/Fences/Fence 2 Dark.fbx using Guid(ab853bb12e2c620438199621c42c6cfd) Importer(2089858483,d624ce77472d68a35037170ec1d2d27e) (ScriptedImporter) -> (artifact id: 'a66ba0ad37a5ea18e60f8a8e37ce2883') in 0.0158209 seconds
Number of updated asset objects reloaded before import = 0Number of asset objects unloaded after import = 8

========================================================================
Received Import Request.
  Time since last request: 0.000015 seconds.
  path: Assets/Asset/Cartoon Temple Building Kit/Prefabs/Platforms Stairs Fences Prefabs/Fences Prefabs/Fence 1 Bright.prefab
  artifactKey: Guid(6a11d8265d53b7341ac4af50ea1f87f0) Importer(2089858483,d624ce77472d68a35037170ec1d2d27e)
Start importing Assets/Asset/Cartoon Temple Building Kit/Prefabs/Platforms Stairs Fences Prefabs/Fences Prefabs/Fence 1 Bright.prefab using Guid(6a11d8265d53b7341ac4af50ea1f87f0) Importer(2089858483,d624ce77472d68a35037170ec1d2d27e) (ScriptedImporter) -> (artifact id: 'fc4065380ad6928ae14cccb375bade31') in 0.0085468 seconds
Number of updated asset objects reloaded before import = 0Number of asset objects unloaded after import = 8

========================================================================
Received Import Request.
  Time since last request: 0.000016 seconds.
  path: Assets/Asset/Cartoon Temple Building Kit/Fbx/Ground +/Ground + Dark Flat/Ground + Dark 2x2 Flat.fbx
  artifactKey: Guid(db1ab77a43110a340833ca3f7ef6c541) Importer(2089858483,d624ce77472d68a35037170ec1d2d27e)
Start importing Assets/Asset/Cartoon Temple Building Kit/Fbx/Ground +/Ground + Dark Flat/Ground + Dark 2x2 Flat.fbx using Guid(db1ab77a43110a340833ca3f7ef6c541) Importer(2089858483,d624ce77472d68a35037170ec1d2d27e) (ScriptedImporter) -> (artifact id: '26bb9a37ee866542fdefe1df3625f724') in 0.0161158 seconds
Number of updated asset objects reloaded before import = 0Number of asset objects unloaded after import = 8

========================================================================
Received Import Request.
  Time since last request: 0.000016 seconds.
  path: Assets/Asset/Cartoon Temple Building Kit/Fbx/Ground X/Ground X Bright/Ground X Bright 4x8.fbx
  artifactKey: Guid(1bf5046a7e3d0e841b2519d4e05ee5bd) Importer(2089858483,d624ce77472d68a35037170ec1d2d27e)
Start importing Assets/Asset/Cartoon Temple Building Kit/Fbx/Ground X/Ground X Bright/Ground X Bright 4x8.fbx using Guid(1bf5046a7e3d0e841b2519d4e05ee5bd) Importer(2089858483,d624ce77472d68a35037170ec1d2d27e) (ScriptedImporter) -> (artifact id: '0acf24d1ae10067d5e91407a0fd9ec58') in 0.0131424 seconds
Number of updated asset objects reloaded before import = 0Number of asset objects unloaded after import = 8

========================================================================
Received Import Request.
  Time since last request: 0.000013 seconds.
  path: Assets/Asset/Cartoon Temple Building Kit/Fbx/Decorative/Misc/Materials/Cartoon Temple Builder Kit.mat
  artifactKey: Guid(72efdecdab40bd947bec3664f70db6e3) Importer(2089858483,d624ce77472d68a35037170ec1d2d27e)
Start importing Assets/Asset/Cartoon Temple Building Kit/Fbx/Decorative/Misc/Materials/Cartoon Temple Builder Kit.mat using Guid(72efdecdab40bd947bec3664f70db6e3) Importer(2089858483,d624ce77472d68a35037170ec1d2d27e) (ScriptedImporter) -> (artifact id: 'fce54e56faa605c90e2a24e59d4a8fa3') in 0.0060897 seconds
Number of updated asset objects reloaded before import = 0Number of asset objects unloaded after import = 2

========================================================================
Received Import Request.
  Time since last request: 0.000012 seconds.
  path: Assets/Asset/Cartoon Temple Building Kit/Prefabs/Platforms Stairs Fences Prefabs/Platforms With Fence Prefabs/Platform Fence 2x13x13.prefab
  artifactKey: Guid(95b99c5421bcb704bb85ce9970988626) Importer(2089858483,d624ce77472d68a35037170ec1d2d27e)
Start importing Assets/Asset/Cartoon Temple Building Kit/Prefabs/Platforms Stairs Fences Prefabs/Platforms With Fence Prefabs/Platform Fence 2x13x13.prefab using Guid(95b99c5421bcb704bb85ce9970988626) Importer(2089858483,d624ce77472d68a35037170ec1d2d27e) (ScriptedImporter) -> (artifact id: '67ad109d2a1dd2001094305c0aa3791f') in 0.010203 seconds
Number of updated asset objects reloaded before import = 0Number of asset objects unloaded after import = 8

========================================================================
Received Import Request.
  Time since last request: 0.000013 seconds.
  path: Assets/Asset/Cartoon Temple Building Kit/Prefabs/Ground X Prefabs/Ground X Bright Flat Prefabs/Ground X Bright Flat 4x2.prefab
  artifactKey: Guid(bddca6c9e13aa2e4eb0d3bdb603bb131) Importer(2089858483,d624ce77472d68a35037170ec1d2d27e)
Start importing Assets/Asset/Cartoon Temple Building Kit/Prefabs/Ground X Prefabs/Ground X Bright Flat Prefabs/Ground X Bright Flat 4x2.prefab using Guid(bddca6c9e13aa2e4eb0d3bdb603bb131) Importer(2089858483,d624ce77472d68a35037170ec1d2d27e) (ScriptedImporter) -> (artifact id: 'b724545c703ea96586eeb5baf00ef3d8') in 0.0117765 seconds
Number of updated asset objects reloaded before import = 0Number of asset objects unloaded after import = 8

========================================================================
Received Import Request.
  Time since last request: 0.000016 seconds.
  path: Assets/Asset/Cartoon Temple Building Kit/Fbx/Platforms Stairs Fences/Stairs/Materials/Cartoon Temple Builder Kit.mat
  artifactKey: Guid(5194929c6e176134f891f5164dc85a94) Importer(2089858483,d624ce77472d68a35037170ec1d2d27e)
Start importing Assets/Asset/Cartoon Temple Building Kit/Fbx/Platforms Stairs Fences/Stairs/Materials/Cartoon Temple Builder Kit.mat using Guid(5194929c6e176134f891f5164dc85a94) Importer(2089858483,d624ce77472d68a35037170ec1d2d27e) (ScriptedImporter) -> (artifact id: '74006c6e7ceb7dd42e9290c5bebd5567') in 0.0065712 seconds
Number of updated asset objects reloaded before import = 0Number of asset objects unloaded after import = 2

========================================================================
Received Import Request.
  Time since last request: 0.000013 seconds.
  path: Assets/Asset/Cartoon Temple Building Kit/Prefabs/Ground X Prefabs/Ground X Dark Flat Prefabs/Ground X Dark Flat 1x8.prefab
  artifactKey: Guid(dcb0e6c925c395d408ed2e2bf91eefda) Importer(2089858483,d624ce77472d68a35037170ec1d2d27e)
Start importing Assets/Asset/Cartoon Temple Building Kit/Prefabs/Ground X Prefabs/Ground X Dark Flat Prefabs/Ground X Dark Flat 1x8.prefab using Guid(dcb0e6c925c395d408ed2e2bf91eefda) Importer(2089858483,d624ce77472d68a35037170ec1d2d27e) (ScriptedImporter) -> (artifact id: 'e76ecd6f5cc4ac2df86b5dbb9b955cc0') in 0.0088886 seconds
Number of updated asset objects reloaded before import = 0Number of asset objects unloaded after import = 8

========================================================================
Received Import Request.
  Time since last request: 0.000013 seconds.
  path: Assets/Asset/Standard Assets/Characters/RollerBall/Scripts/BallUserControl.cs
  artifactKey: Guid(daa7e0829bc72c94babd728cc0466196) Importer(2089858483,d624ce77472d68a35037170ec1d2d27e)
Start importing Assets/Asset/Standard Assets/Characters/RollerBall/Scripts/BallUserControl.cs using Guid(daa7e0829bc72c94babd728cc0466196) Importer(2089858483,d624ce77472d68a35037170ec1d2d27e) (ScriptedImporter) -> (artifact id: '72afef362479e71a64d340b12c55df5d') in 0.003942 seconds
Number of updated asset objects reloaded before import = 0Number of asset objects unloaded after import = 0

========================================================================
Received Import Request.
  Time since last request: 0.000069 seconds.
  path: Assets/Asset/Simple UI/Simple Vector Icons/128px/UI_Icon_Checkbox.png
  artifactKey: Guid(471dddd3448b24a8ebee7497c4833508) Importer(2089858483,d624ce77472d68a35037170ec1d2d27e)
Start importing Assets/Asset/Simple UI/Simple Vector Icons/128px/UI_Icon_Checkbox.png using Guid(471dddd3448b24a8ebee7497c4833508) Importer(2089858483,d624ce77472d68a35037170ec1d2d27e) (ScriptedImporter) -> (artifact id: '966e7f7484b8f88a3d1df35fcc49e40e') in 0.014101 seconds
Number of updated asset objects reloaded before import = 0Number of asset objects unloaded after import = 3

========================================================================
Received Import Request.
  Time since last request: 0.000013 seconds.
  path: Assets/Asset/Cartoon Temple Building Kit/Prefabs/Ground Path Prefabs/Ground Path Flat Prefabs/Ground Path Two Flat.prefab
  artifactKey: Guid(cd091c52af675844083579eb8d67aa8b) Importer(2089858483,d624ce77472d68a35037170ec1d2d27e)
Start importing Assets/Asset/Cartoon Temple Building Kit/Prefabs/Ground Path Prefabs/Ground Path Flat Prefabs/Ground Path Two Flat.prefab using Guid(cd091c52af675844083579eb8d67aa8b) Importer(2089858483,d624ce77472d68a35037170ec1d2d27e) (ScriptedImporter) -> (artifact id: 'f68ac1e1e5635f4abc2453a57a7e1a2f') in 0.0080615 seconds
Number of updated asset objects reloaded before import = 0Number of asset objects unloaded after import = 8

========================================================================
Received Import Request.
  Time since last request: 0.000012 seconds.
  path: Assets/Asset/Simple UI/Simple Vector Icons/128px/UI_Icon_SinglePlayer.png
  artifactKey: Guid(cdff4d423768840a68da1323f415ae39) Importer(2089858483,d624ce77472d68a35037170ec1d2d27e)
Start importing Assets/Asset/Simple UI/Simple Vector Icons/128px/UI_Icon_SinglePlayer.png using Guid(cdff4d423768840a68da1323f415ae39) Importer(2089858483,d624ce77472d68a35037170ec1d2d27e) (ScriptedImporter) -> (artifact id: '3a72d89c71a86abd0bfad098470b9f74') in 0.0132511 seconds
Number of updated asset objects reloaded before import = 0Number of asset objects unloaded after import = 3

========================================================================
Received Import Request.
  Time since last request: 0.000016 seconds.
  path: Assets/Asset/Simple UI/Simple Vector Icons/128px/UI_Icon_FilmPlay.png
  artifactKey: Guid(6ed1021ce31204b00bf397803a666c77) Importer(2089858483,d624ce77472d68a35037170ec1d2d27e)
Start importing Assets/Asset/Simple UI/Simple Vector Icons/128px/UI_Icon_FilmPlay.png using Guid(6ed1021ce31204b00bf397803a666c77) Importer(2089858483,d624ce77472d68a35037170ec1d2d27e) (ScriptedImporter) -> (artifact id: '861065d81d7e1a83806184789eb6fb20') in 0.0149919 seconds
Number of updated asset objects reloaded before import = 0Number of asset objects unloaded after import = 3

========================================================================
Received Import Request.
  Time since last request: 0.000013 seconds.
  path: Assets/Asset/Cartoon Temple Building Kit/Fbx/Platforms Stairs Fences/Platforms With Fence/Platform Fence 2x7x7.fbx
  artifactKey: Guid(d84a970220fa9bf4c8b762da55413d2c) Importer(2089858483,d624ce77472d68a35037170ec1d2d27e)
Start importing Assets/Asset/Cartoon Temple Building Kit/Fbx/Platforms Stairs Fences/Platforms With Fence/Platform Fence 2x7x7.fbx using Guid(d84a970220fa9bf4c8b762da55413d2c) Importer(2089858483,d624ce77472d68a35037170ec1d2d27e) (ScriptedImporter) -> (artifact id: 'e2b90843ee7f02c4c35f57a200d9fa16') in 0.0192979 seconds
Number of updated asset objects reloaded before import = 0Number of asset objects unloaded after import = 8

========================================================================
Received Import Request.
  Time since last request: 0.000015 seconds.
  path: Assets/GoogleMobileAds/Editor/Resources/PlaceholderAds/Interstitials/1024x768.prefab
  artifactKey: Guid(53084846ca7a14a878485a5db71fda00) Importer(2089858483,d624ce77472d68a35037170ec1d2d27e)
Start importing Assets/GoogleMobileAds/Editor/Resources/PlaceholderAds/Interstitials/1024x768.prefab using Guid(53084846ca7a14a878485a5db71fda00) Importer(2089858483,d624ce77472d68a35037170ec1d2d27e) (ScriptedImporter) -> (artifact id: 'a9c3fb91f054ac0b180ff3e8d99bd1d7') in 0.0095694 seconds
Number of updated asset objects reloaded before import = 0Number of asset objects unloaded after import = 26

========================================================================
Received Import Request.
  Time since last request: 0.000020 seconds.
  path: Assets/Asset/Cartoon Temple Building Kit/Fbx/Platforms Stairs Fences/Platforms With Fence/Platform Fernce 2x5x13.fbx
  artifactKey: Guid(c01cd3a6e30cbf740a7e022efdc24fd9) Importer(2089858483,d624ce77472d68a35037170ec1d2d27e)
Start importing Assets/Asset/Cartoon Temple Building Kit/Fbx/Platforms Stairs Fences/Platforms With Fence/Platform Fernce 2x5x13.fbx using Guid(c01cd3a6e30cbf740a7e022efdc24fd9) Importer(2089858483,d624ce77472d68a35037170ec1d2d27e) (ScriptedImporter) -> (artifact id: 'f3894ae74ca218ae3e100d045cc7fe58') in 0.0136139 seconds
Number of updated asset objects reloaded before import = 0Number of asset objects unloaded after import = 8

========================================================================
Received Import Request.
  Time since last request: 0.000016 seconds.
  path: Assets/Asset/Cartoon Temple Building Kit/Fbx/Ground X/Ground X Mix/Ground X Mix 1x2.fbx
  artifactKey: Guid(5515b9851c0c02d42911c1faf307fcf2) Importer(2089858483,d624ce77472d68a35037170ec1d2d27e)
Start importing Assets/Asset/Cartoon Temple Building Kit/Fbx/Ground X/Ground X Mix/Ground X Mix 1x2.fbx using Guid(5515b9851c0c02d42911c1faf307fcf2) Importer(2089858483,d624ce77472d68a35037170ec1d2d27e) (ScriptedImporter) -> (artifact id: '8b6142f93550d81b36f92248ffdff753') in 0.0168382 seconds
Number of updated asset objects reloaded before import = 0Number of asset objects unloaded after import = 8

========================================================================
Received Import Request.
  Time since last request: 0.000013 seconds.
  path: Assets/Asset/Cartoon Temple Building Kit/Fbx/Ground +/Ground + Dark Flat/Materials/Cartoon Temple Builder Kit.mat
  artifactKey: Guid(547c1640e42e76541a92fa9ce172750d) Importer(2089858483,d624ce77472d68a35037170ec1d2d27e)
Start importing Assets/Asset/Cartoon Temple Building Kit/Fbx/Ground +/Ground + Dark Flat/Materials/Cartoon Temple Builder Kit.mat using Guid(547c1640e42e76541a92fa9ce172750d) Importer(2089858483,d624ce77472d68a35037170ec1d2d27e) (ScriptedImporter) -> (artifact id: '38bcb7d04a914f1d74ce64188431b4a2') in 0.0064594 seconds
Number of updated asset objects reloaded before import = 0Number of asset objects unloaded after import = 2

========================================================================
Received Import Request.
  Time since last request: 0.000013 seconds.
  path: Assets/Asset/Cartoon Temple Building Kit/Prefabs/Decorative Prefabs/Idol/Idol 2.prefab
  artifactKey: Guid(48bf2a7eaa84897428a7ba6ae78a2ccb) Importer(2089858483,d624ce77472d68a35037170ec1d2d27e)
Start importing Assets/Asset/Cartoon Temple Building Kit/Prefabs/Decorative Prefabs/Idol/Idol 2.prefab using Guid(48bf2a7eaa84897428a7ba6ae78a2ccb) Importer(2089858483,d624ce77472d68a35037170ec1d2d27e) (ScriptedImporter) -> (artifact id: 'a1538c50218c61b145d19837e3fa9dc7') in 0.0076161 seconds
Number of updated asset objects reloaded before import = 0Number of asset objects unloaded after import = 8

========================================================================
Received Import Request.
  Time since last request: 0.000013 seconds.
  path: Assets/Asset/Cartoon Temple Building Kit/Prefabs/Decorative Prefabs/FloorBlocks Corners Walls Prefabs/Floor Blocks 11.prefab
  artifactKey: Guid(0a0a8498799e9d648bed781e9ef776c1) Importer(2089858483,d624ce77472d68a35037170ec1d2d27e)
Start importing Assets/Asset/Cartoon Temple Building Kit/Prefabs/Decorative Prefabs/FloorBlocks Corners Walls Prefabs/Floor Blocks 11.prefab using Guid(0a0a8498799e9d648bed781e9ef776c1) Importer(2089858483,d624ce77472d68a35037170ec1d2d27e) (ScriptedImporter) -> (artifact id: '2e94c0b503ed4976fa643bb8a55bfdc2') in 0.0087371 seconds
Number of updated asset objects reloaded before import = 0Number of asset objects unloaded after import = 8

========================================================================
Received Import Request.
  Time since last request: 0.000015 seconds.
  path: Assets/Asset/Cartoon Temple Building Kit/Prefabs/Decorative Prefabs/FloorBlocks Corners Walls Prefabs/Floor Blocks 9.prefab
  artifactKey: Guid(5867290e015fa3240a9f71e45f6bb3f0) Importer(2089858483,d624ce77472d68a35037170ec1d2d27e)
Start importing Assets/Asset/Cartoon Temple Building Kit/Prefabs/Decorative Prefabs/FloorBlocks Corners Walls Prefabs/Floor Blocks 9.prefab using Guid(5867290e015fa3240a9f71e45f6bb3f0) Importer(2089858483,d624ce77472d68a35037170ec1d2d27e) (ScriptedImporter) -> (artifact id: 'e7617af0ec46ab28b4d8c369ac2d4305') in 0.0089879 seconds
Number of updated asset objects reloaded before import = 0Number of asset objects unloaded after import = 8

========================================================================
Received Import Request.
  Time since last request: 0.000013 seconds.
  path: Assets/Asset/Cartoon Temple Building Kit/Prefabs/Ground + Prefabs/Ground + Bright Flat Prefabs/Ground + Flat Bright 2x8.prefab
  artifactKey: Guid(8bdce6b208d7aee488c0005e1bb793e3) Importer(2089858483,d624ce77472d68a35037170ec1d2d27e)
Start importing Assets/Asset/Cartoon Temple Building Kit/Prefabs/Ground + Prefabs/Ground + Bright Flat Prefabs/Ground + Flat Bright 2x8.prefab using Guid(8bdce6b208d7aee488c0005e1bb793e3) Importer(2089858483,d624ce77472d68a35037170ec1d2d27e) (ScriptedImporter) -> (artifact id: '863aa84728d612edd75781a63fd5640f') in 0.0108595 seconds
Number of updated asset objects reloaded before import = 0Number of asset objects unloaded after import = 8

========================================================================
Received Import Request.
  Time since last request: 0.000015 seconds.
  path: Assets/Asset/Simple UI/Simple Vector Icons/128px/UI_Icon_InvRing.png
  artifactKey: Guid(2720d660655974d97a46e6eab23fbc78) Importer(2089858483,d624ce77472d68a35037170ec1d2d27e)
Start importing Assets/Asset/Simple UI/Simple Vector Icons/128px/UI_Icon_InvRing.png using Guid(2720d660655974d97a46e6eab23fbc78) Importer(2089858483,d624ce77472d68a35037170ec1d2d27e) (ScriptedImporter) -> (artifact id: '2d9403cd959e787bb7738f666318527c') in 0.0132045 seconds
Number of updated asset objects reloaded before import = 0Number of asset objects unloaded after import = 3

========================================================================
Received Import Request.
  Time since last request: 0.000013 seconds.
  path: Assets/Asset/Cartoon Temple Building Kit/Fbx/Decorative/Idol/Idol 1.fbx
  artifactKey: Guid(3a1d3020b389e374d846159123ec8e37) Importer(2089858483,d624ce77472d68a35037170ec1d2d27e)
Start importing Assets/Asset/Cartoon Temple Building Kit/Fbx/Decorative/Idol/Idol 1.fbx using Guid(3a1d3020b389e374d846159123ec8e37) Importer(2089858483,d624ce77472d68a35037170ec1d2d27e) (ScriptedImporter) -> (artifact id: '8e148a39b840c0a0a7d2a855989b99e2') in 0.0170661 seconds
Number of updated asset objects reloaded before import = 0Number of asset objects unloaded after import = 8

========================================================================
Received Import Request.
  Time since last request: 0.000013 seconds.
  path: Assets/Asset/Cartoon Temple Building Kit/Prefabs/Platforms Stairs Fences Prefabs/Platforms With Fence Prefabs/Platform Fence 2x9x13.prefab
  artifactKey: Guid(e105ccbda47180949a7f149f3a873da1) Importer(2089858483,d624ce77472d68a35037170ec1d2d27e)
Start importing Assets/Asset/Cartoon Temple Building Kit/Prefabs/Platforms Stairs Fences Prefabs/Platforms With Fence Prefabs/Platform Fence 2x9x13.prefab using Guid(e105ccbda47180949a7f149f3a873da1) Importer(2089858483,d624ce77472d68a35037170ec1d2d27e) (ScriptedImporter) -> (artifact id: '827afdff79530a7839d63c3844942596') in 0.0089697 seconds
Number of updated asset objects reloaded before import = 0Number of asset objects unloaded after import = 8

========================================================================
Received Import Request.
  Time since last request: 0.000014 seconds.
  path: Assets/Asset/Cartoon Temple Building Kit/Prefabs/Ground + Prefabs/Ground + Mix Prefabs/Ground + Mix 2x4.prefab
  artifactKey: Guid(cd0985e289f3aa24b9f78e9bcf5d8813) Importer(2089858483,d624ce77472d68a35037170ec1d2d27e)
Start importing Assets/Asset/Cartoon Temple Building Kit/Prefabs/Ground + Prefabs/Ground + Mix Prefabs/Ground + Mix 2x4.prefab using Guid(cd0985e289f3aa24b9f78e9bcf5d8813) Importer(2089858483,d624ce77472d68a35037170ec1d2d27e) (ScriptedImporter) -> (artifact id: 'ed3368edd0ca61849acd7a7afa842643') in 0.0071198 seconds
Number of updated asset objects reloaded before import = 0Number of asset objects unloaded after import = 8

========================================================================
Received Import Request.
  Time since last request: 0.000013 seconds.
  path: Assets/Asset/Cartoon Temple Building Kit/Fbx/Ground X/Ground X Mix/Ground X Mix 2x4.fbx
  artifactKey: Guid(46afc29d8d8267a4dbcc80245297ae8f) Importer(2089858483,d624ce77472d68a35037170ec1d2d27e)
Start importing Assets/Asset/Cartoon Temple Building Kit/Fbx/Ground X/Ground X Mix/Ground X Mix 2x4.fbx using Guid(46afc29d8d8267a4dbcc80245297ae8f) Importer(2089858483,d624ce77472d68a35037170ec1d2d27e) (ScriptedImporter) -> (artifact id: 'f5b4e7622d30a71c66145db0e5141361') in 0.0145058 seconds
Number of updated asset objects reloaded before import = 0Number of asset objects unloaded after import = 8

========================================================================
Received Import Request.
  Time since last request: 0.000015 seconds.
  path: Assets/Asset/Simple UI/Simple Vector Icons/128px/UI_Icon_StarEmpty.png
  artifactKey: Guid(095ba5de41f8b4ff1b1d19c2df4ed0e9) Importer(2089858483,d624ce77472d68a35037170ec1d2d27e)
Start importing Assets/Asset/Simple UI/Simple Vector Icons/128px/UI_Icon_StarEmpty.png using Guid(095ba5de41f8b4ff1b1d19c2df4ed0e9) Importer(2089858483,d624ce77472d68a35037170ec1d2d27e) (ScriptedImporter) -> (artifact id: '9482561d47e13ccbcd990cd07d951efa') in 0.016576 seconds
Number of updated asset objects reloaded before import = 0Number of asset objects unloaded after import = 3

========================================================================
Received Import Request.
  Time since last request: 0.000013 seconds.
  path: Assets/Asset/Cartoon Temple Building Kit/Prefabs/Ground X Prefabs/Ground X Dark Flat Prefabs/Ground X Dark Flat 2x8.prefab
  artifactKey: Guid(0d2e49911ecf0cc47a461b23bb326f39) Importer(2089858483,d624ce77472d68a35037170ec1d2d27e)
Start importing Assets/Asset/Cartoon Temple Building Kit/Prefabs/Ground X Prefabs/Ground X Dark Flat Prefabs/Ground X Dark Flat 2x8.prefab using Guid(0d2e49911ecf0cc47a461b23bb326f39) Importer(2089858483,d624ce77472d68a35037170ec1d2d27e) (ScriptedImporter) -> (artifact id: '31d2f335e1c313f50762bc22935a47bc') in 0.0087051 seconds
Number of updated asset objects reloaded before import = 0Number of asset objects unloaded after import = 8

========================================================================
Received Import Request.
  Time since last request: 0.000017 seconds.
  path: Assets/Asset/Cartoon Temple Building Kit/Prefabs/Platforms Stairs Fences Prefabs/Fences Prefabs/Fence Dark Corner.prefab
  artifactKey: Guid(76e80a5e946f3f545ae14e93a70ef0bc) Importer(2089858483,d624ce77472d68a35037170ec1d2d27e)
Start importing Assets/Asset/Cartoon Temple Building Kit/Prefabs/Platforms Stairs Fences Prefabs/Fences Prefabs/Fence Dark Corner.prefab using Guid(76e80a5e946f3f545ae14e93a70ef0bc) Importer(2089858483,d624ce77472d68a35037170ec1d2d27e) (ScriptedImporter) -> (artifact id: 'ff8d32f04caba1512a73a03ce11bba38') in 0.0107289 seconds
Number of updated asset objects reloaded before import = 0Number of asset objects unloaded after import = 8

========================================================================
Received Import Request.
  Time since last request: 0.000015 seconds.
  path: Assets/Asset/Cartoon Temple Building Kit/Fbx/Decorative/Vegetation/Plant 1.fbx
  artifactKey: Guid(3eb84d558aed29a43ad194e25e30d9e0) Importer(2089858483,d624ce77472d68a35037170ec1d2d27e)
Start importing Assets/Asset/Cartoon Temple Building Kit/Fbx/Decorative/Vegetation/Plant 1.fbx using Guid(3eb84d558aed29a43ad194e25e30d9e0) Importer(2089858483,d624ce77472d68a35037170ec1d2d27e) (ScriptedImporter) -> (artifact id: 'cf5a77f365ae73a28501437ba40d8c86') in 0.0148492 seconds
Number of updated asset objects reloaded before import = 0Number of asset objects unloaded after import = 8

========================================================================
Received Import Request.
  Time since last request: 0.000013 seconds.
  path: Assets/Asset/Cartoon Temple Building Kit/Fbx/Decorative/FloorBlocks Corners Walls/Floor Blocks 4.fbx
  artifactKey: Guid(c47d7cc5fd55bed4ea0787ed91b614f5) Importer(2089858483,d624ce77472d68a35037170ec1d2d27e)
Start importing Assets/Asset/Cartoon Temple Building Kit/Fbx/Decorative/FloorBlocks Corners Walls/Floor Blocks 4.fbx using Guid(c47d7cc5fd55bed4ea0787ed91b614f5) Importer(2089858483,d624ce77472d68a35037170ec1d2d27e) (ScriptedImporter) -> (artifact id: '859b1f2f91cf8b34aa21ea91c9c13bad') in 0.0130511 seconds
Number of updated asset objects reloaded before import = 0Number of asset objects unloaded after import = 8

========================================================================
Received Import Request.
  Time since last request: 0.000015 seconds.
  path: Assets/Asset/Cartoon Temple Building Kit/Fbx/Ground +/Ground + Bright/Ground + Bright 2x8.fbx
  artifactKey: Guid(61bff554c688b3e45838f44cb7e80e14) Importer(2089858483,d624ce77472d68a35037170ec1d2d27e)
Start importing Assets/Asset/Cartoon Temple Building Kit/Fbx/Ground +/Ground + Bright/Ground + Bright 2x8.fbx using Guid(61bff554c688b3e45838f44cb7e80e14) Importer(2089858483,d624ce77472d68a35037170ec1d2d27e) (ScriptedImporter) -> (artifact id: '44e122321efbb2b5b8f20c43c0b1d785') in 0.0124626 seconds
Number of updated asset objects reloaded before import = 0Number of asset objects unloaded after import = 8

========================================================================
Received Import Request.
  Time since last request: 0.000020 seconds.
  path: Assets/Asset/Standard Assets/CrossPlatformInput/Scripts/TouchPad.cs
  artifactKey: Guid(1caf40fc8bebb6b43b2550c05ca791d6) Importer(2089858483,d624ce77472d68a35037170ec1d2d27e)
Start importing Assets/Asset/Standard Assets/CrossPlatformInput/Scripts/TouchPad.cs using Guid(1caf40fc8bebb6b43b2550c05ca791d6) Importer(2089858483,d624ce77472d68a35037170ec1d2d27e) (ScriptedImporter) -> (artifact id: '1c340fa0393b209446b076d03d12e200') in 0.0034432 seconds
Number of updated asset objects reloaded before import = 0Number of asset objects unloaded after import = 0

========================================================================
Received Import Request.
  Time since last request: 0.000059 seconds.
  path: Assets/Asset/Simple UI/Simple Vector Icons/128px/UI_Icon_Home.png
  artifactKey: Guid(ff12e1d838ca44f0d8573b68005c4816) Importer(2089858483,d624ce77472d68a35037170ec1d2d27e)
Start importing Assets/Asset/Simple UI/Simple Vector Icons/128px/UI_Icon_Home.png using Guid(ff12e1d838ca44f0d8573b68005c4816) Importer(2089858483,d624ce77472d68a35037170ec1d2d27e) (ScriptedImporter) -> (artifact id: '6541f837091216ddaeaf3806259bce73') in 0.0126898 seconds
Number of updated asset objects reloaded before import = 0Number of asset objects unloaded after import = 3

========================================================================
Received Import Request.
  Time since last request: 0.000012 seconds.
  path: Assets/Asset/Cartoon Temple Building Kit/Fbx/Ground +/Ground + Bright Flat/Ground + Flat Bright 1x2.fbx
  artifactKey: Guid(3201d163dde31a9488f4a40779903503) Importer(2089858483,d624ce77472d68a35037170ec1d2d27e)
Start importing Assets/Asset/Cartoon Temple Building Kit/Fbx/Ground +/Ground + Bright Flat/Ground + Flat Bright 1x2.fbx using Guid(3201d163dde31a9488f4a40779903503) Importer(2089858483,d624ce77472d68a35037170ec1d2d27e) (ScriptedImporter) -> (artifact id: 'a97ba092d05369cfce754dfe0b327b42') in 0.0128298 seconds
Number of updated asset objects reloaded before import = 0Number of asset objects unloaded after import = 8

========================================================================
Received Import Request.
  Time since last request: 0.000013 seconds.
  path: Assets/Asset/Cartoon Temple Building Kit/Fbx/Platforms Stairs Fences/Stairs/Stairs 9.fbx
  artifactKey: Guid(a9398ffb81872a944a234110aa627d2d) Importer(2089858483,d624ce77472d68a35037170ec1d2d27e)
Start importing Assets/Asset/Cartoon Temple Building Kit/Fbx/Platforms Stairs Fences/Stairs/Stairs 9.fbx using Guid(a9398ffb81872a944a234110aa627d2d) Importer(2089858483,d624ce77472d68a35037170ec1d2d27e) (ScriptedImporter) -> (artifact id: '91bd96242dcd6b5416d97cee9669d401') in 0.0149047 seconds
Number of updated asset objects reloaded before import = 0Number of asset objects unloaded after import = 8

========================================================================
Received Import Request.
  Time since last request: 0.000016 seconds.
  path: Assets/Asset/Cartoon Temple Building Kit/Prefabs/Decorative Prefabs/Misc/Arrow.prefab
  artifactKey: Guid(b53f6f2fb4ee6ce459481fcf3fe082dd) Importer(2089858483,d624ce77472d68a35037170ec1d2d27e)
Start importing Assets/Asset/Cartoon Temple Building Kit/Prefabs/Decorative Prefabs/Misc/Arrow.prefab using Guid(b53f6f2fb4ee6ce459481fcf3fe082dd) Importer(2089858483,d624ce77472d68a35037170ec1d2d27e) (ScriptedImporter) -> (artifact id: '6f8ac756c46987c7887227b6137393d9') in 0.0096001 seconds
Number of updated asset objects reloaded before import = 0Number of asset objects unloaded after import = 8

========================================================================
Received Import Request.
  Time since last request: 0.000013 seconds.
  path: Assets/Asset/Cartoon Temple Building Kit/Fbx/Ground Path/Ground Path/Materials/Cartoon Temple Builder Kit.mat
  artifactKey: Guid(bf2bd9b5f6b830a41b74edfa883415b3) Importer(2089858483,d624ce77472d68a35037170ec1d2d27e)
Start importing Assets/Asset/Cartoon Temple Building Kit/Fbx/Ground Path/Ground Path/Materials/Cartoon Temple Builder Kit.mat using Guid(bf2bd9b5f6b830a41b74edfa883415b3) Importer(2089858483,d624ce77472d68a35037170ec1d2d27e) (ScriptedImporter) -> (artifact id: '8a4374177bd89d106f178279dc2110db') in 0.0059358 seconds
Number of updated asset objects reloaded before import = 0Number of asset objects unloaded after import = 2

========================================================================
Received Import Request.
  Time since last request: 0.000013 seconds.
  path: Assets/Asset/Simple UI/Simple Vector Icons/128px/UI_Icon_FastForward.png
  artifactKey: Guid(c1a7f1d38bd88404f847d06740d7fc57) Importer(2089858483,d624ce77472d68a35037170ec1d2d27e)
Start importing Assets/Asset/Simple UI/Simple Vector Icons/128px/UI_Icon_FastForward.png using Guid(c1a7f1d38bd88404f847d06740d7fc57) Importer(2089858483,d624ce77472d68a35037170ec1d2d27e) (ScriptedImporter) -> (artifact id: '32b674d6d360c253ac122400aee2d680') in 0.0141253 seconds
Number of updated asset objects reloaded before import = 0Number of asset objects unloaded after import = 3

========================================================================
Received Import Request.
  Time since last request: 0.000015 seconds.
  path: Assets/Asset/Simple UI/Simple Vector Icons/128px/UI_Icon_MusicOff.png
  artifactKey: Guid(29c9b3de4143e450988e67ee03268bbf) Importer(2089858483,d624ce77472d68a35037170ec1d2d27e)
Start importing Assets/Asset/Simple UI/Simple Vector Icons/128px/UI_Icon_MusicOff.png using Guid(29c9b3de4143e450988e67ee03268bbf) Importer(2089858483,d624ce77472d68a35037170ec1d2d27e) (ScriptedImporter) -> (artifact id: '62f537cc5132e8673d07ca1897e1ac55') in 0.013976 seconds
Number of updated asset objects reloaded before import = 0Number of asset objects unloaded after import = 3

========================================================================
Received Import Request.
  Time since last request: 0.000013 seconds.
  path: Assets/Asset/Standard Assets/CrossPlatformInput/Sprites/ButtonBrakeUpSprite.png
  artifactKey: Guid(827c9cd4a3943534f909ac6473e17288) Importer(2089858483,d624ce77472d68a35037170ec1d2d27e)
Start importing Assets/Asset/Standard Assets/CrossPlatformInput/Sprites/ButtonBrakeUpSprite.png using Guid(827c9cd4a3943534f909ac6473e17288) Importer(2089858483,d624ce77472d68a35037170ec1d2d27e) (ScriptedImporter) -> (artifact id: '931b6eca9549eb1c42cc1b6bb43c8098') in 0.0139884 seconds
Number of updated asset objects reloaded before import = 0Number of asset objects unloaded after import = 3

========================================================================
Received Import Request.
  Time since last request: 0.000015 seconds.
  path: Assets/Asset/Cartoon Temple Building Kit/Fbx/Decorative/FloorBlocks Corners Walls/Floor Blocks 9.fbx
  artifactKey: Guid(55ef32b168b9f134980ec53bd3d7dd22) Importer(2089858483,d624ce77472d68a35037170ec1d2d27e)
Start importing Assets/Asset/Cartoon Temple Building Kit/Fbx/Decorative/FloorBlocks Corners Walls/Floor Blocks 9.fbx using Guid(55ef32b168b9f134980ec53bd3d7dd22) Importer(2089858483,d624ce77472d68a35037170ec1d2d27e) (ScriptedImporter) -> (artifact id: 'e783174e73064b3f6a7f5355b6f68bbe') in 0.0146016 seconds
Number of updated asset objects reloaded before import = 0Number of asset objects unloaded after import = 8

========================================================================
Received Import Request.
  Time since last request: 0.000013 seconds.
  path: Assets/Asset/Cartoon Temple Building Kit/Prefabs/Ground X Prefabs/Ground X Dark Flat Prefabs/Ground X Dark Flat 2x1.prefab
  artifactKey: Guid(490174cf5060f2346abed5826320fe16) Importer(2089858483,d624ce77472d68a35037170ec1d2d27e)
Start importing Assets/Asset/Cartoon Temple Building Kit/Prefabs/Ground X Prefabs/Ground X Dark Flat Prefabs/Ground X Dark Flat 2x1.prefab using Guid(490174cf5060f2346abed5826320fe16) Importer(2089858483,d624ce77472d68a35037170ec1d2d27e) (ScriptedImporter) -> (artifact id: 'ad89ec96b009da7327f43dfb4c2a12ad') in 0.0081983 seconds
Number of updated asset objects reloaded before import = 0Number of asset objects unloaded after import = 8

========================================================================
Received Import Request.
  Time since last request: 0.000014 seconds.
  path: Assets/Asset/Cartoon Temple Building Kit/Fbx/Platforms Stairs Fences/Platforms/Platform 2x13x13.fbx
  artifactKey: Guid(7c4d5acaaebdaf4408afa811d397b07c) Importer(2089858483,d624ce77472d68a35037170ec1d2d27e)
Start importing Assets/Asset/Cartoon Temple Building Kit/Fbx/Platforms Stairs Fences/Platforms/Platform 2x13x13.fbx using Guid(7c4d5acaaebdaf4408afa811d397b07c) Importer(2089858483,d624ce77472d68a35037170ec1d2d27e) (ScriptedImporter) -> (artifact id: '7cfa37aeb36642c9262a9fa8d1dc8c97') in 0.0146201 seconds
Number of updated asset objects reloaded before import = 0Number of asset objects unloaded after import = 8

========================================================================
Received Import Request.
  Time since last request: 0.000016 seconds.
  path: Assets/Asset/Cartoon Temple Building Kit/Prefabs/Ground + Prefabs/Ground + Dark Flat Prefabs/Ground + Dark 1x8 Flat.prefab
  artifactKey: Guid(992ddb2600482864ab6b894ef15ae262) Importer(2089858483,d624ce77472d68a35037170ec1d2d27e)
Start importing Assets/Asset/Cartoon Temple Building Kit/Prefabs/Ground + Prefabs/Ground + Dark Flat Prefabs/Ground + Dark 1x8 Flat.prefab using Guid(992ddb2600482864ab6b894ef15ae262) Importer(2089858483,d624ce77472d68a35037170ec1d2d27e) (ScriptedImporter) -> (artifact id: 'c89d1b68846f5905b00631ab54a3af3c') in 0.0094203 seconds
Number of updated asset objects reloaded before import = 0Number of asset objects unloaded after import = 8

========================================================================
Received Import Request.
  Time since last request: 0.000014 seconds.
  path: Assets/Asset/Cartoon Temple Building Kit/Prefabs/Ground + Prefabs/Ground + Dark Flat Prefabs/Ground + Dark 2x2 Flat.prefab
  artifactKey: Guid(bda2739b72e08514aafdc5048af9965e) Importer(2089858483,d624ce77472d68a35037170ec1d2d27e)
Start importing Assets/Asset/Cartoon Temple Building Kit/Prefabs/Ground + Prefabs/Ground + Dark Flat Prefabs/Ground + Dark 2x2 Flat.prefab using Guid(bda2739b72e08514aafdc5048af9965e) Importer(2089858483,d624ce77472d68a35037170ec1d2d27e) (ScriptedImporter) -> (artifact id: '2a8ff50b62a461c7d8cbf8ddfb66f2be') in 0.0086298 seconds
Number of updated asset objects reloaded before import = 0Number of asset objects unloaded after import = 8

========================================================================
Received Import Request.
  Time since last request: 0.000013 seconds.
  path: Assets/Asset/Cartoon Temple Building Kit/Fbx/Ground X/Ground X Mix/Ground X Mix 4x1.fbx
  artifactKey: Guid(30a0d1611be98b14ba46dd76e05f5ed9) Importer(2089858483,d624ce77472d68a35037170ec1d2d27e)
Start importing Assets/Asset/Cartoon Temple Building Kit/Fbx/Ground X/Ground X Mix/Ground X Mix 4x1.fbx using Guid(30a0d1611be98b14ba46dd76e05f5ed9) Importer(2089858483,d624ce77472d68a35037170ec1d2d27e) (ScriptedImporter) -> (artifact id: 'e95c8ac589fa2eb83ee51a7eecdad611') in 0.0164475 seconds
Number of updated asset objects reloaded before import = 0Number of asset objects unloaded after import = 8

========================================================================
Received Import Request.
  Time since last request: 0.000013 seconds.
  path: Assets/Asset/Standard Assets/CrossPlatformInput/Sprites/ButtonTimescaleSlowUpSprite.png
  artifactKey: Guid(9d7c6e4896067aa4fa512a00f692ac1c) Importer(2089858483,d624ce77472d68a35037170ec1d2d27e)
Start importing Assets/Asset/Standard Assets/CrossPlatformInput/Sprites/ButtonTimescaleSlowUpSprite.png using Guid(9d7c6e4896067aa4fa512a00f692ac1c) Importer(2089858483,d624ce77472d68a35037170ec1d2d27e) (ScriptedImporter) -> (artifact id: '757ceea8f049447ff46be04516c7b89d') in 0.0142861 seconds
Number of updated asset objects reloaded before import = 0Number of asset objects unloaded after import = 3

========================================================================
Received Import Request.
  Time since last request: 0.000022 seconds.
  path: Assets/Asset/Simple UI/Simple Vector Icons/128px/UI_Icon_Save1.png
  artifactKey: Guid(fb278a98590f648e99b37ae8a043859b) Importer(2089858483,d624ce77472d68a35037170ec1d2d27e)
Start importing Assets/Asset/Simple UI/Simple Vector Icons/128px/UI_Icon_Save1.png using Guid(fb278a98590f648e99b37ae8a043859b) Importer(2089858483,d624ce77472d68a35037170ec1d2d27e) (ScriptedImporter) -> (artifact id: '426977d7bebe21878a2c96da6c01f711') in 0.0125905 seconds
Number of updated asset objects reloaded before import = 0Number of asset objects unloaded after import = 3

========================================================================
Received Import Request.
  Time since last request: 0.000017 seconds.
  path: Assets/Asset/FarlandSkies/Skyboxes/CloudyCrown_05_Daybreak/Textures/CloudyCrown_Daybreak_Up.png
  artifactKey: Guid(2037768ff8c6b6845a0eac7217b4ba18) Importer(2089858483,d624ce77472d68a35037170ec1d2d27e)
Start importing Assets/Asset/FarlandSkies/Skyboxes/CloudyCrown_05_Daybreak/Textures/CloudyCrown_Daybreak_Up.png using Guid(2037768ff8c6b6845a0eac7217b4ba18) Importer(2089858483,d624ce77472d68a35037170ec1d2d27e) (ScriptedImporter) -> (artifact id: '6bf70cb32e3dd9be3c9129a8d3029cd0') in 0.0156259 seconds
Number of updated asset objects reloaded before import = 0Number of asset objects unloaded after import = 1

========================================================================
Received Import Request.
  Time since last request: 0.000024 seconds.
  path: Assets/Asset/Simple UI/Simple Vector Icons/128px/UI_Icon_Edit.png
  artifactKey: Guid(9be9ae48cea07404ba22e29fee9554ef) Importer(2089858483,d624ce77472d68a35037170ec1d2d27e)
Start importing Assets/Asset/Simple UI/Simple Vector Icons/128px/UI_Icon_Edit.png using Guid(9be9ae48cea07404ba22e29fee9554ef) Importer(2089858483,d624ce77472d68a35037170ec1d2d27e) (ScriptedImporter) -> (artifact id: '72c2f810a4b291f17e8cb68f21b76830') in 0.0129567 seconds
Number of updated asset objects reloaded before import = 0Number of asset objects unloaded after import = 3

========================================================================
Received Import Request.
  Time since last request: 0.000013 seconds.
  path: Assets/GoogleMobileAds/Editor/Resources/PlaceholderAds/Interstitials/768x1024.prefab
  artifactKey: Guid(9e579ef4793d34e79be6a216c0b67d78) Importer(2089858483,d624ce77472d68a35037170ec1d2d27e)
Start importing Assets/GoogleMobileAds/Editor/Resources/PlaceholderAds/Interstitials/768x1024.prefab using Guid(9e579ef4793d34e79be6a216c0b67d78) Importer(2089858483,d624ce77472d68a35037170ec1d2d27e) (ScriptedImporter) -> (artifact id: '77231dc55e3913ab54bd743019ba16e8') in 0.009819 seconds
Number of updated asset objects reloaded before import = 0Number of asset objects unloaded after import = 26

========================================================================
Received Import Request.
  Time since last request: 0.000013 seconds.
  path: Assets/Asset/Cartoon Temple Building Kit/Fbx/Ground +/Ground + Mix Flat/Ground + Mix 4x8 Flat.fbx
  artifactKey: Guid(75cd1de9520893b40ac2cf09eb8966d7) Importer(2089858483,d624ce77472d68a35037170ec1d2d27e)
Start importing Assets/Asset/Cartoon Temple Building Kit/Fbx/Ground +/Ground + Mix Flat/Ground + Mix 4x8 Flat.fbx using Guid(75cd1de9520893b40ac2cf09eb8966d7) Importer(2089858483,d624ce77472d68a35037170ec1d2d27e) (ScriptedImporter) -> (artifact id: 'fbc3b86c85dc006383282ef02636d47c') in 0.0134606 seconds
Number of updated asset objects reloaded before import = 0Number of asset objects unloaded after import = 8

========================================================================
Received Import Request.
  Time since last request: 0.000014 seconds.
  path: Assets/Asset/Cartoon Temple Building Kit/Prefabs/Ground X Prefabs/Ground X Mix Flat Prefabs/Ground X Mix Flat 2x1.prefab
  artifactKey: Guid(2fe447d6560aed440b02949d39dddcdf) Importer(2089858483,d624ce77472d68a35037170ec1d2d27e)
Start importing Assets/Asset/Cartoon Temple Building Kit/Prefabs/Ground X Prefabs/Ground X Mix Flat Prefabs/Ground X Mix Flat 2x1.prefab using Guid(2fe447d6560aed440b02949d39dddcdf) Importer(2089858483,d624ce77472d68a35037170ec1d2d27e) (ScriptedImporter) -> (artifact id: '4d2d2ee04d4e10598a84b885f7eca1cc') in 0.0083503 seconds
Number of updated asset objects reloaded before import = 0Number of asset objects unloaded after import = 8

========================================================================
Received Import Request.
  Time since last request: 0.000016 seconds.
  path: Assets/Asset/Cartoon Temple Building Kit/Prefabs/Ground X Prefabs/Ground X Dark Flat Prefabs/Ground X Dark Flat 2x2.prefab
  artifactKey: Guid(dab6d80b4d197184b98f8e6de12d3ad6) Importer(2089858483,d624ce77472d68a35037170ec1d2d27e)
Start importing Assets/Asset/Cartoon Temple Building Kit/Prefabs/Ground X Prefabs/Ground X Dark Flat Prefabs/Ground X Dark Flat 2x2.prefab using Guid(dab6d80b4d197184b98f8e6de12d3ad6) Importer(2089858483,d624ce77472d68a35037170ec1d2d27e) (ScriptedImporter) -> (artifact id: 'bb669d89ffe5e3169ea4eaf691c7e4cd') in 0.0100027 seconds
Number of updated asset objects reloaded before import = 0Number of asset objects unloaded after import = 8

========================================================================
Received Import Request.
  Time since last request: 0.000015 seconds.
  path: Assets/Asset/Cartoon Temple Building Kit/Prefabs/Platforms Stairs Fences Prefabs/Fences Prefabs/Fence Dark Corner Block.prefab
  artifactKey: Guid(ad455ddc5a34c08489338893d00df2ad) Importer(2089858483,d624ce77472d68a35037170ec1d2d27e)
Start importing Assets/Asset/Cartoon Temple Building Kit/Prefabs/Platforms Stairs Fences Prefabs/Fences Prefabs/Fence Dark Corner Block.prefab using Guid(ad455ddc5a34c08489338893d00df2ad) Importer(2089858483,d624ce77472d68a35037170ec1d2d27e) (ScriptedImporter) -> (artifact id: '542316b48472972c5ad0de3be2fc4f94') in 0.0083015 seconds
Number of updated asset objects reloaded before import = 0Number of asset objects unloaded after import = 8

========================================================================
Received Import Request.
  Time since last request: 0.000013 seconds.
  path: Assets/Asset/Simple UI/Simple Vector Icons/128px/UI_Icon_Heart.png
  artifactKey: Guid(7d0300708d0334da0ab356e0b81be9c5) Importer(2089858483,d624ce77472d68a35037170ec1d2d27e)
Start importing Assets/Asset/Simple UI/Simple Vector Icons/128px/UI_Icon_Heart.png using Guid(7d0300708d0334da0ab356e0b81be9c5) Importer(2089858483,d624ce77472d68a35037170ec1d2d27e) (ScriptedImporter) -> (artifact id: 'f1e7527233bff684eb2821eb62c5b570') in 0.0131261 seconds
Number of updated asset objects reloaded before import = 0Number of asset objects unloaded after import = 3

========================================================================
Received Import Request.
  Time since last request: 0.000016 seconds.
  path: Assets/Asset/Cartoon Temple Building Kit/Prefabs/Ground X Prefabs/Ground X Dark Flat Prefabs/Ground X Dark Flat 4x1.prefab
  artifactKey: Guid(b8a88d47f42fb904788ae0f3b4ee2950) Importer(2089858483,d624ce77472d68a35037170ec1d2d27e)
Start importing Assets/Asset/Cartoon Temple Building Kit/Prefabs/Ground X Prefabs/Ground X Dark Flat Prefabs/Ground X Dark Flat 4x1.prefab using Guid(b8a88d47f42fb904788ae0f3b4ee2950) Importer(2089858483,d624ce77472d68a35037170ec1d2d27e) (ScriptedImporter) -> (artifact id: 'c4aa344f563d431019e9eb6b6ba01d1b') in 0.0123061 seconds
Number of updated asset objects reloaded before import = 0Number of asset objects unloaded after import = 8

========================================================================
Received Import Request.
  Time since last request: 0.000014 seconds.
  path: Assets/Asset/Simple UI/Simple Vector Icons/128px/UI_Icon_Pause.png
  artifactKey: Guid(0adda4eeb38b84d18ac75a595c851ba1) Importer(2089858483,d624ce77472d68a35037170ec1d2d27e)
Start importing Assets/Asset/Simple UI/Simple Vector Icons/128px/UI_Icon_Pause.png using Guid(0adda4eeb38b84d18ac75a595c851ba1) Importer(2089858483,d624ce77472d68a35037170ec1d2d27e) (ScriptedImporter) -> (artifact id: 'f16dc62ae2a80cc9c1cba091165fb5ca') in 0.011904 seconds
Number of updated asset objects reloaded before import = 0Number of asset objects unloaded after import = 3

========================================================================
Received Import Request.
  Time since last request: 0.000013 seconds.
  path: Assets/Asset/Cartoon Temple Building Kit/Prefabs/Ground X Prefabs/Ground X Bright Flat Prefabs/Ground X Bright Flat 1x8.prefab
  artifactKey: Guid(a2b6295959c6fcb45a0b4c434d3ad65d) Importer(2089858483,d624ce77472d68a35037170ec1d2d27e)
Start importing Assets/Asset/Cartoon Temple Building Kit/Prefabs/Ground X Prefabs/Ground X Bright Flat Prefabs/Ground X Bright Flat 1x8.prefab using Guid(a2b6295959c6fcb45a0b4c434d3ad65d) Importer(2089858483,d624ce77472d68a35037170ec1d2d27e) (ScriptedImporter) -> (artifact id: '55b4f11ab5bb337c1db56cf522721ff6') in 0.0089515 seconds
Number of updated asset objects reloaded before import = 0Number of asset objects unloaded after import = 8

========================================================================
Received Import Request.
  Time since last request: 0.000016 seconds.
  path: Assets/Asset/Cartoon Temple Building Kit/Prefabs/Ground + Prefabs/Ground + Bright Prefabs/Ground + Bright 1x4.prefab
  artifactKey: Guid(aaa47ceccafd0e04290c6bf77cf7c610) Importer(2089858483,d624ce77472d68a35037170ec1d2d27e)
Start importing Assets/Asset/Cartoon Temple Building Kit/Prefabs/Ground + Prefabs/Ground + Bright Prefabs/Ground + Bright 1x4.prefab using Guid(aaa47ceccafd0e04290c6bf77cf7c610) Importer(2089858483,d624ce77472d68a35037170ec1d2d27e) (ScriptedImporter) -> (artifact id: 'edccad7a65d6f2218f673320a9a8100a') in 0.0105214 seconds
Number of updated asset objects reloaded before import = 0Number of asset objects unloaded after import = 8

========================================================================
Received Import Request.
  Time since last request: 0.000016 seconds.
  path: Assets/Asset/Cartoon Temple Building Kit/Fbx/Single cubes/Materials/Cartoon Temple Builder Kit.mat
  artifactKey: Guid(9d9896d3c13500f41a364416a4440f38) Importer(2089858483,d624ce77472d68a35037170ec1d2d27e)
Start importing Assets/Asset/Cartoon Temple Building Kit/Fbx/Single cubes/Materials/Cartoon Temple Builder Kit.mat using Guid(9d9896d3c13500f41a364416a4440f38) Importer(2089858483,d624ce77472d68a35037170ec1d2d27e) (ScriptedImporter) -> (artifact id: 'c7fdb1e525069d0648474471d21938b0') in 0.0073623 seconds
Number of updated asset objects reloaded before import = 0Number of asset objects unloaded after import = 2

========================================================================
Received Import Request.
  Time since last request: 0.000013 seconds.
  path: Assets/Asset/Standard Assets/Characters/RollerBall/Materials/RollerBallGrey.mat
  artifactKey: Guid(6fd099d339b4ae34692c8258e4f87531) Importer(2089858483,d624ce77472d68a35037170ec1d2d27e)
Start importing Assets/Asset/Standard Assets/Characters/RollerBall/Materials/RollerBallGrey.mat using Guid(6fd099d339b4ae34692c8258e4f87531) Importer(2089858483,d624ce77472d68a35037170ec1d2d27e) (ScriptedImporter) -> (artifact id: 'd3d907e43d164deb95a19b81b3b0254c') in 0.0051002 seconds
Number of updated asset objects reloaded before import = 0Number of asset objects unloaded after import = 1

========================================================================
Received Import Request.
  Time since last request: 0.000032 seconds.
  path: Assets/Asset/Cartoon Temple Building Kit/Fbx/Ground +/Ground + Mix/Ground + Mix 4x8.fbx
  artifactKey: Guid(3e8b797fbe0493f4fa353dcb297b8084) Importer(2089858483,d624ce77472d68a35037170ec1d2d27e)
Start importing Assets/Asset/Cartoon Temple Building Kit/Fbx/Ground +/Ground + Mix/Ground + Mix 4x8.fbx using Guid(3e8b797fbe0493f4fa353dcb297b8084) Importer(2089858483,d624ce77472d68a35037170ec1d2d27e) (ScriptedImporter) -> (artifact id: '997d2c36611e0228eb5eafa722b6b523') in 0.0148728 seconds
Number of updated asset objects reloaded before import = 0Number of asset objects unloaded after import = 8

========================================================================
Received Import Request.
  Time since last request: 0.000013 seconds.
  path: Assets/Asset/Simple UI/Simple Vector Icons/128px/UI_Icon_GenderMale1.png
  artifactKey: Guid(7854c5ee07b074e4a89f23651781930a) Importer(2089858483,d624ce77472d68a35037170ec1d2d27e)
Start importing Assets/Asset/Simple UI/Simple Vector Icons/128px/UI_Icon_GenderMale1.png using Guid(7854c5ee07b074e4a89f23651781930a) Importer(2089858483,d624ce77472d68a35037170ec1d2d27e) (ScriptedImporter) -> (artifact id: '00aadb125c78e13c13b4384e69faa1e2') in 0.0191276 seconds
Number of updated asset objects reloaded before import = 0Number of asset objects unloaded after import = 3

========================================================================
Received Import Request.
  Time since last request: 0.000013 seconds.
  path: Assets/Asset/Simple UI/Simple Vector Icons/128px/UI_Icon_Location.png
  artifactKey: Guid(348c0058fec5040f293b6731a46e86a2) Importer(2089858483,d624ce77472d68a35037170ec1d2d27e)
Start importing Assets/Asset/Simple UI/Simple Vector Icons/128px/UI_Icon_Location.png using Guid(348c0058fec5040f293b6731a46e86a2) Importer(2089858483,d624ce77472d68a35037170ec1d2d27e) (ScriptedImporter) -> (artifact id: '1538b4e4c723299a7901ec14bc055fb7') in 0.0115226 seconds
Number of updated asset objects reloaded before import = 0Number of asset objects unloaded after import = 3

========================================================================
Received Import Request.
  Time since last request: 0.000012 seconds.
  path: Assets/Asset/Cartoon Temple Building Kit/Prefabs/Platforms Stairs Fences Prefabs/Platforms Prefabs/Platform 1x9x13.prefab
  artifactKey: Guid(dfd60089aebc9f248980dd7d3da0a3dd) Importer(2089858483,d624ce77472d68a35037170ec1d2d27e)
Start importing Assets/Asset/Cartoon Temple Building Kit/Prefabs/Platforms Stairs Fences Prefabs/Platforms Prefabs/Platform 1x9x13.prefab using Guid(dfd60089aebc9f248980dd7d3da0a3dd) Importer(2089858483,d624ce77472d68a35037170ec1d2d27e) (ScriptedImporter) -> (artifact id: '4d6694854e207b5f8cdd93c14eca9b6b') in 0.008214 seconds
Number of updated asset objects reloaded before import = 0Number of asset objects unloaded after import = 8

========================================================================
Received Import Request.
  Time since last request: 0.000012 seconds.
  path: Assets/Asset/Simple UI/Simple Vector Icons/128px/UI_Icon_Like.png
  artifactKey: Guid(444bc4695230a4b8c9d121a234316ee1) Importer(2089858483,d624ce77472d68a35037170ec1d2d27e)
Start importing Assets/Asset/Simple UI/Simple Vector Icons/128px/UI_Icon_Like.png using Guid(444bc4695230a4b8c9d121a234316ee1) Importer(2089858483,d624ce77472d68a35037170ec1d2d27e) (ScriptedImporter) -> (artifact id: '1b65681a93440d797579a3041201f357') in 0.013451 seconds
Number of updated asset objects reloaded before import = 0Number of asset objects unloaded after import = 3

========================================================================
Received Import Request.
  Time since last request: 0.000014 seconds.
  path: Assets/Asset/Simple UI/Simple Vector Icons/128px/UI_Icon_CurrencyEuro.png
  artifactKey: Guid(92bc0b906d95648b48dbf45941e6ca47) Importer(2089858483,d624ce77472d68a35037170ec1d2d27e)
Start importing Assets/Asset/Simple UI/Simple Vector Icons/128px/UI_Icon_CurrencyEuro.png using Guid(92bc0b906d95648b48dbf45941e6ca47) Importer(2089858483,d624ce77472d68a35037170ec1d2d27e) (ScriptedImporter) -> (artifact id: 'eccb522c005e0bbe2a8f4638bed341df') in 0.0131902 seconds
Number of updated asset objects reloaded before import = 0Number of asset objects unloaded after import = 3

========================================================================
Received Import Request.
  Time since last request: 0.000016 seconds.
  path: Assets/Asset/Standard Assets/CrossPlatformInput/Sprites/ButtonArrowUpSprite.png
  artifactKey: Guid(4db017495c69e8140a56a0e2b669e3f8) Importer(2089858483,d624ce77472d68a35037170ec1d2d27e)
Start importing Assets/Asset/Standard Assets/CrossPlatformInput/Sprites/ButtonArrowUpSprite.png using Guid(4db017495c69e8140a56a0e2b669e3f8) Importer(2089858483,d624ce77472d68a35037170ec1d2d27e) (ScriptedImporter) -> (artifact id: '4bb7a0ad0d50afe92e950bcae4a229c1') in 0.0113435 seconds
Number of updated asset objects reloaded before import = 0Number of asset objects unloaded after import = 3

========================================================================
Received Import Request.
  Time since last request: 0.000018 seconds.
  path: Assets/Asset/Cartoon Temple Building Kit/Prefabs/Ground X Prefabs/Ground X Dark Prefabs/Ground X Dark 2x1.prefab
  artifactKey: Guid(469b0b0d07e2f2348ac373c2e6553f93) Importer(2089858483,d624ce77472d68a35037170ec1d2d27e)
Start importing Assets/Asset/Cartoon Temple Building Kit/Prefabs/Ground X Prefabs/Ground X Dark Prefabs/Ground X Dark 2x1.prefab using Guid(469b0b0d07e2f2348ac373c2e6553f93) Importer(2089858483,d624ce77472d68a35037170ec1d2d27e) (ScriptedImporter) -> (artifact id: 'cb1e9559790e75dd988084f463d870a5') in 0.007729 seconds
Number of updated asset objects reloaded before import = 0Number of asset objects unloaded after import = 8

========================================================================
Received Import Request.
  Time since last request: 0.000017 seconds.
  path: Assets/Asset/Cartoon Temple Building Kit/Prefabs/Platforms Stairs Fences Prefabs/Platforms Prefabs/Platform 2x7x7.prefab
  artifactKey: Guid(c6110f31e3558cf45b0f2e2a22ed6299) Importer(2089858483,d624ce77472d68a35037170ec1d2d27e)
Start importing Assets/Asset/Cartoon Temple Building Kit/Prefabs/Platforms Stairs Fences Prefabs/Platforms Prefabs/Platform 2x7x7.prefab using Guid(c6110f31e3558cf45b0f2e2a22ed6299) Importer(2089858483,d624ce77472d68a35037170ec1d2d27e) (ScriptedImporter) -> (artifact id: 'fbba14278b8d5488e7702c8c79569ce4') in 0.0095616 seconds
Number of updated asset objects reloaded before import = 0Number of asset objects unloaded after import = 8

========================================================================
Received Import Request.
  Time since last request: 0.000013 seconds.
  path: Assets/Asset/Cartoon Temple Building Kit/Prefabs/Platforms Stairs Fences Prefabs/Platforms With Fence Prefabs/Platform Fence 2x7x7.prefab
  artifactKey: Guid(7669a0789790ecb4480d6fbcbe922158) Importer(2089858483,d624ce77472d68a35037170ec1d2d27e)
Start importing Assets/Asset/Cartoon Temple Building Kit/Prefabs/Platforms Stairs Fences Prefabs/Platforms With Fence Prefabs/Platform Fence 2x7x7.prefab using Guid(7669a0789790ecb4480d6fbcbe922158) Importer(2089858483,d624ce77472d68a35037170ec1d2d27e) (ScriptedImporter) -> (artifact id: 'efb0782f77f242cd4d5cca8bbd9ba096') in 0.0075495 seconds
Number of updated asset objects reloaded before import = 0Number of asset objects unloaded after import = 8

========================================================================
Received Import Request.
  Time since last request: 0.000015 seconds.
  path: Assets/Asset/Cartoon Temple Building Kit/Fbx/Ground X/Ground X Dark Flat/Ground X Dark Flat 1x2.fbx
  artifactKey: Guid(0f72c08e4f26c9b4d941c1dacb6258f4) Importer(2089858483,d624ce77472d68a35037170ec1d2d27e)
Start importing Assets/Asset/Cartoon Temple Building Kit/Fbx/Ground X/Ground X Dark Flat/Ground X Dark Flat 1x2.fbx using Guid(0f72c08e4f26c9b4d941c1dacb6258f4) Importer(2089858483,d624ce77472d68a35037170ec1d2d27e) (ScriptedImporter) -> (artifact id: '9ff36ef60fc9322657a377e5611d5280') in 0.0161368 seconds
Number of updated asset objects reloaded before import = 0Number of asset objects unloaded after import = 8

========================================================================
Received Prepare
Begin MonoManager ReloadAssembly
[Licensing::Client] Successfully resolved entitlement details
[Licensing::Module] License group:
  Id: F4-G4K8-TRJR-MNCK-3D9U-XXXX
  Product: Unity Personal
  Type: ULF
  Expiration: Unlimited
[Licensing::Module] License group:
  Id: 5920867-UnityPersXXXX
  Product: Unity Personal
  Type: Assigned
  Expiration: Unlimited
- Loaded All Assemblies, in  0.651 seconds
Refreshing native plugins compatible for Editor in 1.67 ms, found 3 plugins.
Native extension for Android target not found
Native extension for WindowsStandalone target not found
[Package Manager] Failed to launch server process. Reason: Unity was launched with the -noUpm command-line argument
[Package Manager] Unable to send message (not connected to server process).
[Package Manager] Cannot connect to Unity Package Manager local server
ScheduleIndexationOnStartup MainProcess:False IndexOnStartup:True
Mono: successfully reloaded assembly
- Finished resetting the current domain, in  0.715 seconds
Domain Reload Profiling: 1363ms
	BeginReloadAssembly (201ms)
		ExecutionOrderSort (0ms)
		DisableScriptedObjects (6ms)
		BackupInstance (0ms)
		ReleaseScriptingObjects (0ms)
		CreateAndSetChildDomain (46ms)
	RebuildCommonClasses (31ms)
	RebuildNativeTypeToScriptingClass (11ms)
	initialDomainReloadingComplete (33ms)
	LoadAllAssembliesAndSetupDomain (370ms)
		LoadAssemblies (342ms)
		RebuildTransferFunctionScriptingTraits (0ms)
		AnalyzeDomain (129ms)
			TypeCache.Refresh (4ms)
				TypeCache.ScanAssembly (0ms)
			BuildScriptInfoCaches (117ms)
			ResolveRequiredComponents (4ms)
	FinalizeReload (716ms)
		ReleaseScriptCaches (0ms)
		RebuildScriptCaches (0ms)
		SetupLoadedEditorAssemblies (602ms)
			LogAssemblyErrors (0ms)
			InitializePlatformSupportModulesInManaged (12ms)
			SetLoadedEditorAssemblies (4ms)
			BeforeProcessingInitializeOnLoad (187ms)
			ProcessInitializeOnLoadAttributes (343ms)
			ProcessInitializeOnLoadMethodAttributes (49ms)
			AfterProcessingInitializeOnLoad (7ms)
			EditorAssembliesLoaded (0ms)
		ExecutionOrderSort2 (0ms)
		AwakeInstancesAfterBackupRestoration (5ms)
Refreshing native plugins compatible for Editor in 2.19 ms, found 3 plugins.
Preloading 0 native plugins for Editor in 0.00 ms.
Unloading 0 Unused Serialized files (Serialized files now loaded: 0)
Unloading 3632 unused Assets / (1.3 MB). Loaded Objects now: 4232.
Memory consumption went from 97.9 MB to 96.6 MB.
Total: 6.385600 ms (FindLiveObjects: 0.342800 ms CreateObjectMapping: 0.215700 ms MarkObjects: 4.684100 ms  DeleteObjects: 1.142100 ms)

Prepare: number of updated asset objects reloaded= 0
========================================================================
Received Prepare
Refreshing native plugins compatible for Editor in 2.01 ms, found 3 plugins.
Preloading 0 native plugins for Editor in 0.00 ms.
Unloading 0 Unused Serialized files (Serialized files now loaded: 0)
Unloading 0 unused Assets / (0 B). Loaded Objects now: 4232.
Memory consumption went from 95.3 MB to 95.3 MB.
Total: 4.615400 ms (FindLiveObjects: 0.205800 ms CreateObjectMapping: 0.072500 ms MarkObjects: 4.331100 ms  DeleteObjects: 0.005400 ms)

Prepare: number of updated asset objects reloaded= 0
AssetImportParameters requested are different than current active one (requested -> active):
  buildTarget: platform 13, subtarget 0, extendedPlatform 0 -> platform 19, subtarget 2, extendedPlatform 0
  graphicsApiMask: 2099200 -> 262148
========================================================================
Received Prepare
Refreshing native plugins compatible for Editor in 3.55 ms, found 3 plugins.
Preloading 0 native plugins for Editor in 0.00 ms.
Unloading 0 Unused Serialized files (Serialized files now loaded: 0)
Unloading 0 unused Assets / (0 B). Loaded Objects now: 4232.
Memory consumption went from 95.3 MB to 95.3 MB.
Total: 9.272900 ms (FindLiveObjects: 0.439900 ms CreateObjectMapping: 0.155000 ms MarkObjects: 8.659600 ms  DeleteObjects: 0.015400 ms)

Prepare: number of updated asset objects reloaded= 0
AssetImportParameters requested are different than current active one (requested -> active):
  buildTarget: platform 13, subtarget 0, extendedPlatform 0 -> platform 19, subtarget 2, extendedPlatform 0
  graphicsApiMask: 2099200 -> 262148
========================================================================
Received Prepare
Begin MonoManager ReloadAssembly
[Licensing::Client] Successfully resolved entitlement details
[Licensing::Module] License group:
  Id: F4-G4K8-TRJR-MNCK-3D9U-XXXX
  Product: Unity Personal
  Type: ULF
  Expiration: Unlimited
[Licensing::Module] License group:
  Id: 5920867-UnityPersXXXX
  Product: Unity Personal
  Type: Assigned
  Expiration: Unlimited
- Loaded All Assemblies, in  0.667 seconds
Refreshing native plugins compatible for Editor in 1.61 ms, found 3 plugins.
Native extension for Android target not found
Native extension for WindowsStandalone target not found
[Package Manager] Failed to launch server process. Reason: Unity was launched with the -noUpm command-line argument
[Package Manager] Unable to send message (not connected to server process).
[Package Manager] Cannot connect to Unity Package Manager local server
ScheduleIndexationOnStartup MainProcess:False IndexOnStartup:True
Mono: successfully reloaded assembly
- Finished resetting the current domain, in  0.667 seconds
Domain Reload Profiling: 1329ms
	BeginReloadAssembly (201ms)
		ExecutionOrderSort (0ms)
		DisableScriptedObjects (6ms)
		BackupInstance (0ms)
		ReleaseScriptingObjects (0ms)
		CreateAndSetChildDomain (44ms)
	RebuildCommonClasses (35ms)
	RebuildNativeTypeToScriptingClass (15ms)
	initialDomainReloadingComplete (30ms)
	LoadAllAssembliesAndSetupDomain (382ms)
		LoadAssemblies (334ms)
		RebuildTransferFunctionScriptingTraits (0ms)
		AnalyzeDomain (153ms)
			TypeCache.Refresh (53ms)
				TypeCache.ScanAssembly (45ms)
			BuildScriptInfoCaches (93ms)
			ResolveRequiredComponents (4ms)
	FinalizeReload (668ms)
		ReleaseScriptCaches (0ms)
		RebuildScriptCaches (0ms)
		SetupLoadedEditorAssemblies (548ms)
			LogAssemblyErrors (0ms)
			InitializePlatformSupportModulesInManaged (10ms)
			SetLoadedEditorAssemblies (4ms)
			BeforeProcessingInitializeOnLoad (186ms)
			ProcessInitializeOnLoadAttributes (302ms)
			ProcessInitializeOnLoadMethodAttributes (39ms)
			AfterProcessingInitializeOnLoad (7ms)
			EditorAssembliesLoaded (0ms)
		ExecutionOrderSort2 (0ms)
		AwakeInstancesAfterBackupRestoration (5ms)
Refreshing native plugins compatible for Editor in 1.74 ms, found 3 plugins.
Preloading 0 native plugins for Editor in 0.00 ms.
Unloading 0 Unused Serialized files (Serialized files now loaded: 0)
Unloading 3630 unused Assets / (0.8 MB). Loaded Objects now: 4233.
Memory consumption went from 97.9 MB to 97.1 MB.
Total: 5.298300 ms (FindLiveObjects: 0.325400 ms CreateObjectMapping: 0.150200 ms MarkObjects: 4.187300 ms  DeleteObjects: 0.634600 ms)

Prepare: number of updated asset objects reloaded= 0
AssetImportParameters requested are different than current active one (requested -> active):
  buildTarget: platform 13, subtarget 0, extendedPlatform 0 -> platform 19, subtarget 2, extendedPlatform 0
  graphicsApiMask: 2099200 -> 262148
